ID,Label,Count
Chess,Chess,45132
winstrike_tv,winstrike_tv,242360
W2S,W2S,33365
epicenter_en1,epicenter_en1,136203
SypherPK,SypherPK,125149
ELoTRiX,ELoTRiX,45425
PowerUpWithPride,PowerUpWithPride,1021
pulgaboy,pulgaboy,24312
Bugha,Bugha,59531
panetty,panetty,16874
Amar,Amar,49105
epic_sh4doweh,epic_sh4doweh,41386
AdmiralBahroo,AdmiralBahroo,42126
coscu,coscu,110474
Quin69,Quin69,60568
StRoGo,StRoGo,44247
Clix,Clix,132383
Xari,Xari,15752
CaptainSparklez,CaptainSparklez,14762
EASPORTSFIFA,EASPORTSFIFA,161599
PapoMC,PapoMC,116808
Castro_1021,Castro_1021,154174
Philza,Philza,91417
loud_thurzin,loud_thurzin,68758
Tfue,Tfue,149527
Jinnytty,Jinnytty,49650
Tubbo,Tubbo,267361
NoWay4u_Sir,NoWay4u_Sir,57568
UNLOSTV,UNLOSTV,88635
ROSHTEIN,ROSHTEIN,74343
StableRonaldo_,StableRonaldo_,127305
tommyinnit,tommyinnit,488522
Gotaga,Gotaga,112137
ludwig,ludwig,205712
Papaplatte,Papaplatte,57942
TinaKitten,TinaKitten,40671
Trymacs,Trymacs,156602
EWROON,EWROON,43945
Fundy,Fundy,37751
GeorgeNotFound,GeorgeNotFound,136967
ManelAkaForce,ManelAkaForce,9050
benjyfishy,benjyfishy,150642
DrLupo,DrLupo,104992
T90Official,T90Official,12476
POW3Rtv,POW3Rtv,46749
itsHafu,itsHafu,81440
blxckoutz,blxckoutz,48171
CohhCarnage,CohhCarnage,171278
Hype,Hype,34174
HasanAbi,HasanAbi,94294
Aydan,Aydan,76082
fps_shaka,fps_shaka,70253
JesusAVGN,JesusAVGN,27479
5uppp,5uppp,74992
DanTDM,DanTDM,13679
KendineMuzisyen,KendineMuzisyen,109884
RocketLeague,RocketLeague,216161
EsfandTV,EsfandTV,62853
Mithrain,Mithrain,52725
HoneyMad,HoneyMad,68436
1PVCS,1PVCS,24218
Jelty,Jelty,47461
BLASTPremier,BLASTPremier,299853
modestal,modestal,30037
SmiteGame,SmiteGame,17873
Agraelus,Agraelus,32344
TeamLiquid,TeamLiquid,7620
Asmongold,Asmongold,211276
Kamet0,Kamet0,34423
chesscomfr,chesscomfr,15068
ArMzi,ArMzi,15511
ibai,ibai,486692
RebeuDeter,RebeuDeter,16442
bratishkinoff,bratishkinoff,65754
moistcr1tikal,moistcr1tikal,128992
Otzdarva,Otzdarva,23547
Yassuo,Yassuo,14120
Shotz,Shotz,19524
Gaules,Gaules,237891
TheRealKnossi,TheRealKnossi,34517
RATIRL,RATIRL,27640
ZeratoR,ZeratoR,49392
LIRIK,LIRIK,126984
sodapoppin,sodapoppin,235509
Dota2RuHub,Dota2RuHub,190882
pqueen,pqueen,45031
LoLArabia,LoLArabia,25661
GothamChess,GothamChess,46554
SNEUX,SNEUX,36766
karljacobs,karljacobs,55204
Hiko,Hiko,62887
balkanevents040,balkanevents040,608
manuelperera19,manuelperera19,2201
LDShadowLady,LDShadowLady,4407
WilburSoot,WilburSoot,50252
Sapnap,Sapnap,10728
QuackityHQ,QuackityHQ,34151
lulu130301,lulu130301,8806
velox,velox,17763
cdewx,cdewx,19749
CasinoDaddy,CasinoDaddy,2441
Chips,Chips,3923
KYR_SP33DY,KYR_SP33DY,8369
ironmouse,ironmouse,7776
SevenGuide44977,SevenGuide44977,720
LeBouseuh,LeBouseuh,42626
Kandyland,Kandyland,2377
henriquehen1,henriquehen1,7444
elded,elded,36917
NickEh30,NickEh30,68102
SquishyMuffinz,SquishyMuffinz,30192
CashApp,CashApp,6340
mailand,mailand,8796
smotriuefa,smotriuefa,174
KRUesports,KRUesports,6612
MrSavage,MrSavage,13946
robert87000,robert87000,7176
c9judite,c9judite,5793
sujagg,sujagg,10670
icebergdotore,icebergdotore,127
Japczan,Japczan,49952
SrElemao,SrElemao,2473
TeePee,TeePee,22521
sacy,sacy,8006
PeuzadaTV,PeuzadaTV,5263
Surefour,Surefour,2503
Tanxlive,Tanxlive,9461
NiteNightKid,NiteNightKid,5108
blanchitooo,blanchitooo,17239
thegameawards,thegameawards,492815
SackziTV,SackziTV,10811
Domingo,Domingo,55608
alelu,alelu,3121
koreshzy,koreshzy,3543
Dota2ruhub3,Dota2ruhub3,3682
TheRealMarzaa,TheRealMarzaa,8726
Justees,Justees,1724
ANGRYPUG,ANGRYPUG,11523
MitchJones,MitchJones,74764
robcdee,robcdee,4873
Maximilian_DOOD,Maximilian_DOOD,64964
Thunder1408,Thunder1408,3886
Swifty,Swifty,3076
Gosu,Gosu,43209
apl247,apl247,96
ElRichMC,ElRichMC,26085
orkenspaltertv,orkenspaltertv,288
TapL,TapL,3979
AsLanMashadoVV,AsLanMashadoVV,12318
SkyshockTV,SkyshockTV,7397
SovietWomble,SovietWomble,9343
Tortita,Tortita,2476
Froggen,Froggen,14619
PAGO3,PAGO3,2985
DropsByPonk,DropsByPonk,2942
Locklear,Locklear,56730
xXxTheFocuSxXx,xXxTheFocuSxXx,6437
relaxing234,relaxing234,38293
Carreraaa,Carreraaa,3572
Fearitself,Fearitself,3544
CapcomFighters,CapcomFighters,2951
ChocolateKieran,ChocolateKieran,336
DreamHackPUBG,DreamHackPUBG,3785
ReventXz,ReventXz,25483
Silky,Silky,20003
TaliaMar,TaliaMar,2771
ElOjoNinja,ElOjoNinja,3741
fl0m,fl0m,3410
aXtLOL,aXtLOL,13263
TwitchKR,TwitchKR,8864
Arcadum,Arcadum,8418
KahBak,KahBak,960
Gaston,Gaston,11395
ErenAktan,ErenAktan,10708
erickthearchitect,erickthearchitect,233
Hitchariide,Hitchariide,1507
Ash_on_LoL,Ash_on_LoL,25508
awesamdude,awesamdude,35291
stevewillsendit,stevewillsendit,13678
MckyTV,MckyTV,2302
SPYGEA,SPYGEA,28188
xth0rek,xth0rek,15452
loud_bradoock,loud_bradoock,3832
TrueGeordie,TrueGeordie,19647
RiceGum,RiceGum,23601
itsRiaad,itsRiaad,2208
Brawlhalla,Brawlhalla,96288
RockstarCR,RockstarCR,3771
AlessiaSanteramo,AlessiaSanteramo,154
yointerneto,yointerneto,7384
Elwind,Elwind,8264
pankylol,pankylol,10141
crokeyz,crokeyz,4936
playapex,playapex,14310
AFazendaTV2,AFazendaTV2,1906
Pelegrino1993,Pelegrino1993,5221
Mobuckets,Mobuckets,3233
kyo1984123,kyo1984123,5104
Maya,Maya,21342
Kaydop,Kaydop,28076
Tourva,Tourva,1770
Alderiate,Alderiate,26464
GronkhTV,GronkhTV,7960
itsRyanHiga,itsRyanHiga,16847
Jahrein,Jahrein,55786
Shaunz,Shaunz,22981
PainLivestream,PainLivestream,3348
Zombie_Barricades,Zombie_Barricades,8995
Dratnos,Dratnos,2384
Criticas_QLS,Criticas_QLS,3745
LukiSteve,LukiSteve,7295
QTCinderella,QTCinderella,12211
HusKerrs,HusKerrs,53025
ShivFPS,ShivFPS,29499
Evelone192,Evelone192,153368
KingGeorge,KingGeorge,10480
Ottomated,Ottomated,4975
BruceDropEmOff,BruceDropEmOff,14561
csgomc_ru,csgomc_ru,22767
nbap2396,nbap2396,17
AvoidingThePuddle,AvoidingThePuddle,14347
theneedledrop,theneedledrop,7770
baaitrl,baaitrl,8677
Valouzz,Valouzz,4338
pubgmobilePT,pubgmobilePT,84
MarkitoNavaja,MarkitoNavaja,27073
Sacriel,Sacriel,5127
RRaenee,RRaenee,12839
BatalhaDaAldeia,BatalhaDaAldeia,1087
MAAU,MAAU,2010
DerNico,DerNico,1640
MoAuba,MoAuba,5965
joniy666,joniy666,70
starsmitten,starsmitten,10051
RebirthzTV,RebirthzTV,7306
CSRuHub,CSRuHub,10973
Polecat324,Polecat324,5133
Mylonzete,Mylonzete,3668
Malevolgi4,Malevolgi4,563
MissaSinfonia,MissaSinfonia,48993
Chica,Chica,25425
GernaderJake,GernaderJake,3090
Atrioc,Atrioc,17060
EasyAllies,EasyAllies,3148
pokelawls,pokelawls,38700
ChristianVieriOfficial,ChristianVieriOfficial,20471
ixxYjYxxi,ixxYjYxxi,12818
iamSometimes,iamSometimes,2157
Albralelie,Albralelie,4918
WePlayUFL,WePlayUFL,4415
Spaceboy,Spaceboy,1505
DrFeelgood,DrFeelgood,6800
Rumathra,Rumathra,11113
elwycco,elwycco,21334
Reetlol,Reetlol,16444
RatedEpicz,RatedEpicz,23244
DavidDobrik,DavidDobrik,14960
Cupahnoodle,Cupahnoodle,875
chessbrah,chessbrah,3841
DarioMocciaTwitch,DarioMocciaTwitch,24422
des0ut,des0ut,13836
zackrawrr,zackrawrr,61633
BikiniBodhi,BikiniBodhi,6944
ClintStevens,ClintStevens,29402
TommyPervan,TommyPervan,4127
richwcampbell,richwcampbell,9587
AhriNyan,AhriNyan,46073
SkyrrozTV,SkyrrozTV,25562
mount,mount,7679
icebergdotoxz,icebergdotoxz,506
Thebausffs,Thebausffs,5399
supertf,supertf,15845
LEGOO,LEGOO,12018
JeelTV,JeelTV,16673
mrstiventc,mrstiventc,35887
NickiTaylor,NickiTaylor,6593
fifa_football_12388,fifa_football_12388,2689
Northernlion,Northernlion,13589
FogoQueimado,FogoQueimado,5419
BaboAbe,BaboAbe,18599
bronny,bronny,7265
YoDa,YoDa,95853
midbeast,midbeast,24532
DasValdez,DasValdez,1551
tarik,tarik,21064
LVPes,LVPes,16388
JLBichouu,JLBichouu,5405
loud_bak,loud_bak,78329
Firebat,Firebat,1804
Move_Mind,Move_Mind,7539
forever,forever,21989
Reborn_Live,Reborn_Live,54505
rewinside,rewinside,24200
AnniTheDuck,AnniTheDuck,7609
unsympathisch_tv,unsympathisch_tv,17053
limit_maximum,limit_maximum,61321
Ohmwrecker,Ohmwrecker,3832
jamside,jamside,1413
bateson87,bateson87,20443
Frosty_TV,Frosty_TV,3513
Tomato,Tomato,8632
BobbyPoffGaming,BobbyPoffGaming,1106
CyberRulzTv,CyberRulzTv,8961
Drjayfisto,Drjayfisto,8617
Elspeth,Elspeth,269
finalfantasyxiv,finalfantasyxiv,9095
BeyondTheSummit,BeyondTheSummit,31232
Sardoche,Sardoche,80509
Vadeal,Vadeal,4412
zwebackhd,zwebackhd,6957
Elraenn,Elraenn,131226
Rekkles,Rekkles,89764
DreamHackCS2,DreamHackCS2,3189
Markiplier,Markiplier,33159
iiTzTimmy,iiTzTimmy,1832
MuTeX,MuTeX,43093
Sjow,Sjow,8654
Elajjaz,Elajjaz,19875
Maxi,Maxi,3970
obervateursdecomplots,obervateursdecomplots,1246
keanelol,keanelol,11285
TEBtv3,TEBtv3,3540
Jinyunn,Jinyunn,2997
casimito,casimito,22421
Xaryu,Xaryu,4239
Tyceno,Tyceno,25609
JustGaBBo,JustGaBBo,8790
Faker,Faker,89255
AsmodaiTV,AsmodaiTV,16025
Madzzy,Madzzy,1237
bnans,bnans,17576
Etalyx,Etalyx,6525
LeeboyJunior,LeeboyJunior,6184
Anna_Chess,Anna_Chess,2332
RayNarvaezJr,RayNarvaezJr,7338
CaptainPuffy,CaptainPuffy,28180
imaqtpie,imaqtpie,4620
izblooming,izblooming,3750
sashagrey,sashagrey,12870
Cellbit,Cellbit,97012
Towelliee,Towelliee,15652
notmes,notmes,13040
Meikodboy_,Meikodboy_,5932
loud_gs,loud_gs,2858
takeshi,takeshi,2778
RealMadrid,RealMadrid,353
ybicanoooobov,ybicanoooobov,26016
Emzia,Emzia,1031
fer,fer,12003
tinowns,tinowns,17902
Nihachu,Nihachu,58677
FeliciaDay,FeliciaDay,2812
JrokezFTW,JrokezFTW,9203
CDNThe3rd,CDNThe3rd,3033
Masayoshi,Masayoshi,12848
pokanoname,pokanoname,43917
by_Owl,by_Owl,5623
BadBoyHalo,BadBoyHalo,50683
CallMeCarsonLIVE,CallMeCarsonLIVE,28838
OGADotaPIT,OGADotaPIT,32209
juansguarnizo,juansguarnizo,223771
dakotaz,dakotaz,48669
Mongraal,Mongraal,33673
stylishnoob4,stylishnoob4,54317
mistermv,mistermv,66253
lilypichu,lilypichu,38638
KayaYanar,KayaYanar,5557
RanbooLive,RanbooLive,18793
VERNI_SHAVERMY,VERNI_SHAVERMY,4341
Maghla,Maghla,6757
nicklink,nicklink,2200
aroyitt,aroyitt,31877
Stray228,Stray228,54802
BlackDesertOnlineOfficial,BlackDesertOnlineOfficial,7217
Laink,Laink,15127
alexjacked,alexjacked,1007
MmarianaAlpha,MmarianaAlpha,8807
SuppyColleen,SuppyColleen,4348
GMBenjaminFinegold,GMBenjaminFinegold,1427
Nephtunie,Nephtunie,4334
GAECHKATM,GAECHKATM,3796
PointCrow,PointCrow,3372
Steelmage,Steelmage,8105
JERICHO,JERICHO,5217
sogromnymherom,sogromnymherom,156
NayLunna,NayLunna,100
wfan,wfan,62
GorilaNerd,GorilaNerd,147
PCH3LK1N,PCH3LK1N,10953
TdUpGolf,TdUpGolf,493
momonkunn,momonkunn,25223
WeAreTheVR,WeAreTheVR,16859
fourcolorzack,fourcolorzack,685
sukiyuki3,sukiyuki3,7640
ElcanaldeJoaco,ElcanaldeJoaco,13531
SmallAnt,SmallAnt,23019
Chap,Chap,4647
TrilluXe,TrilluXe,23730
Zeitnotlol,Zeitnotlol,4250
Lineage2Russia,Lineage2Russia,2407
melina,melina,30874
Fextralife,Fextralife,61000
boyMinORu,boyMinORu,22528
Ayellol,Ayellol,4187
AgenteMaxo,AgenteMaxo,10440
Criken,Criken,4348
Yoshi93,Yoshi93,4937
jordy2d,jordy2d,3092
Lory,Lory,1139
Momo,Momo,9797
AdrianFartade,AdrianFartade,6760
w0xic,w0xic,8340
JohnnyBoi_i,JohnnyBoi_i,19852
IWillDominate,IWillDominate,7991
iLame,iLame,21361
Jirayalecochon,Jirayalecochon,6262
PatoPapao,PatoPapao,7431
4freakshow,4freakshow,33697
XenosysVex,XenosysVex,5019
BobRoss,BobRoss,7377
Hungrybox,Hungrybox,4532
Tommey,Tommey,1755
CoreJJ,CoreJJ,7253
buddha,buddha,4151
FiReSPORTStv,FiReSPORTStv,3949
ortoPilot,ortoPilot,13821
Insomniac,Insomniac,6432
ops1x,ops1x,42753
SmartAIPoker,SmartAIPoker,19
Scripe,Scripe,2999
Alliestrasza,Alliestrasza,2101
djrayraytaiwan,djrayraytaiwan,1602
Complex,Complex,77
ScreaM,ScreaM,5127
INFINITE_SGE,INFINITE_SGE,1720
AntoineDanielLive,AntoineDanielLive,43705
BarbarousKing,BarbarousKing,6541
liraofc,liraofc,3894
vitussbrihutva,vitussbrihutva,31
Teamot,Teamot,350
BigBrotherBrasil2021,BigBrotherBrasil2021,4530
g2perkz,g2perkz,63055
BikeMan,BikeMan,3584
dogdog,dogdog,34414
Ninja,Ninja,167501
KarasMai,KarasMai,14338
nyanners,nyanners,11924
LVNDMARK,LVNDMARK,49431
Squeezie,Squeezie,86668
FantaBobShow,FantaBobShow,4237
NeVeR_LosEs,NeVeR_LosEs,12094
archangel_hs,archangel_hs,9984
momoladinastia,momoladinastia,9072
elmundofortnite,elmundofortnite,106
boxbox,boxbox,13891
Genburten,Genburten,2749
Rogue,Rogue,23636
Toqtir,Toqtir,17944
KAPO_013_BARCELONA,KAPO_013_BARCELONA,21217
Captainflowers22,Captainflowers22,7368
aceu,aceu,54230
Rubsarb,Rubsarb,2372
BarcaGamer,BarcaGamer,28803
JojoHF,JojoHF,2855
ALOHADANCETV,ALOHADANCETV,4989
Estrupa27,Estrupa27,633
Stanz,Stanz,7864
GamesDoneQuick,GamesDoneQuick,3637
iNoiizY,iNoiizY,2086
Sydeon,Sydeon,1981
lol_nemesis,lol_nemesis,10207
egorkreedlu,egorkreedlu,504
AyarBaffo,AyarBaffo,8864
NAKOO_Fn,NAKOO_Fn,1494
yvonnie,yvonnie,7236
metagame,metagame,24620
UFC,UFC,1092
Myth,Myth,6247
Jerma985,Jerma985,30356
keiozin,keiozin,8269
DavyJones,DavyJones,72690
gafallen,gafallen,37168
melharucos,melharucos,20827
PrimeVideo,PrimeVideo,25467
buster,buster,142837
hmattTV,hmattTV,4874
dinablin,dinablin,15428
LuluLuvely,LuluLuvely,18387
Sequisha,Sequisha,7091
zombs,zombs,1871
Unboxholics,Unboxholics,19493
Replays,Replays,12586
karavay46,karavay46,12402
Eray,Eray,21746
fuslie,fuslie,32076
nilojeda,nilojeda,2839
boomiexd,boomiexd,11216
Dekarldent,Dekarldent,4238
Twayko,Twayko,3297
physicalgamerz,physicalgamerz,4312
GradyWhite_,GradyWhite_,17651
ElSpreen,ElSpreen,4179
loud_babi,loud_babi,25447
ONSCREEN,ONSCREEN,6512
egorkreedse,egorkreedse,506
957thegame,957thegame,49
sneakylol,sneakylol,32670
Carlitus,Carlitus,853
IzakOOO,IzakOOO,9175
Annoying,Annoying,13889
Doigby,Doigby,31589
holak1337,holak1337,9649
noonebossfs,noonebossfs,84
DreamHackCS,DreamHackCS,30508
lindsayelyse,lindsayelyse,299
RTGameCrowd,RTGameCrowd,13637
UCCleague,UCCleague,1514
ESL_Australia,ESL_Australia,2564
annadeniz,annadeniz,12357
SidneyEweka,SidneyEweka,1854
Zerkaa,Zerkaa,4200
RobertoCein,RobertoCein,8290
KriszhAdvice,KriszhAdvice,2339
Ahmed_show,Ahmed_show,4404
qazwsx00001,qazwsx00001,24
AdrianaChechik_,AdrianaChechik_,1876
oGovernor,oGovernor,1117
FlowPodcast,FlowPodcast,21945
nl_Kripp,nl_Kripp,35458
SirhcEz,SirhcEz,1575
SolaryFortnite,SolaryFortnite,8828
Serato,Serato,109
Moonryde,Moonryde,16896
bazattak007,bazattak007,5710
bmkibler,bmkibler,3173
UniligaGG,UniligaGG,151
Falcodrin,Falcodrin,2818
INSCOPE21TV,INSCOPE21TV,36146
rpl184,rpl184,147
4viendha,4viendha,198
thejocraft_live,thejocraft_live,825
AlphaCast,AlphaCast,4196
ratsmah,ratsmah,1577
Staiy,Staiy,15182
GingiTV,GingiTV,46714
Terracid,Terracid,9508
NateHill,NateHill,23843
EAMaddenNFL,EAMaddenNFL,14797
cellinrj,cellinrj,2663
smmfair,smmfair,9
xPandorya,xPandorya,4811
k1ng,k1ng,46179
Flight23white,Flight23white,30115
HolmesInFive,HolmesInFive,592
Mew2King,Mew2King,5749
NymN,NymN,17079
superjj102,superjj102,2549
Caprimint,Caprimint,1842
KamoLRF,KamoLRF,5126
GiantBomb,GiantBomb,1672
Tonton,Tonton,22908
Bronx,Bronx,3296
EpikWhale,EpikWhale,4386
DanielaAzuaje_,DanielaAzuaje_,3701
mitr0,mitr0,19269
QuickyBaby,QuickyBaby,4542
Lobanjicaa,Lobanjicaa,5444
dangerlyoha,dangerlyoha,6472
Yotobi,Yotobi,6996
footballa3,footballa3,57
DeuceAce,DeuceAce,26306
Peereira7,Peereira7,33724
TimTheTatman,TimTheTatman,170166
DarkViperAU,DarkViperAU,5446
Dmitry_Lixxx,Dmitry_Lixxx,26419
chocoTaco,chocoTaco,10159
okyyy,okyyy,2395
Dhalucard,Dhalucard,32599
Daxak,Daxak,12985
9pasha,9pasha,5285
NeZaK_,NeZaK_,8301
TSM_ImperialHal,TSM_ImperialHal,61321
Nvellen,Nvellen,79
ChilledChaos,ChilledChaos,24400
Gabi,Gabi,28363
dubs,dubs,5483
elon_musk5166,elon_musk5166,399
babynez,babynez,5616
ImSoFresh,ImSoFresh,1449
LVPes2,LVPes2,9218
RedRoses11111,RedRoses11111,4400
CzechCloud,CzechCloud,9662
BSApricot,BSApricot,4109
floofyeosang,floofyeosang,1778
roonald77,roonald77,1464
Perxitaa,Perxitaa,58949
ndmikkiholic,ndmikkiholic,10968
PietSmiet,PietSmiet,26974
PaymoneyWubby,PaymoneyWubby,22413
jukes,jukes,4359
AriaSaki,AriaSaki,34777
DjafarDjafarof,DjafarDjafarof,331
maxbrabustv37,maxbrabustv37,443
Trainwreckstv,Trainwreckstv,86417
CriticalRole,CriticalRole,58079
Daren,Daren,3041
ItsJSTN,ItsJSTN,13762
Baiano,Baiano,13260
BeBePtv,BeBePtv,1354
Silent,Silent,13773
The_Happy_Hob,The_Happy_Hob,6890
OhTofu,OhTofu,9079
SilverName,SilverName,24848
cidcidoso,cidcidoso,13049
LightFuryLF,LightFuryLF,5367
SamCroTM,SamCroTM,503
UmbrellaBW,UmbrellaBW,3995
AlperBicen,AlperBicen,3997
FaZeBlaze,FaZeBlaze,25880
CH14,CH14,1619
Vinesauce,Vinesauce,26657
Mizkif,Mizkif,149538
pr4ass,pr4ass,3187
Mythic,Mythic,8927
TEBtv,TEBtv,13068
AnthonyZ,AnthonyZ,6483
Patriota,Patriota,16335
rickyedit,rickyedit,9054
gebauermarc,gebauermarc,9849
Destiny,Destiny,14314
Aurateur,Aurateur,8393
MerlinChess,MerlinChess,4246
DreamHackFN,DreamHackFN,3716
MutheadTV,MutheadTV,2163
FabienneXIII,FabienneXIII,3832
G4G_REVENANT,G4G_REVENANT,22893
just_ns,just_ns,11734
twlevewinsHS,twlevewinsHS,6240
Punz,Punz,29230
Letshe,Letshe,29065
RduLIVE,RduLIVE,34570
Staryuuki,Staryuuki,19426
Hayashii,Hayashii,11471
DylanteroLIVE,DylanteroLIVE,7246
icebergdotooj,icebergdotooj,512
Zander,Zander,408
ZLOYn,ZLOYn,36467
Broxah,Broxah,8803
WELOVEGAMES,WELOVEGAMES,25366
Subroza,Subroza,26343
Solary,Solary,33323
Crayator,Crayator,3306
The8BitDrummer,The8BitDrummer,3716
Cizzorz,Cizzorz,24720
Dosia_csgo,Dosia_csgo,5530
XurWatch,XurWatch,2030
suetam1v4,suetam1v4,510
MontanaBlack88,MontanaBlack88,64646
BTSNewsBR,BTSNewsBR,7115
PiazzTwitch,PiazzTwitch,2029
s0mcs,s0mcs,4553
TheAn1meMan,TheAn1meMan,6011
MarkiLokurasY,MarkiLokurasY,46442
Nadeshot,Nadeshot,24449
UberHaxorNova,UberHaxorNova,19926
its_iron,its_iron,16154
TheRunningManZ,TheRunningManZ,6001
GoddessAlfa,GoddessAlfa,1907
RaizQT,RaizQT,4941
masondota2,masondota2,18143
cristianghost,cristianghost,9805
Vicens,Vicens,48417
dalbitbangtan,dalbitbangtan,2874
TheBlackHokage,TheBlackHokage,1670
PimpCSGO,PimpCSGO,4205
zEkO,zEkO,14716
deercheerup,deercheerup,34910
JOEYKAOTYK,JOEYKAOTYK,3582
ZanoXVII,ZanoXVII,100245
Luken,Luken,7792
MasterSnakou,MasterSnakou,5442
Nmplol,Nmplol,95048
xPOTIx,xPOTIx,242
Cerbero_Podcast,Cerbero_Podcast,22975
Road2GM3000,Road2GM3000,331
Rubius,Rubius,276121
SnaggyMo,SnaggyMo,18312
SLAKUN10,SLAKUN10,16050
Tumblurr,Tumblurr,56102
icebergdotosv,icebergdotosv,45
DansGaming,DansGaming,4186
jccaylen,jccaylen,10112
TFBlade,TFBlade,36514
alexandresantoscomedy90,alexandresantoscomedy90,7212
CrankGameplays,CrankGameplays,11685
Loeya,Loeya,15524
Cardboard_Cowboy,Cardboard_Cowboy,2680
ilMasseo,ilMasseo,40276
summit1g,summit1g,175227
itmeJP,itmeJP,9302
JBL_Audio,JBL_Audio,1247
WARDELL,WARDELL,52998
LITkillah,LITkillah,19850
Closer,Closer,3580
FifaTargrean,FifaTargrean,7087
BlackDesert_TW_official,BlackDesert_TW_official,2007
iioCMz,iioCMz,2811
Savjz,Savjz,4237
fnxLNTC,fnxLNTC,18358
Crowder,Crowder,3285
EvilLucario,EvilLucario,4534
Pink_Sparkles,Pink_Sparkles,25427
HITBOXKING,HITBOXKING,1467
immortal,immortal,445
samgyeopsal2,samgyeopsal2,3808
Warframe,Warframe,40837
Sabaku_no_Sutoriimaa,Sabaku_no_Sutoriimaa,6704
loltyler1,loltyler1,175445
Chigua,Chigua,7254
CyFy,CyFy,82
berleezy,berleezy,15273
DaigoTheBeasTV,DaigoTheBeasTV,9884
ElmiilloR,ElmiilloR,64471
DuelLinksMeta,DuelLinksMeta,2106
Tectone,Tectone,15270
sinatraa,sinatraa,11776
imjasmine,imjasmine,1926
LinusTech,LinusTech,4224
Juuu,Juuu,1789
averagejoewo,averagejoewo,12862
Symfuhny,Symfuhny,121770
Pato,Pato,7784
DrekzeNN,DrekzeNN,4762
Mixwell,Mixwell,15840
xQcOW,xQcOW,443558
IslandGrown,IslandGrown,20191
Dota2ruhub2,Dota2ruhub2,33152
roflgator,roflgator,17880
Zade,Zade,5713
WTii,WTii,119
Eret,Eret,8149
knekro,knekro,32168
EmadGG,EmadGG,25254
CallMeKevin,CallMeKevin,7459
Corobizar,Corobizar,3380
Calebhart42,Calebhart42,7998
blake,blake,2054
Naguura,Naguura,12625
Gorgc,Gorgc,41130
atilaht,atilaht,14102
Greekgodx,Greekgodx,46573
Pikabooirl,Pikabooirl,37750
BigEx,BigEx,6411
Beaulo,Beaulo,18262
ConnorEatsPants,ConnorEatsPants,21925
willneff,willneff,11098
scoped,scoped,68495
Shlorox,Shlorox,11262
Nightblue3,Nightblue3,11280
Syndicate,Syndicate,17172
AmericanHeartAssociation,AmericanHeartAssociation,96
Broeki1,Broeki1,5683
FabulousN,FabulousN,16298
peterparkTV,peterparkTV,23368
dopa24,dopa24,46429
PLKDAMIAN,PLKDAMIAN,5119
Recrent,Recrent,29405
Swagg,Swagg,87552
Vlesk,Vlesk,14630
utage_valorant,utage_valorant,7147
t1esports,t1esports,493
C_a_k_e,C_a_k_e,22904
JLTomy,JLTomy,27800
RenRize,RenRize,615
ZakvielChannel,ZakvielChannel,8463
iskall85,iskall85,12321
Kyle,Kyle,6420
SpeedGaming,SpeedGaming,846
tvandeR,tvandeR,8670
Jacob4TV,Jacob4TV,10468
Limmy,Limmy,5258
Felps,Felps,18093
AngryJoeShow,AngryJoeShow,5084
BananaSlamJamma,BananaSlamJamma,6186
Werlyb,Werlyb,18363
fghkkkb,fghkkkb,284
universityofky,universityofky,265
QuickReviewShow,QuickReviewShow,30
uzra,uzra,21977
Joueur_du_Grenier,Joueur_du_Grenier,23705
FENGRUSH,FENGRUSH,1622
adolfz,adolfz,24803
Videoyun,Videoyun,17662
Alexby11,Alexby11,17869
Fresh,Fresh,62472
WorldofTanks,WorldofTanks,33128
Tiagovski555YT,Tiagovski555YT,17489
Lunawae,Lunawae,8538
ClassyBeef,ClassyBeef,8196
WorldofWarships,WorldofWarships,13421
GTimeTV,GTimeTV,5029
Skyyart,Skyyart,24883
SolaryHS,SolaryHS,4465
JustaMinx,JustaMinx,10679
Zizaran,Zizaran,10525
Smoke,Smoke,30484
jacksepticeye,jacksepticeye,80099
NoctisAK47,NoctisAK47,5368
DieHahn,DieHahn,1778
daltoosh,daltoosh,23120
Ramee,Ramee,28972
TwelveRivers,TwelveRivers,198
FPSThailand,FPSThailand,36550
harbleu,harbleu,16404
MYM_ALKAPONE,MYM_ALKAPONE,33869
CompletedItMate,CompletedItMate,567
neeko,neeko,8194
x2Twins,x2Twins,61951
wtcN,wtcN,81317
GMNaroditsky,GMNaroditsky,13816
NeverSayYesTwitch,NeverSayYesTwitch,3861
ryujehong,ryujehong,17
BurkeBlack,BurkeBlack,8493
myspacevapes,myspacevapes,489
RatoBorrachudo,RatoBorrachudo,22323
ofmanny,ofmanny,2158
aXoZer,aXoZer,19470
julien,julien,20406
Bidule,Bidule,21137
DarkozTV,DarkozTV,4295
SparkofPhoenixTV,SparkofPhoenixTV,2784
tina_tyan,tina_tyan,158
39daph,39daph,42182
skill4ltu,skill4ltu,9422
JASONR,JASONR,4978
Sco,Sco,52532
twitchrivals_es,twitchrivals_es,20103
jean_mago,jean_mago,13819
Everyeyeit,Everyeyeit,15388
DesertHeartsRecords,DesertHeartsRecords,3104
Igromania,Igromania,976
mang0,mang0,14697
karchez,karchez,8932
orkpod,orkpod,1729
Rammus53,Rammus53,28476
Sweet_Anita,Sweet_Anita,8403
smqcked,smqcked,6436
drxcarys,drxcarys,2190
Nikeles,Nikeles,790
pokimane,pokimane,145235
Heelmike,Heelmike,5009
LauGamerCO,LauGamerCO,6245
KarmikKoala,KarmikKoala,23751
alanzoka,alanzoka,242394
Brawestrowlessy,Brawestrowlessy,2084
XaKoH,XaKoH,1192
maxim,maxim,12260
twitchgaming,twitchgaming,125301
NOBRU,NOBRU,225998
Aphromoo,Aphromoo,4271
GMHikaru,GMHikaru,85710
Th3Antonio,Th3Antonio,23821
Brunenger,Brunenger,34655
UnknownxArmy,UnknownxArmy,12079
DOIIIUK,DOIIIUK,81
MikeShowSha,MikeShowSha,20300
Thijs,Thijs,37776
Kurumx,Kurumx,3933
Sologesang,Sologesang,3115
Gladd,Gladd,33910
goncho,goncho,60481
footballa8,footballa8,104
Rustyk,Rustyk,2211
dani_streamss,dani_streamss,7495
Swelyy,Swelyy,16956
Maty,Maty,381
FolagorLives,FolagorLives,24239
MiaPlaysss,MiaPlaysss,8995
chigre,chigre,17587
rxnexus,rxnexus,3222
AussieAntics,AussieAntics,8489
Anthony_Kongphan,Anthony_Kongphan,4720
AdmiralBulldog,AdmiralBulldog,35775
Loserfruit,Loserfruit,21742
BotezLive,BotezLive,8962
Leopard,Leopard,3972
HashtagTom_,HashtagTom_,1897
HealthyGamer_GG,HealthyGamer_GG,8190
miniminter,miniminter,31034
gamergirl,gamergirl,1909
Wotclue,Wotclue,9774
IlloJuan,IlloJuan,46097
auronplay,auronplay,440981
Crystal_LoL,Crystal_LoL,6433
ChessKid,ChessKid,162
resttpowered,resttpowered,7737
LittleBigWhale,LittleBigWhale,2867
DreadzTV,DreadzTV,5585
Marzz_Ow,Marzz_Ow,6834
Diables,Diables,8539
1mpala,1mpala,2623
sleepy,sleepy,16305
natalan,natalan,16808
teteu_rp,teteu_rp,4074
AmazonMusic,AmazonMusic,8193
maitoz,maitoz,4795
x6FlipiN,x6FlipiN,18075
Nick28T,Nick28T,15812
Facherii,Facherii,1035
JonVlogs,JonVlogs,11309
elon_musk2284,elon_musk2284,640
Llobeti4,Llobeti4,26615
HBomb94,HBomb94,6128
lucascharmoso,lucascharmoso,15503
Kiyoon,Kiyoon,3554
Destroy,Destroy,1518
Rekinss,Rekinss,2353
SaVyTzZ,SaVyTzZ,237
Xiuder_,Xiuder_,13551
Sanchovies,Sanchovies,3034
Conterstine,Conterstine,7823
GENSYXA,GENSYXA,20809
joeytuan,joeytuan,4174
nelkboys,nelkboys,24486
AdinRoss,AdinRoss,75321
BlackUFA,BlackUFA,17498
Paluten,Paluten,2877
Pimpeano,Pimpeano,124218
TheRelixChannel,TheRelixChannel,4314
NICKMERCS,NICKMERCS,211352
pronoobicx,pronoobicx,1128
Ponce,Ponce,51687
RustyOFC,RustyOFC,1913
eliasn97,eliasn97,60511
cihanofficial,cihanofficial,8021
olyashaa,olyashaa,4536
Bananirou,Bananirou,2013
lol_selfmade,lol_selfmade,8564
moparism,moparism,10504
BRKsEDU,BRKsEDU,20796
orslok,orslok,13532
loud_coringa,loud_coringa,59560
Friskk,Friskk,2460
Forky,Forky,11853
Polygon,Polygon,2781
abu_abeer16,abu_abeer16,1787
qdeoks,qdeoks,23989
TheRealzBlueWater,TheRealzBlueWater,1074
RockAlone,RockAlone,8344
FollowGrubby,FollowGrubby,3765
Xposed,Xposed,14799
mcilreavey,mcilreavey,416
snuffy,snuffy,4307
ButcherBabiesTV,ButcherBabiesTV,70
BastiGHG,BastiGHG,17808
AmazonMusicDE,AmazonMusicDE,306
Preachlfw,Preachlfw,11334
MenosTrece,MenosTrece,14040
Pestily,Pestily,4759
VioletaG,VioletaG,14408
fcbayernesports,fcbayernesports,1398
PENTA,PENTA,12165
RocKy_,RocKy_,18537
loud_voltan,loud_voltan,3189
followKudes,followKudes,853
Gokhan_Oner,Gokhan_Oner,6508
WGTGolf,WGTGolf,225
MOONMOON,MOONMOON,45973
jonny,jonny,2276
JoshOG,JoshOG,1506
Delux,Delux,8896
k3soju,k3soju,33312
Im_Dontai,Im_Dontai,33462
facubanzas,facubanzas,6065
akaNemsko,akaNemsko,2123
Exileshow,Exileshow,10441
UnrealYuki,UnrealYuki,34
playlinky_,playlinky_,4134
dasMEHDI,dasMEHDI,17269
beschttv,beschttv,3212
yamatonjp,yamatonjp,6689
lestream,lestream,54812
m0xyy,m0xyy,3926
SwaggerSouls,SwaggerSouls,16577
meheliwoo,meheliwoo,1493
GD_booya,GD_booya,12024
SteveSuptic,SteveSuptic,20491
DuendePablo,DuendePablo,21481
xcv235,xcv235,18
DemoneKim,DemoneKim,2477
BeatportOfficial,BeatportOfficial,620
GabSmolders,GabSmolders,6475
Vitality,Vitality,7457
ziGueira,ziGueira,20722
QUICKHUNTIK,QUICKHUNTIK,8385
RakanooLive,RakanooLive,5822
Arab,Arab,5092
Scarra,Scarra,13712
Paoloidolo,Paoloidolo,2906
Kitboga,Kitboga,32133
JeanMassietAccropolis,JeanMassietAccropolis,4046
VooDooSh,VooDooSh,16941
Giantwaffle,Giantwaffle,9705
jovirone,jovirone,14335
elgenralsport2020,elgenralsport2020,80
PurpleBixi,PurpleBixi,15316
TwitchSports,TwitchSports,657
MMG69,MMG69,2890
Wolfiez,Wolfiez,12822
Umbra,Umbra,6222
dafran,dafran,23682
BULLSEYE,BULLSEYE,1950
Xayoo_,Xayoo_,63855
ShahZaM,ShahZaM,1227
loustreams,loustreams,29021
rendogtv,rendogtv,3821
IamCristinini,IamCristinini,33904
BruceGrannec,BruceGrannec,15798
BlackDesertMobile_en,BlackDesertMobile_en,506
MANvsGAME,MANvsGAME,1977
zedef,zedef,4861
FaZeApex,FaZeApex,1790
madmoizelle,madmoizelle,175
Doublelift,Doublelift,51997
Dashy,Dashy,3057
GunnarDotA2,GunnarDotA2,7632
ImDilla,ImDilla,3197
TheViper,TheViper,5012
chowh1,chowh1,26796
Deadlyslob,Deadlyslob,6448
demisux,demisux,3967
Freneh,Freneh,24655
Pieface23,Pieface23,15800
TheKAIRI78,TheKAIRI78,1758
GordyKegs,GordyKegs,160
aaloqiu844aa,aaloqiu844aa,68
sips_,sips_,16537
UMGGaming,UMGGaming,7491
Benston,Benston,1550
LosPollosTV,LosPollosTV,20941
manuelito,manuelito,1521
epicenter_en2,epicenter_en2,9420
Bustin,Bustin,619
mokrivskyi,mokrivskyi,45752
shroud,shroud,431547
WERDER_eSPORTS,WERDER_eSPORTS,467
patiphan,patiphan,1228
Mapke,Mapke,3416
tv_congo,tv_congo,3160
Altair,Altair,6149
agurin,agurin,1967
iceiceice,iceiceice,3950
PUBGKorea,PUBGKorea,6454
MARCELOD2,MARCELOD2,368
icebergdotoyd,icebergdotoyd,436
jakenbakeLIVE,jakenbakeLIVE,3074
Brofain,Brofain,4744
aimdll__,aimdll__,13212
calango,calango,20763
GN_GG,GN_GG,6034
Lacari,Lacari,2311
TheGrefg,TheGrefg,296178
runthefutmarket,runthefutmarket,13587
hastad,hastad,4824
TheCliffJensen,TheCliffJensen,65
Kaellyn,Kaellyn,26531
Sykkuno,Sykkuno,270914
Mandzio,Mandzio,11986
LVUPGG,LVUPGG,2445
scump,scump,38727
Kerimhan,Kerimhan,11214
TheMasterRodrigo,TheMasterRodrigo,6764
kkatamina,kkatamina,4208
dunkstream,dunkstream,60572
vituss_britvabf,vituss_britvabf,33
alexelcapo,alexelcapo,89637
tioorochitwitch,tioorochitwitch,29402
RTAinJapan,RTAinJapan,6282
QuarterJade,QuarterJade,38565
footballbromancetv,footballbromancetv,4128
xTheSolutionTV,xTheSolutionTV,2891
Rakin,Rakin,23892
matthewkheafy,matthewkheafy,914
Jankos,Jankos,86130
KatFires,KatFires,3052
RocketStreetLive,RocketStreetLive,28276
xChocoBars,xChocoBars,29661
KabajiOW,KabajiOW,3307
XANTAREScN,XANTAREScN,17347
TheNicoleT,TheNicoleT,1496
LexVeldhuis,LexVeldhuis,2175
Smajor1995,Smajor1995,18305
DerKellerYT,DerKellerYT,11221
dallasfancam,dallasfancam,92
singsing,singsing,12432
dainarapariz,dainarapariz,122
arsenalofficial,arsenalofficial,108
Natsumiii,Natsumiii,21556
8cho,8cho,15769
icebergdoto,icebergdoto,6996
Yogscast,Yogscast,70471
mihalina_,mihalina_,1924
KYXNYA,KYXNYA,9937
Silvervale,Silvervale,9111
Cassiex3,Cassiex3,2444
wavyjacob,wavyjacob,3083
KindaFunnyGames,KindaFunnyGames,7260
Nikobaby_,Nikobaby_,2466
HolyXDD,HolyXDD,969
CovertGG,CovertGG,331
playhearthstonekr,playhearthstonekr,44335
nnkknn1234,nnkknn1234,1027
TrymacsKaktusKoenig,TrymacsKaktusKoenig,740
Fragnance,Fragnance,4204
GRONKH,GRONKH,46766
icebergdotomn,icebergdotomn,26
biyin_,biyin_,126072
EdenEsports,EdenEsports,2712
tarzaned,tarzaned,2786
tv_padre,tv_padre,4136
Enviosity,Enviosity,27018
Amouranth,Amouranth,37500
TenZ,TenZ,37218
