Source, Target, Weights
loud_thurzin,Gaules,600
loud_thurzin,loud_babi,731
loud_thurzin,loud_bak,8632
loud_thurzin,PeuzadaTV,658
loud_thurzin,NOBRU,1244
Destiny,summit1g,563
Destiny,Mizkif,1313
Destiny,melina,633
Destiny,xQcOW,2509
Destiny,MOONMOON,623
Destiny,shroud,682
Destiny,loltyler1,641
Destiny,Nmplol,988
Destiny,Jinnytty,510
Destiny,LIRIK,565
Destiny,Trainwreckstv,1457
Destiny,Maya,536
Destiny,HasanAbi,1165
Destiny,ludwig,1116
Destiny,sodapoppin,1235
Destiny,MitchJones,799
Destiny,pokelawls,533
Beaulo,xQcOW,526
Criken,Tomato,1136
Xposed,DeuceAce,621
Xposed,ROSHTEIN,1090
yamatonjp,SPYGEA,1099
yamatonjp,fps_shaka,2176
tinowns,jean_mago,1569
tinowns,Mylonzete,631
tinowns,aXtLOL,804
tinowns,Baiano,1742
tinowns,alanzoka,799
stevewillsendit,nelkboys,1091
casimito,Gaules,1029
casimito,gafallen,769
casimito,adolfz,555
casimito,fnxLNTC,639
casimito,deercheerup,1265
casimito,alanzoka,572
ChilledChaos,SteveSuptic,597
ChilledChaos,Sykkuno,609
chocoTaco,summit1g,516
chocoTaco,shroud,811
summit1g,Destiny,563
summit1g,chocoTaco,516
summit1g,Ramee,1371
summit1g,zackrawrr,824
summit1g,dunkstream,514
summit1g,RatedEpicz,1548
summit1g,Mizkif,2411
summit1g,EsfandTV,787
summit1g,xQcOW,5817
summit1g,Ninja,2033
summit1g,MOONMOON,1322
summit1g,DrLupo,5169
summit1g,nl_Kripp,561
summit1g,shroud,7199
summit1g,loltyler1,2318
summit1g,Zombie_Barricades,663
summit1g,dasMEHDI,829
summit1g,SypherPK,551
summit1g,Amouranth,539
summit1g,Nadeshot,622
summit1g,LVNDMARK,4599
summit1g,Deadlyslob,844
summit1g,g2perkz,512
summit1g,Rekkles,573
summit1g,pokimane,1008
summit1g,Nmplol,1875
summit1g,itsHafu,540
summit1g,Symfuhny,822
summit1g,Jinnytty,725
summit1g,Greekgodx,1040
summit1g,Syndicate,505
summit1g,NICKMERCS,3133
summit1g,CDNThe3rd,577
summit1g,CohhCarnage,1641
summit1g,moistcr1tikal,534
summit1g,LIRIK,6957
summit1g,Shotz,1210
summit1g,Tfue,815
summit1g,Sykkuno,709
summit1g,Trainwreckstv,2312
summit1g,NiteNightKid,1718
summit1g,Castro_1021,715
summit1g,Maya,804
summit1g,AdmiralBahroo,984
summit1g,TimTheTatman,3708
summit1g,HasanAbi,1477
summit1g,Smoke,1024
summit1g,Quin69,1151
summit1g,ludwig,2076
summit1g,sodapoppin,4326
summit1g,MitchJones,1525
summit1g,Maximilian_DOOD,584
summit1g,Sacriel,694
summit1g,scump,633
summit1g,ROSHTEIN,527
summit1g,pokelawls,1009
summit1g,GMHikaru,768
UberHaxorNova,Ramee,1255
UberHaxorNova,RatedEpicz,1394
UberHaxorNova,PENTA,819
UberHaxorNova,Zombie_Barricades,726
UberHaxorNova,dasMEHDI,1491
UberHaxorNova,Shotz,599
elded,Jelty,663
elded,natalan,1630
elded,auronplay,1725
elded,ibai,1578
elded,GradyWhite_,1074
elded,TheGrefg,1684
elded,RobertoCein,2442
elded,Rubius,5582
Ramee,summit1g,1371
Ramee,UberHaxorNova,1255
Ramee,RatedEpicz,6561
Ramee,Mizkif,915
Ramee,xQcOW,590
Ramee,PENTA,898
Ramee,Zombie_Barricades,3452
Ramee,dasMEHDI,3470
Ramee,Kyle,564
Ramee,Shotz,4701
Ramee,ludwig,1075
Pikabooirl,zackrawrr,746
Pikabooirl,xQcOW,501
Pikabooirl,shroud,789
Pikabooirl,cdewx,903
Pikabooirl,limit_maximum,501
Pikabooirl,Quin69,692
Pikabooirl,sodapoppin,1550
Pikabooirl,MitchJones,1837
Chica,xQcOW,1158
Chica,Ninja,595
Chica,Clix,580
Chica,SypherPK,692
Chica,NICKMERCS,603
Chica,Loeya,521
zackrawrr,summit1g,824
zackrawrr,Pikabooirl,746
zackrawrr,Mizkif,2143
zackrawrr,EsfandTV,1573
zackrawrr,xQcOW,2022
zackrawrr,MOONMOON,580
zackrawrr,shroud,2619
zackrawrr,loltyler1,723
zackrawrr,notmes,509
zackrawrr,Nmplol,1442
zackrawrr,Jinnytty,827
zackrawrr,LIRIK,740
zackrawrr,cdewx,671
zackrawrr,limit_maximum,702
zackrawrr,Trainwreckstv,873
zackrawrr,Maya,640
zackrawrr,HasanAbi,710
zackrawrr,Quin69,1494
zackrawrr,ludwig,817
zackrawrr,sodapoppin,4524
zackrawrr,MitchJones,3074
zackrawrr,Preachlfw,509
Kitboga,xQcOW,768
Kitboga,LIRIK,534
Kitboga,HasanAbi,607
Felps,mount,932
Felps,Rakin,691
Felps,Gabi,1839
Felps,calango,614
Felps,tioorochitwitch,501
Felps,alanzoka,1548
dunkstream,summit1g,514
dunkstream,Mizkif,1498
dunkstream,xQcOW,2536
dunkstream,Vinesauce,710
dunkstream,MOONMOON,886
dunkstream,shroud,609
dunkstream,loltyler1,1075
dunkstream,Nmplol,620
dunkstream,moistcr1tikal,1152
dunkstream,LIRIK,630
dunkstream,Sykkuno,643
dunkstream,Trainwreckstv,635
dunkstream,HasanAbi,2492
dunkstream,ludwig,2424
dunkstream,sodapoppin,847
dunkstream,PaymoneyWubby,578
Natsumiii,xChocoBars,677
Natsumiii,TinaKitten,724
Natsumiii,QuarterJade,865
Natsumiii,AriaSaki,1243
Natsumiii,fuslie,892
Natsumiii,Sykkuno,1072
Natsumiii,ludwig,964
Natsumiii,itsRyanHiga,563
Natsumiii,Ash_on_LoL,929
Natsumiii,bnans,515
Natsumiii,peterparkTV,551
RatedEpicz,summit1g,1548
RatedEpicz,UberHaxorNova,1394
RatedEpicz,Ramee,6561
RatedEpicz,PENTA,910
RatedEpicz,Zombie_Barricades,3522
RatedEpicz,dasMEHDI,4157
RatedEpicz,Kyle,532
RatedEpicz,Shotz,5285
boxbox,k3soju,510
julien,Sykkuno,1246
julien,jacksepticeye,1037
WARDELL,xQcOW,1028
WARDELL,Ninja,692
WARDELL,TenZ,1735
WARDELL,Nadeshot,630
WARDELL,tarik,533
WARDELL,Sykkuno,620
WARDELL,ludwig,975
WARDELL,s0mcs,509
Mizkif,Destiny,1313
Mizkif,summit1g,2411
Mizkif,Ramee,915
Mizkif,zackrawrr,2143
Mizkif,dunkstream,1498
Mizkif,willneff,711
Mizkif,melina,882
Mizkif,EsfandTV,3132
Mizkif,xQcOW,16458
Mizkif,Ninja,1174
Mizkif,MOONMOON,1719
Mizkif,DrLupo,561
Mizkif,shroud,4359
Mizkif,loltyler1,2589
Mizkif,roflgator,1434
Mizkif,TinaKitten,657
Mizkif,Atrioc,2335
Mizkif,tommyinnit,650
Mizkif,notmes,1791
Mizkif,Rekkles,662
Mizkif,pokimane,2761
Mizkif,Nmplol,14882
Mizkif,itsHafu,681
Mizkif,Jinnytty,4502
Mizkif,Greekgodx,3013
Mizkif,QuarterJade,674
Mizkif,NICKMERCS,1383
Mizkif,moistcr1tikal,1295
Mizkif,LIRIK,2902
Mizkif,cdewx,601
Mizkif,dakotaz,520
Mizkif,AriaSaki,747
Mizkif,fuslie,934
Mizkif,LosPollosTV,633
Mizkif,Sykkuno,1769
Mizkif,Trainwreckstv,7531
Mizkif,Castro_1021,540
Mizkif,Maya,10754
Mizkif,TimTheTatman,1668
Mizkif,HasanAbi,4349
Mizkif,Quin69,992
Mizkif,NymN,1656
Mizkif,ludwig,17010
Mizkif,sodapoppin,8563
Mizkif,MitchJones,8101
Mizkif,ConnorEatsPants,681
Mizkif,pokelawls,3637
Mizkif,39daph,1037
Mizkif,GMHikaru,1233
Mizkif,Ash_on_LoL,784
Mizkif,PointCrow,760
Mizkif,peterparkTV,578
Mizkif,PaymoneyWubby,962
Staryuuki,auronplay,1066
Staryuuki,ibai,934
Staryuuki,TheGrefg,815
Staryuuki,Rubius,1879
willneff,Mizkif,711
willneff,xQcOW,963
willneff,Nmplol,562
willneff,GothamChess,559
willneff,Trainwreckstv,607
willneff,HasanAbi,5947
willneff,ludwig,829
willneff,sodapoppin,582
willneff,Northernlion,796
melina,Destiny,633
melina,Mizkif,882
melina,xQcOW,1275
melina,shroud,705
melina,Amouranth,551
melina,pokimane,711
melina,Kaellyn,904
melina,Nmplol,655
melina,Jinnytty,747
melina,Trainwreckstv,540
melina,DarioMocciaTwitch,963
melina,HasanAbi,556
melina,ludwig,640
melina,sodapoppin,711
LITkillah,DuendePablo,1064
LITkillah,goncho,2092
LITkillah,auronplay,571
LITkillah,ibai,1062
LITkillah,coscu,1780
LITkillah,TheGrefg,509
LITkillah,Brunenger,580
LITkillah,Rubius,1004
DuendePablo,LITkillah,1064
DuendePablo,goncho,4084
DuendePablo,facubanzas,918
DuendePablo,auronplay,592
DuendePablo,ibai,1883
DuendePablo,coscu,1969
DuendePablo,TheMasterRodrigo,522
DuendePablo,Rubius,940
EsfandTV,summit1g,787
EsfandTV,zackrawrr,1573
EsfandTV,Mizkif,3132
EsfandTV,xQcOW,2069
EsfandTV,MOONMOON,671
EsfandTV,shroud,2876
EsfandTV,loltyler1,748
EsfandTV,pokimane,706
EsfandTV,Nmplol,1970
EsfandTV,Jinnytty,4775
EsfandTV,Greekgodx,861
EsfandTV,LIRIK,747
EsfandTV,Trainwreckstv,1479
EsfandTV,Maya,1374
EsfandTV,HasanAbi,1202
EsfandTV,Quin69,678
EsfandTV,NymN,517
EsfandTV,ludwig,1256
EsfandTV,sodapoppin,2439
EsfandTV,MitchJones,1699
EsfandTV,pokelawls,752
SnaggyMo,Clix,538
SnaggyMo,AdinRoss,3642
SnaggyMo,Flight23white,821
SnaggyMo,Silky,760
SnaggyMo,StableRonaldo_,817
SnaggyMo,bronny,615
Swagg,Ninja,518
Swagg,Aydan,825
Swagg,GD_booya,2373
Swagg,Symfuhny,1984
Swagg,MuTeX,834
Swagg,NICKMERCS,7619
Swagg,HusKerrs,1563
Swagg,TimTheTatman,1881
Swagg,FaZeBlaze,588
playapex,daltoosh,1276
playapex,loustreams,776
playapex,Albralelie,606
playapex,Rogue,540
playapex,TSM_ImperialHal,2359
playapex,ShivFPS,2347
playapex,LuluLuvely,610
xQcOW,Destiny,2509
xQcOW,Beaulo,526
xQcOW,summit1g,5817
xQcOW,Ramee,590
xQcOW,Pikabooirl,501
xQcOW,Chica,1158
xQcOW,zackrawrr,2022
xQcOW,Kitboga,768
xQcOW,dunkstream,2536
xQcOW,WARDELL,1028
xQcOW,Mizkif,16458
xQcOW,willneff,963
xQcOW,melina,1275
xQcOW,EsfandTV,2069
xQcOW,Ninja,5523
xQcOW,Vinesauce,578
xQcOW,MOONMOON,2943
xQcOW,GeorgeNotFound,1558
xQcOW,sneakylol,538
xQcOW,DrLupo,1543
xQcOW,nl_Kripp,853
xQcOW,Clix,3306
xQcOW,shroud,6112
xQcOW,supertf,1357
xQcOW,loltyler1,7425
xQcOW,roflgator,1841
xQcOW,BruceDropEmOff,543
xQcOW,TinaKitten,630
xQcOW,SypherPK,1621
xQcOW,TenZ,1101
xQcOW,Amouranth,907
xQcOW,AdinRoss,1268
xQcOW,Nadeshot,925
xQcOW,LVNDMARK,768
xQcOW,Atrioc,1424
xQcOW,tommyinnit,1760
xQcOW,notmes,731
xQcOW,g2perkz,1331
xQcOW,Enviosity,618
xQcOW,nelkboys,730
xQcOW,Rekkles,1921
xQcOW,Faker,1045
xQcOW,pokimane,3529
xQcOW,CallMeCarsonLIVE,519
xQcOW,Nmplol,11131
xQcOW,itsHafu,1263
xQcOW,Symfuhny,1541
xQcOW,Jinnytty,3561
xQcOW,Gorgc,995
xQcOW,TFBlade,765
xQcOW,RiceGum,947
xQcOW,TSM_ImperialHal,915
xQcOW,Greekgodx,4803
xQcOW,epicenter_en1,760
xQcOW,Philza,1010
xQcOW,SmallAnt,503
xQcOW,Syndicate,683
xQcOW,QuarterJade,785
xQcOW,NICKMERCS,5848
xQcOW,scoped,948
xQcOW,CohhCarnage,998
xQcOW,moistcr1tikal,2181
xQcOW,sleepy,689
xQcOW,LIRIK,7469
xQcOW,ops1x,564
xQcOW,GothamChess,867
xQcOW,cdewx,536
xQcOW,dakotaz,1369
xQcOW,StableRonaldo_,1962
xQcOW,Thijs,734
xQcOW,Jankos,1111
xQcOW,ibai,739
xQcOW,Japczan,597
xQcOW,Tubbo,625
xQcOW,ShivFPS,664
xQcOW,AriaSaki,823
xQcOW,fuslie,1023
xQcOW,Tfue,2538
xQcOW,tarik,732
xQcOW,LosPollosTV,1247
xQcOW,neeko,543
xQcOW,Sykkuno,3404
xQcOW,Trainwreckstv,15058
xQcOW,AdmiralBulldog,1484
xQcOW,Castro_1021,1435
xQcOW,Maya,5126
xQcOW,k3soju,701
xQcOW,AdmiralBahroo,1001
xQcOW,TimTheTatman,4280
xQcOW,HasanAbi,7724
xQcOW,Quin69,1657
xQcOW,harbleu,588
xQcOW,jacksepticeye,576
xQcOW,NymN,2585
xQcOW,Doublelift,1084
xQcOW,BotezLive,710
xQcOW,ludwig,13404
xQcOW,Gladd,630
xQcOW,sodapoppin,11271
xQcOW,dogdog,553
xQcOW,MitchJones,5445
xQcOW,Maximilian_DOOD,824
xQcOW,ConnorEatsPants,685
xQcOW,Bugha,752
xQcOW,IWillDominate,594
xQcOW,scump,972
xQcOW,ROSHTEIN,718
xQcOW,pokelawls,5698
xQcOW,Yogscast,677
xQcOW,39daph,2239
xQcOW,GMHikaru,4560
xQcOW,Ash_on_LoL,802
xQcOW,5uppp,543
xQcOW,alanzoka,503
xQcOW,peterparkTV,506
xQcOW,midbeast,619
xQcOW,PaymoneyWubby,691
xQcOW,Rubius,1783
daltoosh,playapex,1276
daltoosh,loustreams,1238
daltoosh,Albralelie,513
daltoosh,Rogue,781
daltoosh,TSM_ImperialHal,3089
daltoosh,NICKMERCS,687
daltoosh,ShivFPS,1919
daltoosh,LuluLuvely,698
PENTA,UberHaxorNova,819
PENTA,Ramee,898
PENTA,RatedEpicz,910
PENTA,Zombie_Barricades,634
PENTA,dasMEHDI,1592
PENTA,Kyle,1062
PENTA,Shotz,548
PENTA,Spaceboy,634
Arcadum,MOONMOON,885
Arcadum,AdmiralBahroo,687
Ninja,summit1g,2033
Ninja,Chica,595
Ninja,WARDELL,692
Ninja,Mizkif,1174
Ninja,Swagg,518
Ninja,xQcOW,5523
Ninja,GeorgeNotFound,507
Ninja,DrLupo,4864
Ninja,Clix,4758
Ninja,shroud,2157
Ninja,loltyler1,1341
Ninja,SypherPK,5861
Ninja,TenZ,755
Ninja,AdinRoss,1034
Ninja,Nadeshot,1385
Ninja,tommyinnit,905
Ninja,pokimane,1312
Ninja,Fresh,583
Ninja,Nmplol,814
Ninja,itsHafu,633
Ninja,Symfuhny,1816
Ninja,RiceGum,521
Ninja,TSM_ImperialHal,505
Ninja,Syndicate,561
Ninja,NICKMERCS,9877
Ninja,scoped,1262
Ninja,LIRIK,863
Ninja,ops1x,827
Ninja,dakotaz,1529
Ninja,auronplay,570
Ninja,StableRonaldo_,1180
Ninja,ibai,842
Ninja,Tfue,1642
Ninja,LosPollosTV,572
Ninja,Sykkuno,1532
Ninja,Loeya,1032
Ninja,Trainwreckstv,1901
Ninja,Castro_1021,1130
Ninja,TimTheTatman,3872
Ninja,HasanAbi,659
Ninja,TheGrefg,812
Ninja,EmadGG,821
Ninja,ludwig,1572
Ninja,Replays,579
Ninja,sodapoppin,1135
Ninja,MitchJones,546
Ninja,Bugha,1819
Ninja,scump,939
Ninja,UnknownxArmy,635
Ninja,GMHikaru,561
Ninja,NateHill,1307
Ninja,Rubius,1065
Move_Mind,Tiagovski555YT,1030
Move_Mind,alexandresantoscomedy90,547
Vinesauce,dunkstream,710
Vinesauce,xQcOW,578
Vinesauce,MOONMOON,715
Vinesauce,Tomato,662
Vinesauce,HasanAbi,552
Captainflowers22,g2perkz,592
Captainflowers22,Rekkles,664
Captainflowers22,CoreJJ,669
Captainflowers22,bmkibler,653
Captainflowers22,Doublelift,896
Captainflowers22,IWillDominate,678
Gaules,loud_thurzin,600
Gaules,casimito,1029
Gaules,loud_bak,888
Gaules,JonVlogs,515
Gaules,gafallen,3031
Gaules,fer,861
Gaules,RatoBorrachudo,508
Gaules,henriquehen1,874
Gaules,Trainwreckstv,537
Gaules,fnxLNTC,2004
Gaules,pr4ass,793
Gaules,FlowPodcast,530
Gaules,deercheerup,5003
Gaules,aXtLOL,714
Gaules,Baiano,660
Gaules,NOBRU,541
Gaules,alanzoka,1939
MOONMOON,Destiny,623
MOONMOON,summit1g,1322
MOONMOON,zackrawrr,580
MOONMOON,dunkstream,886
MOONMOON,Mizkif,1719
MOONMOON,EsfandTV,671
MOONMOON,xQcOW,2943
MOONMOON,Arcadum,885
MOONMOON,Vinesauce,715
MOONMOON,nl_Kripp,596
MOONMOON,shroud,1227
MOONMOON,loltyler1,1045
MOONMOON,roflgator,1394
MOONMOON,Nmplol,1330
MOONMOON,Jinnytty,648
MOONMOON,CohhCarnage,997
MOONMOON,moistcr1tikal,746
MOONMOON,LIRIK,2500
MOONMOON,Trainwreckstv,994
MOONMOON,AvoidingThePuddle,552
MOONMOON,Maya,602
MOONMOON,AdmiralBahroo,2020
MOONMOON,TimTheTatman,766
MOONMOON,HasanAbi,2093
MOONMOON,Quin69,799
MOONMOON,NymN,663
MOONMOON,ludwig,1314
MOONMOON,sodapoppin,4186
MOONMOON,MitchJones,851
MOONMOON,Maximilian_DOOD,648
MOONMOON,pokelawls,870
MOONMOON,39daph,813
loud_babi,loud_thurzin,731
loud_babi,loud_bak,975
loud_babi,loud_voltan,1018
GeorgeNotFound,xQcOW,1558
GeorgeNotFound,Ninja,507
GeorgeNotFound,Clix,785
GeorgeNotFound,tommyinnit,44671
GeorgeNotFound,BadBoyHalo,14012
GeorgeNotFound,pokimane,719
GeorgeNotFound,itsHafu,583
GeorgeNotFound,Philza,10542
GeorgeNotFound,Nihachu,7256
GeorgeNotFound,moistcr1tikal,1225
GeorgeNotFound,beschttv,1621
GeorgeNotFound,awesamdude,9800
GeorgeNotFound,Eret,3530
GeorgeNotFound,Tubbo,25882
GeorgeNotFound,fuslie,626
GeorgeNotFound,Sykkuno,7952
GeorgeNotFound,Trainwreckstv,629
GeorgeNotFound,jacksepticeye,2384
GeorgeNotFound,ludwig,2316
GeorgeNotFound,Punz,5911
GeorgeNotFound,ConnorEatsPants,5130
GeorgeNotFound,DropsByPonk,1215
GeorgeNotFound,5uppp,1475
sneakylol,xQcOW,538
sneakylol,loltyler1,1361
sneakylol,g2perkz,781
sneakylol,Rekkles,926
sneakylol,Jankos,513
sneakylol,Doublelift,1899
sneakylol,sodapoppin,502
loud_bak,loud_thurzin,8632
loud_bak,Gaules,888
loud_bak,loud_babi,975
loud_bak,PeuzadaTV,1745
loud_bak,NOBRU,3417
loud_bak,alanzoka,632
xChocoBars,Natsumiii,677
xChocoBars,TinaKitten,1382
xChocoBars,yvonnie,581
xChocoBars,pokimane,1096
xChocoBars,itsHafu,643
xChocoBars,QuarterJade,2972
xChocoBars,AriaSaki,1647
xChocoBars,fuslie,1828
xChocoBars,Sykkuno,1852
xChocoBars,ludwig,1911
xChocoBars,itsRyanHiga,913
xChocoBars,Ash_on_LoL,1031
xChocoBars,bnans,512
xChocoBars,peterparkTV,948
xChocoBars,Masayoshi,1023
DrLupo,summit1g,5169
DrLupo,Mizkif,561
DrLupo,xQcOW,1543
DrLupo,Ninja,4864
DrLupo,Clix,944
DrLupo,shroud,1932
DrLupo,loltyler1,642
DrLupo,SypherPK,2024
DrLupo,Nadeshot,760
DrLupo,LVNDMARK,2426
DrLupo,pokimane,712
DrLupo,itsHafu,534
DrLupo,Symfuhny,1044
DrLupo,NICKMERCS,3956
DrLupo,CohhCarnage,864
DrLupo,LIRIK,1196
DrLupo,dakotaz,791
DrLupo,Tfue,570
DrLupo,Sykkuno,998
DrLupo,Loeya,574
DrLupo,Trainwreckstv,829
DrLupo,TimTheTatman,3960
DrLupo,HasanAbi,508
DrLupo,ludwig,920
DrLupo,sodapoppin,951
DrLupo,NateHill,564
nl_Kripp,summit1g,561
nl_Kripp,xQcOW,853
nl_Kripp,MOONMOON,596
nl_Kripp,shroud,630
nl_Kripp,loltyler1,559
nl_Kripp,AsmodaiTV,514
nl_Kripp,LIRIK,586
nl_Kripp,RduLIVE,1317
nl_Kripp,Thijs,1130
nl_Kripp,AdmiralBahroo,522
nl_Kripp,ludwig,501
nl_Kripp,sodapoppin,798
nl_Kripp,dogdog,1158
loustreams,playapex,776
loustreams,daltoosh,1238
loustreams,Rogue,877
loustreams,TSM_ImperialHal,2345
loustreams,ShivFPS,1354
Jelty,elded,663
Jelty,Clix,827
Jelty,auronplay,511
Jelty,ibai,581
Jelty,TheGrefg,1358
Jelty,Vicens,748
Jelty,Bugha,615
Jelty,Rubius,1173
Clix,Chica,580
Clix,SnaggyMo,538
Clix,xQcOW,3306
Clix,Ninja,4758
Clix,GeorgeNotFound,785
Clix,DrLupo,944
Clix,Jelty,827
Clix,SypherPK,3590
Clix,AdinRoss,4224
Clix,BigEx,588
Clix,tommyinnit,1040
Clix,nelkboys,832
Clix,pokimane,519
Clix,Fresh,543
Clix,Symfuhny,1025
Clix,RiceGum,1052
Clix,NICKMERCS,4489
Clix,scoped,3725
Clix,ops1x,5557
Clix,dakotaz,809
Clix,Heelmike,653
Clix,StableRonaldo_,8515
Clix,Marzz_Ow,1045
Clix,wavyjacob,703
Clix,Tfue,1205
Clix,Sykkuno,1073
Clix,Trainwreckstv,1146
Clix,Castro_1021,664
Clix,TimTheTatman,850
Clix,TheGrefg,602
Clix,EmadGG,1208
Clix,Arab,1571
Clix,ludwig,617
Clix,Bugha,4821
Clix,mitr0,1644
Clix,UnknownxArmy,3193
Clix,x2Twins,775
Clix,bronny,613
Clix,NateHill,551
Clix,Rubius,564
shroud,Destiny,682
shroud,chocoTaco,811
shroud,summit1g,7199
shroud,Pikabooirl,789
shroud,zackrawrr,2619
shroud,dunkstream,609
shroud,Mizkif,4359
shroud,melina,705
shroud,EsfandTV,2876
shroud,xQcOW,6112
shroud,Ninja,2157
shroud,MOONMOON,1227
shroud,DrLupo,1932
shroud,nl_Kripp,630
shroud,loltyler1,2376
shroud,roflgator,575
shroud,SypherPK,501
shroud,TenZ,661
shroud,Amouranth,687
shroud,Nadeshot,544
shroud,LVNDMARK,1260
shroud,notmes,685
shroud,g2perkz,696
shroud,Rekkles,1003
shroud,Faker,575
shroud,pokimane,1513
shroud,Nmplol,2825
shroud,itsHafu,648
shroud,Symfuhny,892
shroud,Jinnytty,2422
shroud,Gorgc,614
shroud,TSM_ImperialHal,741
shroud,Greekgodx,1375
shroud,epicenter_en1,714
shroud,Syndicate,512
shroud,QuarterJade,898
shroud,NICKMERCS,2355
shroud,CohhCarnage,1284
shroud,moistcr1tikal,666
shroud,LIRIK,4102
shroud,TheRunningManZ,1108
shroud,cdewx,858
shroud,limit_maximum,682
shroud,Thijs,558
shroud,AriaSaki,579
shroud,fuslie,540
shroud,Tfue,728
shroud,tarik,545
shroud,Sykkuno,1054
shroud,Trainwreckstv,2726
shroud,AdmiralBulldog,563
shroud,Castro_1021,639
shroud,Maya,1658
shroud,AdmiralBahroo,832
shroud,TimTheTatman,2725
shroud,HasanAbi,1865
shroud,Smoke,2978
shroud,Quin69,1884
shroud,NymN,676
shroud,Doublelift,731
shroud,ludwig,2974
shroud,sodapoppin,7371
shroud,MitchJones,3423
shroud,Maximilian_DOOD,589
shroud,Sacriel,614
shroud,scump,591
shroud,ROSHTEIN,640
shroud,pokelawls,1274
shroud,GingiTV,555
shroud,maitoz,505
shroud,39daph,755
shroud,GMHikaru,845
shroud,bnans,503
supertf,xQcOW,1357
supertf,sleepy,592
supertf,harbleu,708
JonVlogs,Gaules,515
MYM_ALKAPONE,ibai,664
MYM_ALKAPONE,SkyshockTV,1338
MYM_ALKAPONE,Rubius,1134
Scarra,QuarterJade,953
Scarra,Sykkuno,658
Scarra,ludwig,640
Scarra,sodapoppin,517
gafallen,casimito,769
gafallen,Gaules,3031
gafallen,fer,1655
gafallen,adolfz,526
gafallen,henriquehen1,1534
gafallen,fnxLNTC,2952
gafallen,pr4ass,766
gafallen,FlowPodcast,538
gafallen,deercheerup,3750
gafallen,aXtLOL,781
gafallen,alanzoka,1331
VooDooSh,Dota2RuHub,893
VooDooSh,HoneyMad,586
VooDooSh,KarmikKoala,797
loltyler1,Destiny,641
loltyler1,summit1g,2318
loltyler1,zackrawrr,723
loltyler1,dunkstream,1075
loltyler1,Mizkif,2589
loltyler1,EsfandTV,748
loltyler1,xQcOW,7425
loltyler1,Ninja,1341
loltyler1,MOONMOON,1045
loltyler1,sneakylol,1361
loltyler1,DrLupo,642
loltyler1,nl_Kripp,559
loltyler1,shroud,2376
loltyler1,g2perkz,2894
loltyler1,Rekkles,3971
loltyler1,Faker,2260
loltyler1,CoreJJ,539
loltyler1,pokimane,1216
loltyler1,Nmplol,1647
loltyler1,itsHafu,529
loltyler1,Jinnytty,760
loltyler1,TFBlade,2548
loltyler1,Greekgodx,952
loltyler1,NICKMERCS,1361
loltyler1,moistcr1tikal,606
loltyler1,LIRIK,1957
loltyler1,Nightblue3,1023
loltyler1,Jankos,2668
loltyler1,ibai,543
loltyler1,Sykkuno,943
loltyler1,Trainwreckstv,2535
loltyler1,Castro_1021,506
loltyler1,Maya,853
loltyler1,k3soju,762
loltyler1,AdmiralBahroo,525
loltyler1,TimTheTatman,1105
loltyler1,HasanAbi,1428
loltyler1,Quin69,843
loltyler1,NymN,524
loltyler1,Doublelift,2683
loltyler1,ludwig,2274
loltyler1,sodapoppin,3239
loltyler1,MitchJones,1723
loltyler1,IWillDominate,1215
loltyler1,pokelawls,758
loltyler1,GMHikaru,1027
loltyler1,dopa24,788
loltyler1,NoWay4u_Sir,540
loltyler1,KarasMai,1137
loltyler1,Sanchovies,663
loltyler1,midbeast,1546
loltyler1,Rubius,561
Zombie_Barricades,summit1g,663
Zombie_Barricades,UberHaxorNova,726
Zombie_Barricades,Ramee,3452
Zombie_Barricades,RatedEpicz,3522
Zombie_Barricades,PENTA,634
Zombie_Barricades,dasMEHDI,1945
Zombie_Barricades,Shotz,2151
fer,Gaules,861
fer,gafallen,1655
fer,henriquehen1,863
fer,fnxLNTC,1477
fer,pr4ass,524
fer,deercheerup,1347
roflgator,Mizkif,1434
roflgator,xQcOW,1841
roflgator,MOONMOON,1394
roflgator,shroud,575
roflgator,Nmplol,1172
roflgator,Jinnytty,520
roflgator,LIRIK,666
roflgator,Trainwreckstv,708
roflgator,HasanAbi,895
roflgator,ludwig,786
roflgator,sodapoppin,2487
roflgator,MitchJones,625
roflgator,pokelawls,805
BruceDropEmOff,xQcOW,543
BruceDropEmOff,AdinRoss,929
BruceDropEmOff,Im_Dontai,533
BruceDropEmOff,LosPollosTV,796
Aydan,Swagg,825
Aydan,Symfuhny,896
Aydan,MuTeX,839
Aydan,NICKMERCS,2074
Aydan,HusKerrs,933
Aydan,TimTheTatman,601
Aydan,Tommey,597
dasMEHDI,summit1g,829
dasMEHDI,UberHaxorNova,1491
dasMEHDI,Ramee,3470
dasMEHDI,RatedEpicz,4157
dasMEHDI,PENTA,1592
dasMEHDI,Zombie_Barricades,1945
dasMEHDI,LIRIK,567
dasMEHDI,Kyle,754
dasMEHDI,Shotz,3045
goncho,LITkillah,2092
goncho,DuendePablo,4084
goncho,facubanzas,2002
goncho,auronplay,790
goncho,ibai,2990
goncho,coscu,5527
goncho,Brunenger,1434
goncho,TheMasterRodrigo,1073
goncho,Rubius,1325
ironmouse,Momo,543
ironmouse,Silvervale,869
TinaKitten,Natsumiii,724
TinaKitten,Mizkif,657
TinaKitten,xQcOW,630
TinaKitten,xChocoBars,1382
TinaKitten,Atrioc,548
TinaKitten,yvonnie,782
TinaKitten,pokimane,1822
TinaKitten,itsHafu,1555
TinaKitten,Jinnytty,506
TinaKitten,QuarterJade,2417
TinaKitten,dakotaz,605
TinaKitten,AriaSaki,3048
TinaKitten,fuslie,5107
TinaKitten,Sykkuno,7523
TinaKitten,Trainwreckstv,913
TinaKitten,jacksepticeye,1732
TinaKitten,ludwig,4571
TinaKitten,itsRyanHiga,1097
TinaKitten,39daph,588
TinaKitten,Ash_on_LoL,2045
TinaKitten,5uppp,603
TinaKitten,bnans,639
TinaKitten,peterparkTV,2387
TinaKitten,Masayoshi,1775
SypherPK,summit1g,551
SypherPK,Chica,692
SypherPK,xQcOW,1621
SypherPK,Ninja,5861
SypherPK,DrLupo,2024
SypherPK,Clix,3590
SypherPK,shroud,501
SypherPK,AdinRoss,519
SypherPK,Fresh,635
SypherPK,Symfuhny,759
SypherPK,NICKMERCS,6608
SypherPK,scoped,1211
SypherPK,ops1x,868
SypherPK,dakotaz,1133
SypherPK,StableRonaldo_,923
SypherPK,Tfue,689
SypherPK,Sykkuno,726
SypherPK,Loeya,831
SypherPK,Trainwreckstv,637
SypherPK,TimTheTatman,1249
SypherPK,EmadGG,728
SypherPK,Replays,672
SypherPK,Bugha,1378
SypherPK,NateHill,1232
GMNaroditsky,GothamChess,503
GMNaroditsky,GMHikaru,874
TenZ,WARDELL,1735
TenZ,xQcOW,1101
TenZ,Ninja,755
TenZ,shroud,661
TenZ,Nadeshot,645
TenZ,tarik,842
TenZ,Sykkuno,522
TenZ,ludwig,696
TenZ,s0mcs,3589
Amouranth,summit1g,539
Amouranth,melina,551
Amouranth,xQcOW,907
Amouranth,shroud,687
PeuzadaTV,loud_thurzin,658
PeuzadaTV,loud_bak,1745
AdinRoss,SnaggyMo,3642
AdinRoss,xQcOW,1268
AdinRoss,Ninja,1034
AdinRoss,Clix,4224
AdinRoss,BruceDropEmOff,929
AdinRoss,SypherPK,519
AdinRoss,Flight23white,2503
AdinRoss,Silky,1023
AdinRoss,Im_Dontai,591
AdinRoss,nelkboys,751
AdinRoss,Symfuhny,583
AdinRoss,RiceGum,1466
AdinRoss,NICKMERCS,2117
AdinRoss,scoped,612
AdinRoss,ops1x,753
AdinRoss,Tyceno,856
AdinRoss,StableRonaldo_,6028
AdinRoss,LosPollosTV,1986
AdinRoss,Trainwreckstv,651
AdinRoss,bronny,3462
BigEx,Clix,588
Nadeshot,summit1g,622
Nadeshot,WARDELL,630
Nadeshot,xQcOW,925
Nadeshot,Ninja,1385
Nadeshot,DrLupo,760
Nadeshot,shroud,544
Nadeshot,TenZ,645
Nadeshot,Symfuhny,762
Nadeshot,NICKMERCS,1607
Nadeshot,TimTheTatman,1767
Nadeshot,ludwig,675
Nadeshot,scump,883
LVNDMARK,summit1g,4599
LVNDMARK,xQcOW,768
LVNDMARK,DrLupo,2426
LVNDMARK,shroud,1260
LVNDMARK,Deadlyslob,643
LVNDMARK,LIRIK,765
BaboAbe,QuarterJade,556
BaboAbe,AriaSaki,725
BaboAbe,Sykkuno,879
BaboAbe,ludwig,925
BaboAbe,Ash_on_LoL,795
Atrioc,Mizkif,2335
Atrioc,xQcOW,1424
Atrioc,TinaKitten,548
Atrioc,tommyinnit,781
Atrioc,pokimane,753
Atrioc,itsHafu,515
Atrioc,QuarterJade,929
Atrioc,AriaSaki,816
Atrioc,fuslie,828
Atrioc,Sykkuno,4287
Atrioc,Trainwreckstv,1081
Atrioc,HasanAbi,561
Atrioc,jacksepticeye,906
Atrioc,ludwig,15823
Atrioc,ConnorEatsPants,1026
Atrioc,Ash_on_LoL,969
Atrioc,peterparkTV,715
CrankGameplays,jacksepticeye,710
Flight23white,SnaggyMo,821
Flight23white,AdinRoss,2503
Flight23white,RiceGum,510
Flight23white,NICKMERCS,763
Flight23white,LosPollosTV,576
yvonnie,xChocoBars,581
yvonnie,TinaKitten,782
yvonnie,QuarterJade,630
yvonnie,AriaSaki,788
yvonnie,fuslie,1257
yvonnie,Sykkuno,884
yvonnie,ludwig,830
Silky,SnaggyMo,760
Silky,AdinRoss,1023
Momo,ironmouse,543
tommyinnit,Mizkif,650
tommyinnit,xQcOW,1760
tommyinnit,Ninja,905
tommyinnit,GeorgeNotFound,44671
tommyinnit,Clix,1040
tommyinnit,Atrioc,781
tommyinnit,BadBoyHalo,13623
tommyinnit,pokimane,1001
tommyinnit,itsHafu,706
tommyinnit,Philza,23255
tommyinnit,Nihachu,10840
tommyinnit,moistcr1tikal,1030
tommyinnit,beschttv,1450
tommyinnit,awesamdude,10438
tommyinnit,Eret,3735
tommyinnit,Tubbo,60545
tommyinnit,Tfue,509
tommyinnit,Sykkuno,9869
tommyinnit,Trainwreckstv,924
tommyinnit,jacksepticeye,3342
tommyinnit,ludwig,4052
tommyinnit,Punz,5168
tommyinnit,ConnorEatsPants,12894
tommyinnit,DropsByPonk,1773
tommyinnit,5uppp,2141
Zeitnotlol,FabulousN,792
Zeitnotlol,wtcN,588
Stray228,Evelone192,1803
Stray228,Dota2RuHub,4315
Stray228,buster,1445
Stray228,icebergdoto,613
Stray228,AhriNyan,599
Stray228,ybicanoooobov,2303
Stray228,epic_sh4doweh,729
1mpala,Evelone192,1359
1mpala,buster,1294
1mpala,PCH3LK1N,1199
1mpala,AhriNyan,558
1mpala,mokrivskyi,633
Eray,Jahrein,1032
Eray,annadeniz,542
Eray,Elraenn,2005
Eray,CyberRulzTv,1005
Eray,wtcN,2702
notmes,zackrawrr,509
notmes,Mizkif,1791
notmes,xQcOW,731
notmes,shroud,685
notmes,Nmplol,879
notmes,cdewx,1230
notmes,Towelliee,1062
notmes,Maya,670
notmes,ludwig,662
notmes,sodapoppin,1150
notmes,MitchJones,1128
Albralelie,playapex,606
Albralelie,daltoosh,513
Albralelie,TSM_ImperialHal,1449
Albralelie,ShivFPS,585
Deadlyslob,summit1g,844
Deadlyslob,LVNDMARK,643
PatoPapao,Rakin,640
PatoPapao,takeshi,1092
PatoPapao,aXtLOL,664
PatoPapao,alanzoka,926
Im_Dontai,BruceDropEmOff,533
Im_Dontai,AdinRoss,591
g2perkz,summit1g,512
g2perkz,xQcOW,1331
g2perkz,Captainflowers22,592
g2perkz,sneakylol,781
g2perkz,shroud,696
g2perkz,loltyler1,2894
g2perkz,Rekkles,7259
g2perkz,Faker,1912
g2perkz,CoreJJ,553
g2perkz,lol_nemesis,576
g2perkz,TFBlade,1081
g2perkz,lol_selfmade,1365
g2perkz,LIRIK,547
g2perkz,Jankos,6055
g2perkz,ibai,1016
g2perkz,Trainwreckstv,616
g2perkz,Doublelift,2271
g2perkz,ludwig,614
g2perkz,sodapoppin,759
g2perkz,IWillDominate,866
g2perkz,GMHikaru,757
g2perkz,dopa24,1043
g2perkz,NoWay4u_Sir,1041
g2perkz,ElmiilloR,677
g2perkz,KarasMai,541
g2perkz,midbeast,1268
Enviosity,xQcOW,618
Enviosity,Tectone,847
cidcidoso,RatoBorrachudo,579
cidcidoso,deercheerup,698
cidcidoso,tioorochitwitch,513
cidcidoso,alanzoka,929
nelkboys,stevewillsendit,1091
nelkboys,xQcOW,730
nelkboys,Clix,832
nelkboys,AdinRoss,751
nelkboys,RiceGum,553
nelkboys,NICKMERCS,992
Rekkles,summit1g,573
Rekkles,Mizkif,662
Rekkles,xQcOW,1921
Rekkles,Captainflowers22,664
Rekkles,sneakylol,926
Rekkles,shroud,1003
Rekkles,loltyler1,3971
Rekkles,g2perkz,7259
Rekkles,Faker,2501
Rekkles,CoreJJ,588
Rekkles,pokimane,692
Rekkles,Nmplol,544
Rekkles,alexelcapo,608
Rekkles,TFBlade,1225
Rekkles,LVPes,648
Rekkles,Sardoche,510
Rekkles,lol_selfmade,663
Rekkles,LIRIK,632
Rekkles,Jankos,7518
Rekkles,ibai,2539
Rekkles,Japczan,591
Rekkles,ReventXz,623
Rekkles,Sykkuno,688
Rekkles,Trainwreckstv,630
Rekkles,k3soju,680
Rekkles,Th3Antonio,628
Rekkles,Solary,578
Rekkles,Doublelift,3706
Rekkles,ludwig,892
Rekkles,sodapoppin,1313
Rekkles,MitchJones,625
Rekkles,IWillDominate,798
Rekkles,GMHikaru,860
Rekkles,dopa24,882
Rekkles,NoWay4u_Sir,1409
Rekkles,ElmiilloR,1506
Rekkles,KarasMai,553
Rekkles,midbeast,900
Rekkles,Rubius,760
adolfz,casimito,555
adolfz,gafallen,526
Faker,xQcOW,1045
Faker,shroud,575
Faker,loltyler1,2260
Faker,g2perkz,1912
Faker,Rekkles,2501
Faker,TFBlade,932
Faker,Jankos,1264
Faker,ibai,797
Faker,Doublelift,1077
Faker,sodapoppin,571
Faker,dopa24,1534
AsmodaiTV,nl_Kripp,514
AsmodaiTV,RduLIVE,1266
AsmodaiTV,Thijs,703
AsmodaiTV,dogdog,806
mount,Felps,932
mount,Rakin,665
mount,Gabi,1802
mount,calango,698
mount,alanzoka,865
CoreJJ,Captainflowers22,669
CoreJJ,loltyler1,539
CoreJJ,g2perkz,553
CoreJJ,Rekkles,588
CoreJJ,Doublelift,697
x6FlipiN,ibai,909
x6FlipiN,Rubius,584
Bananirou,coscu,554
BadBoyHalo,GeorgeNotFound,14012
BadBoyHalo,tommyinnit,13623
BadBoyHalo,Philza,4938
BadBoyHalo,Nihachu,2468
BadBoyHalo,beschttv,2195
BadBoyHalo,awesamdude,4772
BadBoyHalo,Eret,3475
BadBoyHalo,Tubbo,9834
BadBoyHalo,Sykkuno,1894
BadBoyHalo,jacksepticeye,613
BadBoyHalo,ludwig,867
BadBoyHalo,Punz,6437
BadBoyHalo,ConnorEatsPants,1950
BadBoyHalo,DropsByPonk,780
BadBoyHalo,5uppp,652
pokimane,summit1g,1008
pokimane,Mizkif,2761
pokimane,melina,711
pokimane,EsfandTV,706
pokimane,xQcOW,3529
pokimane,Ninja,1312
pokimane,GeorgeNotFound,719
pokimane,xChocoBars,1096
pokimane,DrLupo,712
pokimane,Clix,519
pokimane,shroud,1513
pokimane,loltyler1,1216
pokimane,TinaKitten,1822
pokimane,Atrioc,753
pokimane,tommyinnit,1001
pokimane,Rekkles,692
pokimane,Nmplol,1599
pokimane,itsHafu,3222
pokimane,Jinnytty,1154
pokimane,Greekgodx,691
pokimane,SteveSuptic,795
pokimane,QuarterJade,1582
pokimane,NICKMERCS,1128
pokimane,LIRIK,1030
pokimane,dakotaz,1349
pokimane,Tubbo,649
pokimane,AriaSaki,1664
pokimane,fuslie,2509
pokimane,Sykkuno,5491
pokimane,Trainwreckstv,3029
pokimane,Maya,1364
pokimane,TimTheTatman,1024
pokimane,HasanAbi,1223
pokimane,jacksepticeye,1046
pokimane,NymN,556
pokimane,ludwig,4865
pokimane,sodapoppin,1673
pokimane,MitchJones,797
pokimane,pokelawls,660
pokimane,itsRyanHiga,623
pokimane,39daph,669
pokimane,GMHikaru,694
pokimane,Ash_on_LoL,892
pokimane,5uppp,953
pokimane,peterparkTV,1744
pokimane,Masayoshi,602
CallMeCarsonLIVE,xQcOW,519
CallMeCarsonLIVE,ludwig,1064
Ottomated,AriaSaki,865
Ottomated,Sykkuno,718
Ottomated,ludwig,1205
Ottomated,Ash_on_LoL,2150
mihalina_,Evelone192,878
mihalina_,buster,914
POW3Rtv,ilMasseo,862
POW3Rtv,NeZaK_,618
POW3Rtv,Delux,609
POW3Rtv,Moonryde,856
POW3Rtv,Freneh,645
POW3Rtv,ZanoXVII,2418
POW3Rtv,PiazzTwitch,569
POW3Rtv,Tumblurr,1711
POW3Rtv,Xiuder_,997
Fresh,Ninja,583
Fresh,Clix,543
Fresh,SypherPK,635
Fresh,NICKMERCS,559
Fresh,x2Twins,789
Kaellyn,melina,904
panetty,ilMasseo,879
panetty,DarioMocciaTwitch,566
lol_nemesis,g2perkz,576
Nmplol,Destiny,988
Nmplol,summit1g,1875
Nmplol,zackrawrr,1442
Nmplol,dunkstream,620
Nmplol,Mizkif,14882
Nmplol,willneff,562
Nmplol,melina,655
Nmplol,EsfandTV,1970
Nmplol,xQcOW,11131
Nmplol,Ninja,814
Nmplol,MOONMOON,1330
Nmplol,shroud,2825
Nmplol,loltyler1,1647
Nmplol,roflgator,1172
Nmplol,notmes,879
Nmplol,Rekkles,544
Nmplol,pokimane,1599
Nmplol,Jinnytty,3933
Nmplol,Greekgodx,2812
Nmplol,NICKMERCS,872
Nmplol,LIRIK,3504
Nmplol,Sykkuno,552
Nmplol,Trainwreckstv,5037
Nmplol,Maya,10330
Nmplol,TimTheTatman,1692
Nmplol,HasanAbi,3582
Nmplol,Quin69,945
Nmplol,NymN,1713
Nmplol,ludwig,5056
Nmplol,sodapoppin,11579
Nmplol,MitchJones,5388
Nmplol,pokelawls,3768
Nmplol,39daph,863
Nmplol,GMHikaru,862
itsHafu,summit1g,540
itsHafu,Mizkif,681
itsHafu,xQcOW,1263
itsHafu,Ninja,633
itsHafu,GeorgeNotFound,583
itsHafu,xChocoBars,643
itsHafu,DrLupo,534
itsHafu,shroud,648
itsHafu,loltyler1,529
itsHafu,TinaKitten,1555
itsHafu,Atrioc,515
itsHafu,tommyinnit,706
itsHafu,pokimane,3222
itsHafu,SteveSuptic,2148
itsHafu,QuarterJade,965
itsHafu,NICKMERCS,549
itsHafu,LIRIK,579
itsHafu,dakotaz,3348
itsHafu,Tubbo,784
itsHafu,AriaSaki,1465
itsHafu,fuslie,1908
itsHafu,Sykkuno,5427
itsHafu,Trainwreckstv,4266
itsHafu,HasanAbi,536
itsHafu,jacksepticeye,915
itsHafu,ludwig,3285
itsHafu,sodapoppin,718
itsHafu,dogdog,660
itsHafu,GMHikaru,639
itsHafu,Ash_on_LoL,834
itsHafu,5uppp,3748
itsHafu,peterparkTV,2526
rxnexus,Dota2RuHub,590
GD_booya,Swagg,2373
GD_booya,Symfuhny,699
GD_booya,MuTeX,585
GD_booya,NICKMERCS,2125
GD_booya,HusKerrs,588
Symfuhny,summit1g,822
Symfuhny,Swagg,1984
Symfuhny,xQcOW,1541
Symfuhny,Ninja,1816
Symfuhny,DrLupo,1044
Symfuhny,Clix,1025
Symfuhny,shroud,892
Symfuhny,Aydan,896
Symfuhny,SypherPK,759
Symfuhny,AdinRoss,583
Symfuhny,Nadeshot,762
Symfuhny,GD_booya,699
Symfuhny,MuTeX,922
Symfuhny,Syndicate,555
Symfuhny,NICKMERCS,7268
Symfuhny,TeePee,551
Symfuhny,Tfue,1016
Symfuhny,HusKerrs,2692
Symfuhny,Trainwreckstv,931
Symfuhny,Castro_1021,678
Symfuhny,TimTheTatman,3676
Symfuhny,scump,833
Symfuhny,FaZeBlaze,523
Kurumx,k3soju,1269
alexelcapo,Rekkles,608
alexelcapo,LVPes,715
alexelcapo,auronplay,552
alexelcapo,ibai,3984
alexelcapo,ReventXz,707
alexelcapo,knekro,2111
alexelcapo,Th3Antonio,873
alexelcapo,IlloJuan,1306
alexelcapo,G4G_REVENANT,797
alexelcapo,Werlyb,619
alexelcapo,ElmiilloR,2222
alexelcapo,Rubius,1414
Locklear,Sardoche,1486
Locklear,mistermv,504
Locklear,Ponce,801
Locklear,Joueur_du_Grenier,532
Locklear,Laink,605
Locklear,Gotaga,2370
Locklear,lestream,764
blanchitooo,MarkiLokurasY,686
blanchitooo,ibai,597
blanchitooo,Vicens,511
ilMasseo,POW3Rtv,862
ilMasseo,panetty,879
ilMasseo,Cerbero_Podcast,511
ilMasseo,Freneh,716
ilMasseo,DarioMocciaTwitch,1127
ilMasseo,ZanoXVII,1475
ilMasseo,Tumblurr,1397
Jinnytty,Destiny,510
Jinnytty,summit1g,725
Jinnytty,zackrawrr,827
Jinnytty,Mizkif,4502
Jinnytty,melina,747
Jinnytty,EsfandTV,4775
Jinnytty,xQcOW,3561
Jinnytty,MOONMOON,648
Jinnytty,shroud,2422
Jinnytty,loltyler1,760
Jinnytty,roflgator,520
Jinnytty,TinaKitten,506
Jinnytty,pokimane,1154
Jinnytty,Nmplol,3933
Jinnytty,Greekgodx,836
Jinnytty,LIRIK,1324
Jinnytty,AriaSaki,622
Jinnytty,fuslie,668
Jinnytty,Sykkuno,570
Jinnytty,Trainwreckstv,1623
Jinnytty,Maya,2719
Jinnytty,HasanAbi,1721
Jinnytty,Quin69,524
Jinnytty,NymN,625
Jinnytty,ludwig,2027
Jinnytty,sodapoppin,2670
Jinnytty,MitchJones,1696
Jinnytty,pokelawls,959
Jinnytty,39daph,963
Gorgc,xQcOW,995
Gorgc,shroud,614
Gorgc,epicenter_en1,3662
Gorgc,LIRIK,580
Gorgc,masondota2,2168
Gorgc,AdmiralBulldog,2295
Gorgc,sodapoppin,666
Gorgc,epicenter_en2,626
Gorgc,GunnarDotA2,837
Firebat,Thijs,522
Crystal_LoL,Jahrein,542
Crystal_LoL,FabulousN,841
Rogue,playapex,540
Rogue,daltoosh,781
Rogue,loustreams,877
Rogue,TSM_ImperialHal,1306
Rogue,ShivFPS,1036
Evelone192,Stray228,1803
Evelone192,1mpala,1359
Evelone192,mihalina_,878
Evelone192,Dota2RuHub,3178
Evelone192,buster,44696
Evelone192,PCH3LK1N,4384
Evelone192,HoneyMad,750
Evelone192,icebergdoto,575
Evelone192,Lobanjicaa,1014
Evelone192,ZLOYn,5940
Evelone192,AhriNyan,18300
Evelone192,ybicanoooobov,951
Evelone192,JesusAVGN,2536
Evelone192,epic_sh4doweh,1812
Evelone192,mokrivskyi,12045
Evelone192,XANTAREScN,723
Evelone192,Recrent,1449
Evelone192,dinablin,2516
Evelone192,modestal,2571
Evelone192,Dosia_csgo,2931
Evelone192,GAECHKATM,954
Evelone192,archangel_hs,1186
Evelone192,des0ut,2696
Evelone192,karavay46,6080
TFBlade,xQcOW,765
TFBlade,loltyler1,2548
TFBlade,g2perkz,1081
TFBlade,Rekkles,1225
TFBlade,Faker,932
TFBlade,Jankos,855
TFBlade,Doublelift,819
TFBlade,midbeast,654
tv_congo,ibai,709
aroyitt,auronplay,1558
aroyitt,ibai,1602
aroyitt,Alexby11,1278
aroyitt,IamCristinini,706
aroyitt,Rubius,3211
RatoBorrachudo,Gaules,508
RatoBorrachudo,cidcidoso,579
RatoBorrachudo,alanzoka,1241
RiceGum,xQcOW,947
RiceGum,Ninja,521
RiceGum,Clix,1052
RiceGum,AdinRoss,1466
RiceGum,Flight23white,510
RiceGum,nelkboys,553
RiceGum,NICKMERCS,938
RiceGum,StableRonaldo_,554
iceiceice,epicenter_en1,651
TSM_ImperialHal,playapex,2359
TSM_ImperialHal,xQcOW,915
TSM_ImperialHal,daltoosh,3089
TSM_ImperialHal,Ninja,505
TSM_ImperialHal,loustreams,2345
TSM_ImperialHal,shroud,741
TSM_ImperialHal,Albralelie,1449
TSM_ImperialHal,Rogue,1306
TSM_ImperialHal,NICKMERCS,544
TSM_ImperialHal,ShivFPS,2970
TSM_ImperialHal,LuluLuvely,1349
TSM_ImperialHal,fps_shaka,982
TSM_ImperialHal,Genburten,2125
Dota2RuHub,VooDooSh,893
Dota2RuHub,Stray228,4315
Dota2RuHub,rxnexus,590
Dota2RuHub,Evelone192,3178
Dota2RuHub,9pasha,2205
Dota2RuHub,epicenter_en1,1852
Dota2RuHub,Dota2ruhub2,5230
Dota2RuHub,TEBtv,519
Dota2RuHub,buster,2745
Dota2RuHub,Dota2ruhub3,2641
Dota2RuHub,HoneyMad,1385
Dota2RuHub,icebergdoto,2348
Dota2RuHub,AhriNyan,927
Dota2RuHub,ybicanoooobov,3181
Dota2RuHub,epic_sh4doweh,3933
Dota2RuHub,MerlinChess,615
Dota2RuHub,Recrent,890
Dota2RuHub,KarmikKoala,1583
Dota2RuHub,WELOVEGAMES,517
Dota2RuHub,OGADotaPIT,554
Dota2RuHub,CSRuHub,829
Greekgodx,summit1g,1040
Greekgodx,Mizkif,3013
Greekgodx,EsfandTV,861
Greekgodx,xQcOW,4803
Greekgodx,shroud,1375
Greekgodx,loltyler1,952
Greekgodx,pokimane,691
Greekgodx,Nmplol,2812
Greekgodx,Jinnytty,836
Greekgodx,LIRIK,893
Greekgodx,Trainwreckstv,2961
Greekgodx,Maya,1324
Greekgodx,HasanAbi,1181
Greekgodx,NymN,850
Greekgodx,ludwig,1171
Greekgodx,sodapoppin,2213
Greekgodx,MitchJones,1217
Greekgodx,pokelawls,3343
Greekgodx,39daph,594
9pasha,Dota2RuHub,2205
9pasha,icebergdoto,631
9pasha,epic_sh4doweh,1356
SteveSuptic,ChilledChaos,597
SteveSuptic,pokimane,795
SteveSuptic,itsHafu,2148
SteveSuptic,dakotaz,2427
SteveSuptic,fuslie,514
SteveSuptic,Sykkuno,1531
SteveSuptic,Trainwreckstv,1718
SteveSuptic,jacksepticeye,509
SteveSuptic,ludwig,1175
SteveSuptic,5uppp,1590
SteveSuptic,peterparkTV,1227
Amar,Trymacs,2007
Amar,eliasn97,1124
loud_voltan,loud_babi,1018
natalan,elded,1630
natalan,auronplay,866
natalan,Rubius,1881
epicenter_en1,xQcOW,760
epicenter_en1,shroud,714
epicenter_en1,Gorgc,3662
epicenter_en1,iceiceice,651
epicenter_en1,Dota2RuHub,1852
epicenter_en1,TEBtv,552
epicenter_en1,LIRIK,583
epicenter_en1,masondota2,2476
epicenter_en1,epic_sh4doweh,555
epicenter_en1,AdmiralBulldog,1952
epicenter_en1,Nikobaby_,862
epicenter_en1,sodapoppin,587
epicenter_en1,GMHikaru,532
epicenter_en1,epicenter_en2,5636
epicenter_en1,OGADotaPIT,3180
epicenter_en1,GunnarDotA2,1093
MuTeX,Swagg,834
MuTeX,Aydan,839
MuTeX,GD_booya,585
MuTeX,Symfuhny,922
MuTeX,NICKMERCS,1507
MuTeX,HusKerrs,779
Philza,xQcOW,1010
Philza,GeorgeNotFound,10542
Philza,tommyinnit,23255
Philza,BadBoyHalo,4938
Philza,Nihachu,6251
Philza,moistcr1tikal,543
Philza,beschttv,665
Philza,awesamdude,5632
Philza,Eret,1973
Philza,Tubbo,16893
Philza,Sykkuno,2041
Philza,Trainwreckstv,585
Philza,jacksepticeye,997
Philza,ludwig,1730
Philza,Punz,2241
Philza,ConnorEatsPants,3190
Philza,DropsByPonk,985
Philza,5uppp,1114
SmallAnt,xQcOW,503
SmallAnt,ludwig,997
Syndicate,summit1g,505
Syndicate,xQcOW,683
Syndicate,Ninja,561
Syndicate,shroud,512
Syndicate,Symfuhny,555
Syndicate,NICKMERCS,885
Syndicate,Castro_1021,745
Syndicate,TimTheTatman,689
Syndicate,scump,574
QuarterJade,Natsumiii,865
QuarterJade,Mizkif,674
QuarterJade,xQcOW,785
QuarterJade,xChocoBars,2972
QuarterJade,shroud,898
QuarterJade,Scarra,953
QuarterJade,TinaKitten,2417
QuarterJade,BaboAbe,556
QuarterJade,Atrioc,929
QuarterJade,yvonnie,630
QuarterJade,pokimane,1582
QuarterJade,itsHafu,965
QuarterJade,AriaSaki,2694
QuarterJade,fuslie,2798
QuarterJade,Sykkuno,4487
QuarterJade,joeytuan,3669
QuarterJade,Trainwreckstv,743
QuarterJade,jacksepticeye,556
QuarterJade,ludwig,3913
QuarterJade,sodapoppin,663
QuarterJade,itsRyanHiga,987
QuarterJade,39daph,710
QuarterJade,Ash_on_LoL,1658
QuarterJade,bnans,635
QuarterJade,peterparkTV,1846
QuarterJade,Masayoshi,2046
Dota2ruhub2,Dota2RuHub,5230
Dota2ruhub2,epic_sh4doweh,1018
NICKMERCS,summit1g,3133
NICKMERCS,Chica,603
NICKMERCS,Mizkif,1383
NICKMERCS,Swagg,7619
NICKMERCS,xQcOW,5848
NICKMERCS,daltoosh,687
NICKMERCS,Ninja,9877
NICKMERCS,DrLupo,3956
NICKMERCS,Clix,4489
NICKMERCS,shroud,2355
NICKMERCS,loltyler1,1361
NICKMERCS,Aydan,2074
NICKMERCS,SypherPK,6608
NICKMERCS,AdinRoss,2117
NICKMERCS,Nadeshot,1607
NICKMERCS,Flight23white,763
NICKMERCS,nelkboys,992
NICKMERCS,pokimane,1128
NICKMERCS,Fresh,559
NICKMERCS,Nmplol,872
NICKMERCS,itsHafu,549
NICKMERCS,GD_booya,2125
NICKMERCS,Symfuhny,7268
NICKMERCS,RiceGum,938
NICKMERCS,TSM_ImperialHal,544
NICKMERCS,MuTeX,1507
NICKMERCS,Syndicate,885
NICKMERCS,scoped,2022
NICKMERCS,LIRIK,892
NICKMERCS,ops1x,815
NICKMERCS,dakotaz,1800
NICKMERCS,TeePee,851
NICKMERCS,Crowder,922
NICKMERCS,StableRonaldo_,1512
NICKMERCS,Tfue,2292
NICKMERCS,HusKerrs,2778
NICKMERCS,LosPollosTV,1517
NICKMERCS,Sykkuno,1751
NICKMERCS,Loeya,794
NICKMERCS,Trainwreckstv,2712
NICKMERCS,Castro_1021,1638
NICKMERCS,TimTheTatman,13187
NICKMERCS,HasanAbi,754
NICKMERCS,EmadGG,824
NICKMERCS,ludwig,1665
NICKMERCS,Replays,702
NICKMERCS,sodapoppin,1196
NICKMERCS,Bugha,1537
NICKMERCS,ImDilla,1071
NICKMERCS,scump,2428
NICKMERCS,UnknownxArmy,636
NICKMERCS,FaZeBlaze,1135
NICKMERCS,averagejoewo,555
NICKMERCS,bronny,508
NICKMERCS,NateHill,1682
CDNThe3rd,summit1g,577
Kamet0,Sardoche,697
scoped,xQcOW,948
scoped,Ninja,1262
scoped,Clix,3725
scoped,SypherPK,1211
scoped,AdinRoss,612
scoped,NICKMERCS,2022
scoped,ops1x,816
scoped,StableRonaldo_,1282
scoped,wavyjacob,520
scoped,EmadGG,578
scoped,Arab,839
scoped,Bugha,1197
scoped,UnknownxArmy,597
BastiGHG,rewinside,526
BastiGHG,Trymacs,1426
LVPes,Rekkles,648
LVPes,alexelcapo,715
LVPes,ibai,4031
LVPes,ReventXz,868
LVPes,knekro,637
LVPes,Th3Antonio,1244
LVPes,IamCristinini,806
LVPes,Werlyb,849
LVPes,ElmiilloR,2292
LVPes,Rubius,611
finalfantasyxiv,fps_shaka,544
CohhCarnage,summit1g,1641
CohhCarnage,xQcOW,998
CohhCarnage,MOONMOON,997
CohhCarnage,DrLupo,864
CohhCarnage,shroud,1284
CohhCarnage,LIRIK,2907
CohhCarnage,AdmiralBahroo,2728
CohhCarnage,TimTheTatman,922
CohhCarnage,HasanAbi,825
CohhCarnage,Quin69,543
CohhCarnage,sodapoppin,1229
CohhCarnage,Maximilian_DOOD,968
CohhCarnage,Sacriel,574
Nihachu,GeorgeNotFound,7256
Nihachu,tommyinnit,10840
Nihachu,BadBoyHalo,2468
Nihachu,Philza,6251
Nihachu,awesamdude,2520
Nihachu,Eret,1090
Nihachu,Tubbo,7436
Nihachu,Sykkuno,1234
Nihachu,ludwig,624
Nihachu,Punz,1277
Nihachu,ConnorEatsPants,1746
Nihachu,5uppp,579
moistcr1tikal,summit1g,534
moistcr1tikal,dunkstream,1152
moistcr1tikal,Mizkif,1295
moistcr1tikal,xQcOW,2181
moistcr1tikal,MOONMOON,746
moistcr1tikal,GeorgeNotFound,1225
moistcr1tikal,shroud,666
moistcr1tikal,loltyler1,606
moistcr1tikal,tommyinnit,1030
moistcr1tikal,Philza,543
moistcr1tikal,Tubbo,629
moistcr1tikal,Sykkuno,1539
moistcr1tikal,Trainwreckstv,943
moistcr1tikal,HasanAbi,924
moistcr1tikal,jacksepticeye,871
moistcr1tikal,ludwig,2734
moistcr1tikal,sodapoppin,657
moistcr1tikal,PaymoneyWubby,1047
ziGueira,alanzoka,923
TEBtv,Dota2RuHub,519
TEBtv,epicenter_en1,552
TEBtv,TEBtv3,783
Rakin,Felps,691
Rakin,PatoPapao,640
Rakin,mount,665
Rakin,Gabi,1982
Rakin,calango,592
Rakin,aXtLOL,658
Rakin,Baiano,574
Rakin,alanzoka,1641
iNoiizY,ELoTRiX,1045
Sardoche,Rekkles,510
Sardoche,Locklear,1486
Sardoche,Kamet0,697
Sardoche,JLTomy,1602
Sardoche,BruceGrannec,605
Sardoche,LeBouseuh,1498
Sardoche,mistermv,1711
Sardoche,Shaunz,1377
Sardoche,chowh1,540
Sardoche,Ponce,3450
Sardoche,Solary,1291
Sardoche,Joueur_du_Grenier,1076
Sardoche,Laink,1291
Sardoche,Skyyart,905
Sardoche,Gotaga,4078
Sardoche,AntoineDanielLive,2224
Sardoche,lestream,2294
Sardoche,RebeuDeter,896
Sardoche,Alderiate,1496
lol_selfmade,g2perkz,1365
lol_selfmade,Rekkles,663
SPYGEA,yamatonjp,1099
SPYGEA,fps_shaka,4743
unsympathisch_tv,Maxi,1631
unsympathisch_tv,Trymacs,987
unsympathisch_tv,ELoTRiX,804
NeZaK_,POW3Rtv,618
JLTomy,Sardoche,1602
JLTomy,LeBouseuh,805
JLTomy,JLBichouu,4315
JLTomy,Gotaga,1526
JLTomy,RebeuDeter,1516
sleepy,xQcOW,689
sleepy,supertf,592
sleepy,ludwig,553
sleepy,Ash_on_LoL,542
LIRIK,Destiny,565
LIRIK,summit1g,6957
LIRIK,zackrawrr,740
LIRIK,Kitboga,534
LIRIK,dunkstream,630
LIRIK,Mizkif,2902
LIRIK,EsfandTV,747
LIRIK,xQcOW,7469
LIRIK,Ninja,863
LIRIK,MOONMOON,2500
LIRIK,DrLupo,1196
LIRIK,nl_Kripp,586
LIRIK,shroud,4102
LIRIK,loltyler1,1957
LIRIK,roflgator,666
LIRIK,dasMEHDI,567
LIRIK,LVNDMARK,765
LIRIK,g2perkz,547
LIRIK,Rekkles,632
LIRIK,pokimane,1030
LIRIK,Nmplol,3504
LIRIK,itsHafu,579
LIRIK,Jinnytty,1324
LIRIK,Gorgc,580
LIRIK,Greekgodx,893
LIRIK,epicenter_en1,583
LIRIK,NICKMERCS,892
LIRIK,CohhCarnage,2907
LIRIK,Thijs,612
LIRIK,Sykkuno,558
LIRIK,Trainwreckstv,1891
LIRIK,AdmiralBulldog,658
LIRIK,Castro_1021,558
LIRIK,Maya,1132
LIRIK,AdmiralBahroo,1286
LIRIK,TimTheTatman,1359
LIRIK,HasanAbi,2128
LIRIK,Smoke,581
LIRIK,Quin69,1339
LIRIK,NymN,878
LIRIK,ludwig,1902
LIRIK,sodapoppin,6491
LIRIK,MitchJones,1533
LIRIK,Maximilian_DOOD,678
LIRIK,Sacriel,577
LIRIK,pokelawls,1345
LIRIK,39daph,731
LIRIK,GMHikaru,897
alelu,fps_shaka,600
TrilluXe,Dhalucard,646
ops1x,xQcOW,564
ops1x,Ninja,827
ops1x,Clix,5557
ops1x,SypherPK,868
ops1x,AdinRoss,753
ops1x,NICKMERCS,815
ops1x,scoped,816
ops1x,StableRonaldo_,1908
ops1x,Marzz_Ow,504
ops1x,EmadGG,576
ops1x,Arab,550
ops1x,Bugha,740
ops1x,mitr0,531
ops1x,UnknownxArmy,1669
bmkibler,Captainflowers22,653
Diables,xth0rek,2253
Diables,EWROON,3136
sips_,Yogscast,2021
Gabi,Felps,1839
Gabi,mount,1802
Gabi,Rakin,1982
Gabi,calango,2344
Gabi,alanzoka,1650
Dhalucard,TrilluXe,646
TheRunningManZ,shroud,1108
TheRunningManZ,Smoke,1373
Jahrein,Eray,1032
Jahrein,Crystal_LoL,542
Jahrein,PurpleBixi,4924
Jahrein,FabulousN,749
Jahrein,Toqtir,4141
Jahrein,Chips,588
Jahrein,Gokhan_Oner,785
Jahrein,Elraenn,2489
Jahrein,wtcN,2630
xth0rek,Diables,2253
xth0rek,EWROON,6154
PurpleBixi,Jahrein,4924
PurpleBixi,Toqtir,2527
PurpleBixi,Elraenn,1133
PurpleBixi,wtcN,1369
GothamChess,willneff,559
GothamChess,xQcOW,867
GothamChess,GMNaroditsky,503
GothamChess,HasanAbi,994
GothamChess,ludwig,865
GothamChess,GMHikaru,4659
GothamChess,Northernlion,2172
holak1337,Japczan,4102
buster,Stray228,1445
buster,1mpala,1294
buster,mihalina_,914
buster,Evelone192,44696
buster,Dota2RuHub,2745
buster,PCH3LK1N,4280
buster,HoneyMad,656
buster,Lobanjicaa,694
buster,ZLOYn,5878
buster,AhriNyan,12317
buster,ybicanoooobov,792
buster,JesusAVGN,1934
buster,epic_sh4doweh,1782
buster,mokrivskyi,11683
buster,XANTAREScN,515
buster,Recrent,1270
buster,dinablin,2487
buster,modestal,3130
buster,Dosia_csgo,1860
buster,GAECHKATM,981
buster,archangel_hs,1138
buster,des0ut,2285
buster,karavay46,6223
PCH3LK1N,1mpala,1199
PCH3LK1N,Evelone192,4384
PCH3LK1N,buster,4280
PCH3LK1N,ZLOYn,1252
PCH3LK1N,AhriNyan,1578
PCH3LK1N,mokrivskyi,1867
PCH3LK1N,dinablin,541
PCH3LK1N,karavay46,1150
lucascharmoso,tioorochitwitch,4170
lucascharmoso,alanzoka,897
Dota2ruhub3,Dota2RuHub,2641
BruceGrannec,Sardoche,605
BruceGrannec,Gotaga,1308
Reborn_Live,auronplay,7989
Reborn_Live,ibai,2212
Reborn_Live,Alexby11,506
Reborn_Live,TheGrefg,524
Reborn_Live,Perxitaa,2327
Reborn_Live,Rubius,3178
facubanzas,DuendePablo,918
facubanzas,goncho,2002
facubanzas,ibai,630
facubanzas,coscu,1315
facubanzas,TheMasterRodrigo,564
FabulousN,Zeitnotlol,792
FabulousN,Crystal_LoL,841
FabulousN,Jahrein,749
FabulousN,Elraenn,655
FabulousN,wtcN,842
EWROON,Diables,3136
EWROON,xth0rek,6154
EWROON,Japczan,545
Delux,POW3Rtv,609
Delux,ZanoXVII,1748
Delux,Tumblurr,1421
cdewx,Pikabooirl,903
cdewx,zackrawrr,671
cdewx,Mizkif,601
cdewx,xQcOW,536
cdewx,shroud,858
cdewx,notmes,1230
cdewx,sodapoppin,1682
cdewx,MitchJones,2317
SackziTV,chowh1,1330
SackziTV,Gotaga,615
dakotaz,Mizkif,520
dakotaz,xQcOW,1369
dakotaz,Ninja,1529
dakotaz,DrLupo,791
dakotaz,Clix,809
dakotaz,TinaKitten,605
dakotaz,SypherPK,1133
dakotaz,pokimane,1349
dakotaz,itsHafu,3348
dakotaz,SteveSuptic,2427
dakotaz,NICKMERCS,1800
dakotaz,fuslie,800
dakotaz,Sykkuno,2524
dakotaz,Trainwreckstv,4091
dakotaz,TimTheTatman,772
dakotaz,jacksepticeye,538
dakotaz,ludwig,1677
dakotaz,5uppp,1983
dakotaz,peterparkTV,1455
Moonryde,POW3Rtv,856
Moonryde,velox,967
Tomato,Criken,1136
Tomato,Vinesauce,662
Heelmike,Clix,653
MarkiLokurasY,blanchitooo,686
MarkiLokurasY,auronplay,704
MarkiLokurasY,ibai,1691
MarkiLokurasY,TheGrefg,1352
MarkiLokurasY,Vicens,1023
MarkiLokurasY,sujagg,535
MarkiLokurasY,Rubius,1230
Tyceno,AdinRoss,856
MenosTrece,ibai,802
MenosTrece,Rubius,668
LeBouseuh,Sardoche,1498
LeBouseuh,JLTomy,805
LeBouseuh,Gotaga,2323
Rammus53,Elraenn,679
TeePee,Symfuhny,551
TeePee,NICKMERCS,851
TeePee,HusKerrs,557
auronplay,elded,1725
auronplay,Staryuuki,1066
auronplay,LITkillah,571
auronplay,DuendePablo,592
auronplay,Ninja,570
auronplay,Jelty,511
auronplay,goncho,790
auronplay,alexelcapo,552
auronplay,aroyitt,1558
auronplay,natalan,866
auronplay,Reborn_Live,7989
auronplay,MarkiLokurasY,704
auronplay,ibai,19972
auronplay,ReventXz,887
auronplay,Alexby11,2461
auronplay,knekro,963
auronplay,Th3Antonio,609
auronplay,coscu,1054
auronplay,TheGrefg,3944
auronplay,IamCristinini,3014
auronplay,Vicens,1401
auronplay,IlloJuan,1041
auronplay,Brunenger,578
auronplay,Perxitaa,3572
auronplay,ElmiilloR,892
auronplay,FolagorLives,562
auronplay,Rubius,18996
HoneyMad,VooDooSh,586
HoneyMad,Evelone192,750
HoneyMad,Dota2RuHub,1385
HoneyMad,buster,656
HoneyMad,epic_sh4doweh,797
HoneyMad,KarmikKoala,1874
HoneyMad,WELOVEGAMES,636
calango,Felps,614
calango,mount,698
calango,Rakin,592
calango,Gabi,2344
calango,alanzoka,559
Crowder,NICKMERCS,922
Crowder,TimTheTatman,527
henriquehen1,Gaules,874
henriquehen1,gafallen,1534
henriquehen1,fer,863
henriquehen1,fnxLNTC,1619
henriquehen1,deercheerup,1713
beschttv,GeorgeNotFound,1621
beschttv,tommyinnit,1450
beschttv,BadBoyHalo,2195
beschttv,Philza,665
beschttv,awesamdude,573
beschttv,Tubbo,1103
beschttv,Punz,3028
masondota2,Gorgc,2168
masondota2,epicenter_en1,2476
masondota2,AdmiralBulldog,829
masondota2,GunnarDotA2,1257
Nightblue3,loltyler1,1023
Yotobi,DarioMocciaTwitch,598
icebergdoto,Stray228,613
icebergdoto,Evelone192,575
icebergdoto,Dota2RuHub,2348
icebergdoto,9pasha,631
icebergdoto,epic_sh4doweh,1587
limit_maximum,Pikabooirl,501
limit_maximum,zackrawrr,702
limit_maximum,shroud,682
limit_maximum,Quin69,748
limit_maximum,sodapoppin,1163
limit_maximum,MitchJones,744
limit_maximum,GingiTV,604
RduLIVE,nl_Kripp,1317
RduLIVE,AsmodaiTV,1266
RduLIVE,Thijs,1762
RduLIVE,MerlinChess,589
RduLIVE,dogdog,1419
StableRonaldo_,SnaggyMo,817
StableRonaldo_,xQcOW,1962
StableRonaldo_,Ninja,1180
StableRonaldo_,Clix,8515
StableRonaldo_,SypherPK,923
StableRonaldo_,AdinRoss,6028
StableRonaldo_,RiceGum,554
StableRonaldo_,NICKMERCS,1512
StableRonaldo_,scoped,1282
StableRonaldo_,ops1x,1908
StableRonaldo_,Trainwreckstv,516
StableRonaldo_,Bugha,962
StableRonaldo_,UnknownxArmy,944
StableRonaldo_,bronny,785
Thijs,xQcOW,734
Thijs,nl_Kripp,1130
Thijs,shroud,558
Thijs,AsmodaiTV,703
Thijs,Firebat,522
Thijs,LIRIK,612
Thijs,RduLIVE,1762
Thijs,sodapoppin,638
Thijs,dogdog,939
velox,Moonryde,967
Jankos,xQcOW,1111
Jankos,sneakylol,513
Jankos,loltyler1,2668
Jankos,g2perkz,6055
Jankos,Rekkles,7518
Jankos,Faker,1264
Jankos,TFBlade,855
Jankos,ibai,592
Jankos,Doublelift,1362
Jankos,sodapoppin,571
Jankos,IWillDominate,513
Jankos,midbeast,745
rewinside,BastiGHG,526
rewinside,Trymacs,3925
rewinside,GTimeTV,508
rewinside,Rumathra,757
ibai,elded,1578
ibai,Staryuuki,934
ibai,LITkillah,1062
ibai,DuendePablo,1883
ibai,xQcOW,739
ibai,Ninja,842
ibai,Jelty,581
ibai,MYM_ALKAPONE,664
ibai,loltyler1,543
ibai,goncho,2990
ibai,g2perkz,1016
ibai,Rekkles,2539
ibai,Faker,797
ibai,x6FlipiN,909
ibai,alexelcapo,3984
ibai,blanchitooo,597
ibai,tv_congo,709
ibai,aroyitt,1602
ibai,LVPes,4031
ibai,Reborn_Live,2212
ibai,facubanzas,630
ibai,MarkiLokurasY,1691
ibai,MenosTrece,802
ibai,auronplay,19972
ibai,Jankos,592
ibai,ReventXz,7835
ibai,Alexby11,1555
ibai,knekro,4925
ibai,Th3Antonio,6871
ibai,coscu,3859
ibai,TheGrefg,8136
ibai,IamCristinini,6595
ibai,Vicens,2275
ibai,IlloJuan,4563
ibai,Brunenger,1403
ibai,G4G_REVENANT,1203
ibai,Werlyb,2510
ibai,Perxitaa,1875
ibai,ElmiilloR,10297
ibai,sujagg,575
ibai,TheMasterRodrigo,665
ibai,FolagorLives,1283
ibai,Rubius,19347
Toqtir,Jahrein,4141
Toqtir,PurpleBixi,2527
Toqtir,wtcN,651
Maxi,unsympathisch_tv,1631
Kyle,Ramee,564
Kyle,RatedEpicz,532
Kyle,PENTA,1062
Kyle,dasMEHDI,754
awesamdude,GeorgeNotFound,9800
awesamdude,tommyinnit,10438
awesamdude,BadBoyHalo,4772
awesamdude,Philza,5632
awesamdude,Nihachu,2520
awesamdude,beschttv,573
awesamdude,Eret,1806
awesamdude,Tubbo,7151
awesamdude,Sykkuno,1307
awesamdude,jacksepticeye,527
awesamdude,ludwig,510
awesamdude,Punz,2159
awesamdude,ConnorEatsPants,1680
awesamdude,DropsByPonk,702
awesamdude,5uppp,552
Eret,GeorgeNotFound,3530
Eret,tommyinnit,3735
Eret,BadBoyHalo,3475
Eret,Philza,1973
Eret,Nihachu,1090
Eret,awesamdude,1806
Eret,Tubbo,2750
Eret,Sykkuno,578
Eret,Punz,1575
Eret,ConnorEatsPants,635
Japczan,xQcOW,597
Japczan,Rekkles,591
Japczan,holak1337,4102
Japczan,EWROON,545
Marzz_Ow,Clix,1045
Marzz_Ow,ops1x,504
Tubbo,xQcOW,625
Tubbo,GeorgeNotFound,25882
Tubbo,tommyinnit,60545
Tubbo,BadBoyHalo,9834
Tubbo,pokimane,649
Tubbo,itsHafu,784
Tubbo,Philza,16893
Tubbo,Nihachu,7436
Tubbo,moistcr1tikal,629
Tubbo,beschttv,1103
Tubbo,awesamdude,7151
Tubbo,Eret,2750
Tubbo,Sykkuno,5251
Tubbo,Trainwreckstv,658
Tubbo,jacksepticeye,1745
Tubbo,ludwig,1950
Tubbo,Punz,3696
Tubbo,ConnorEatsPants,5301
Tubbo,DropsByPonk,1657
Tubbo,5uppp,2302
ShivFPS,playapex,2347
ShivFPS,xQcOW,664
ShivFPS,daltoosh,1919
ShivFPS,loustreams,1354
ShivFPS,Albralelie,585
ShivFPS,Rogue,1036
ShivFPS,TSM_ImperialHal,2970
ShivFPS,LuluLuvely,817
Shotz,summit1g,1210
Shotz,UberHaxorNova,599
Shotz,Ramee,4701
Shotz,RatedEpicz,5285
Shotz,PENTA,548
Shotz,Zombie_Barricades,2151
Shotz,dasMEHDI,3045
AriaSaki,Natsumiii,1243
AriaSaki,Mizkif,747
AriaSaki,xQcOW,823
AriaSaki,xChocoBars,1647
AriaSaki,shroud,579
AriaSaki,TinaKitten,3048
AriaSaki,BaboAbe,725
AriaSaki,Atrioc,816
AriaSaki,yvonnie,788
AriaSaki,pokimane,1664
AriaSaki,Ottomated,865
AriaSaki,itsHafu,1465
AriaSaki,Jinnytty,622
AriaSaki,QuarterJade,2694
AriaSaki,fuslie,3232
AriaSaki,Sykkuno,4911
AriaSaki,joeytuan,526
AriaSaki,Trainwreckstv,1254
AriaSaki,jacksepticeye,573
AriaSaki,ludwig,5047
AriaSaki,sodapoppin,561
AriaSaki,itsRyanHiga,2047
AriaSaki,39daph,1007
AriaSaki,Ash_on_LoL,3873
AriaSaki,5uppp,564
AriaSaki,bnans,1291
AriaSaki,peterparkTV,2582
AriaSaki,Masayoshi,807
Lobanjicaa,Evelone192,1014
Lobanjicaa,buster,694
Lobanjicaa,AhriNyan,897
Lobanjicaa,XANTAREScN,1133
fuslie,Natsumiii,892
fuslie,Mizkif,934
fuslie,xQcOW,1023
fuslie,GeorgeNotFound,626
fuslie,xChocoBars,1828
fuslie,shroud,540
fuslie,TinaKitten,5107
fuslie,Atrioc,828
fuslie,yvonnie,1257
fuslie,pokimane,2509
fuslie,itsHafu,1908
fuslie,Jinnytty,668
fuslie,SteveSuptic,514
fuslie,QuarterJade,2798
fuslie,dakotaz,800
fuslie,AriaSaki,3232
fuslie,neeko,744
fuslie,Sykkuno,8498
fuslie,Trainwreckstv,1171
fuslie,HasanAbi,528
fuslie,jacksepticeye,2157
fuslie,ludwig,5939
fuslie,itsRyanHiga,1285
fuslie,39daph,886
fuslie,Ash_on_LoL,1832
fuslie,5uppp,679
fuslie,bnans,732
fuslie,peterparkTV,2667
fuslie,Masayoshi,1798
ZLOYn,Evelone192,5940
ZLOYn,buster,5878
ZLOYn,PCH3LK1N,1252
ZLOYn,AhriNyan,2392
ZLOYn,mokrivskyi,4067
ZLOYn,dinablin,575
ZLOYn,modestal,560
ZLOYn,karavay46,1109
wavyjacob,Clix,703
wavyjacob,scoped,520
Bidule,Gotaga,587
Bidule,ROSHTEIN,607
Steelmage,Quin69,698
itsRiaad,eliasn97,1682
AhriNyan,Stray228,599
AhriNyan,1mpala,558
AhriNyan,Evelone192,18300
AhriNyan,Dota2RuHub,927
AhriNyan,buster,12317
AhriNyan,PCH3LK1N,1578
AhriNyan,Lobanjicaa,897
AhriNyan,ZLOYn,2392
AhriNyan,JesusAVGN,677
AhriNyan,epic_sh4doweh,617
AhriNyan,mokrivskyi,4054
AhriNyan,XANTAREScN,606
AhriNyan,dinablin,922
AhriNyan,modestal,993
AhriNyan,Dosia_csgo,3175
AhriNyan,des0ut,1355
AhriNyan,karavay46,1823
takeshi,PatoPapao,1092
Brawlhalla,boomiexd,8713
ybicanoooobov,Stray228,2303
ybicanoooobov,Evelone192,951
ybicanoooobov,Dota2RuHub,3181
ybicanoooobov,buster,792
ybicanoooobov,epic_sh4doweh,519
mistermv,Locklear,504
mistermv,Sardoche,1711
mistermv,Shaunz,939
mistermv,Ponce,2794
mistermv,Solary,544
mistermv,Joueur_du_Grenier,2046
mistermv,Laink,1554
mistermv,Gotaga,866
mistermv,AntoineDanielLive,2687
mistermv,lestream,2603
mistermv,Alderiate,657
JesusAVGN,Evelone192,2536
JesusAVGN,buster,1934
JesusAVGN,AhriNyan,677
JesusAVGN,mokrivskyi,596
JesusAVGN,modestal,587
Tfue,summit1g,815
Tfue,xQcOW,2538
Tfue,Ninja,1642
Tfue,DrLupo,570
Tfue,Clix,1205
Tfue,shroud,728
Tfue,SypherPK,689
Tfue,tommyinnit,509
Tfue,Symfuhny,1016
Tfue,NICKMERCS,2292
Tfue,Trainwreckstv,747
Tfue,TimTheTatman,882
PainLivestream,eliasn97,995
Towelliee,notmes,1062
Towelliee,sodapoppin,583
GradyWhite_,elded,1074
GradyWhite_,RobertoCein,579
GradyWhite_,Rubius,617
HusKerrs,Swagg,1563
HusKerrs,Aydan,933
HusKerrs,GD_booya,588
HusKerrs,Symfuhny,2692
HusKerrs,MuTeX,779
HusKerrs,NICKMERCS,2778
HusKerrs,TeePee,557
HusKerrs,TimTheTatman,1151
HusKerrs,averagejoewo,866
Shaunz,Sardoche,1377
Shaunz,mistermv,939
Shaunz,Ponce,994
Shaunz,Solary,853
Shaunz,Gotaga,1058
Shaunz,AntoineDanielLive,665
Shaunz,lestream,800
Shaunz,Alderiate,686
Trymacs,Amar,2007
Trymacs,BastiGHG,1426
Trymacs,unsympathisch_tv,987
Trymacs,rewinside,3925
Trymacs,Nikeles,693
Trymacs,ELoTRiX,1565
Trymacs,eliasn97,2798
Trymacs,GTimeTV,2195
Trymacs,ROSHTEIN,539
Trymacs,SparkofPhoenixTV,791
Trymacs,NoWay4u_Sir,622
Trymacs,Rumathra,4653
tarik,WARDELL,533
tarik,xQcOW,732
tarik,shroud,545
tarik,TenZ,842
LosPollosTV,Mizkif,633
LosPollosTV,xQcOW,1247
LosPollosTV,Ninja,572
LosPollosTV,BruceDropEmOff,796
LosPollosTV,AdinRoss,1986
LosPollosTV,Flight23white,576
LosPollosTV,NICKMERCS,1517
LosPollosTV,Trainwreckstv,734
LosPollosTV,ludwig,754
BlackUFA,WELOVEGAMES,536
ReventXz,Rekkles,623
ReventXz,alexelcapo,707
ReventXz,LVPes,868
ReventXz,auronplay,887
ReventXz,ibai,7835
ReventXz,knekro,908
ReventXz,Th3Antonio,1191
ReventXz,IamCristinini,781
ReventXz,IlloJuan,588
ReventXz,Werlyb,836
ReventXz,ElmiilloR,2789
ReventXz,Rubius,1520
neeko,xQcOW,543
neeko,fuslie,744
chowh1,Sardoche,540
chowh1,SackziTV,1330
chowh1,Gotaga,2070
ChristianVieriOfficial,ZanoXVII,966
LuluLuvely,playapex,610
LuluLuvely,daltoosh,698
LuluLuvely,TSM_ImperialHal,1349
LuluLuvely,ShivFPS,817
Sykkuno,ChilledChaos,609
Sykkuno,summit1g,709
Sykkuno,dunkstream,643
Sykkuno,Natsumiii,1072
Sykkuno,julien,1246
Sykkuno,WARDELL,620
Sykkuno,Mizkif,1769
Sykkuno,xQcOW,3404
Sykkuno,Ninja,1532
Sykkuno,GeorgeNotFound,7952
Sykkuno,xChocoBars,1852
Sykkuno,DrLupo,998
Sykkuno,Clix,1073
Sykkuno,shroud,1054
Sykkuno,Scarra,658
Sykkuno,loltyler1,943
Sykkuno,TinaKitten,7523
Sykkuno,SypherPK,726
Sykkuno,TenZ,522
Sykkuno,BaboAbe,879
Sykkuno,Atrioc,4287
Sykkuno,yvonnie,884
Sykkuno,tommyinnit,9869
Sykkuno,Rekkles,688
Sykkuno,BadBoyHalo,1894
Sykkuno,pokimane,5491
Sykkuno,Ottomated,718
Sykkuno,Nmplol,552
Sykkuno,itsHafu,5427
Sykkuno,Jinnytty,570
Sykkuno,SteveSuptic,1531
Sykkuno,Philza,2041
Sykkuno,QuarterJade,4487
Sykkuno,NICKMERCS,1751
Sykkuno,Nihachu,1234
Sykkuno,moistcr1tikal,1539
Sykkuno,LIRIK,558
Sykkuno,dakotaz,2524
Sykkuno,awesamdude,1307
Sykkuno,Eret,578
Sykkuno,Tubbo,5251
Sykkuno,AriaSaki,4911
Sykkuno,fuslie,8498
Sykkuno,joeytuan,1098
Sykkuno,Trainwreckstv,4132
Sykkuno,TimTheTatman,1221
Sykkuno,HasanAbi,986
Sykkuno,jacksepticeye,11927
Sykkuno,Doublelift,526
Sykkuno,ludwig,20470
Sykkuno,sodapoppin,802
Sykkuno,Punz,856
Sykkuno,ConnorEatsPants,895
Sykkuno,itsRyanHiga,2621
Sykkuno,39daph,653
Sykkuno,GMHikaru,819
Sykkuno,Ash_on_LoL,4074
Sykkuno,5uppp,2886
Sykkuno,bnans,886
Sykkuno,peterparkTV,4511
Sykkuno,Masayoshi,1862
Loeya,Chica,521
Loeya,Ninja,1032
Loeya,DrLupo,574
Loeya,SypherPK,831
Loeya,NICKMERCS,794
epic_sh4doweh,Stray228,729
epic_sh4doweh,Evelone192,1812
epic_sh4doweh,Dota2RuHub,3933
epic_sh4doweh,9pasha,1356
epic_sh4doweh,epicenter_en1,555
epic_sh4doweh,Dota2ruhub2,1018
epic_sh4doweh,buster,1782
epic_sh4doweh,HoneyMad,797
epic_sh4doweh,icebergdoto,1587
epic_sh4doweh,AhriNyan,617
epic_sh4doweh,ybicanoooobov,519
Nikeles,Trymacs,693
Vlesk,Broeki1,552
Vlesk,NoWay4u_Sir,579
joeytuan,QuarterJade,3669
joeytuan,AriaSaki,526
joeytuan,Sykkuno,1098
joeytuan,ludwig,889
Trainwreckstv,Destiny,1457
Trainwreckstv,summit1g,2312
Trainwreckstv,zackrawrr,873
Trainwreckstv,dunkstream,635
Trainwreckstv,Mizkif,7531
Trainwreckstv,willneff,607
Trainwreckstv,melina,540
Trainwreckstv,EsfandTV,1479
Trainwreckstv,xQcOW,15058
Trainwreckstv,Ninja,1901
Trainwreckstv,Gaules,537
Trainwreckstv,MOONMOON,994
Trainwreckstv,GeorgeNotFound,629
Trainwreckstv,DrLupo,829
Trainwreckstv,Clix,1146
Trainwreckstv,shroud,2726
Trainwreckstv,loltyler1,2535
Trainwreckstv,roflgator,708
Trainwreckstv,TinaKitten,913
Trainwreckstv,SypherPK,637
Trainwreckstv,AdinRoss,651
Trainwreckstv,Atrioc,1081
Trainwreckstv,tommyinnit,924
Trainwreckstv,g2perkz,616
Trainwreckstv,Rekkles,630
Trainwreckstv,pokimane,3029
Trainwreckstv,Nmplol,5037
Trainwreckstv,itsHafu,4266
Trainwreckstv,Symfuhny,931
Trainwreckstv,Jinnytty,1623
Trainwreckstv,Greekgodx,2961
Trainwreckstv,SteveSuptic,1718
Trainwreckstv,Philza,585
Trainwreckstv,QuarterJade,743
Trainwreckstv,NICKMERCS,2712
Trainwreckstv,moistcr1tikal,943
Trainwreckstv,LIRIK,1891
Trainwreckstv,dakotaz,4091
Trainwreckstv,StableRonaldo_,516
Trainwreckstv,Tubbo,658
Trainwreckstv,AriaSaki,1254
Trainwreckstv,fuslie,1171
Trainwreckstv,Tfue,747
Trainwreckstv,LosPollosTV,734
Trainwreckstv,Sykkuno,4132
Trainwreckstv,Castro_1021,744
Trainwreckstv,Maya,2486
Trainwreckstv,TimTheTatman,1489
Trainwreckstv,HasanAbi,3247
Trainwreckstv,Quin69,675
Trainwreckstv,jacksepticeye,707
Trainwreckstv,NymN,1614
Trainwreckstv,ludwig,7926
Trainwreckstv,sodapoppin,4423
Trainwreckstv,MitchJones,2545
Trainwreckstv,pokelawls,2837
Trainwreckstv,39daph,985
Trainwreckstv,GMHikaru,1505
Trainwreckstv,Ash_on_LoL,793
Trainwreckstv,5uppp,2755
Trainwreckstv,peterparkTV,1865
NiteNightKid,summit1g,1718
SquishyMuffinz,ItsJSTN,775
SquishyMuffinz,JohnnyBoi_i,707
Cerbero_Podcast,ilMasseo,511
Cerbero_Podcast,DarioMocciaTwitch,1422
AvoidingThePuddle,MOONMOON,552
w0xic,XANTAREScN,2028
w0xic,wtcN,812
Spaceboy,PENTA,634
Alexby11,aroyitt,1278
Alexby11,Reborn_Live,506
Alexby11,auronplay,2461
Alexby11,ibai,1555
Alexby11,Rubius,4350
MerlinChess,Dota2RuHub,615
MerlinChess,RduLIVE,589
mokrivskyi,1mpala,633
mokrivskyi,Evelone192,12045
mokrivskyi,buster,11683
mokrivskyi,PCH3LK1N,1867
mokrivskyi,ZLOYn,4067
mokrivskyi,AhriNyan,4054
mokrivskyi,JesusAVGN,596
mokrivskyi,dinablin,830
mokrivskyi,modestal,751
mokrivskyi,Dosia_csgo,545
mokrivskyi,GAECHKATM,505
mokrivskyi,des0ut,890
mokrivskyi,karavay46,2509
SrElemao,TheGrefg,729
SrElemao,Rubius,1628
annadeniz,Eray,542
annadeniz,Elraenn,2470
annadeniz,wtcN,1125
DeuceAce,Xposed,621
DeuceAce,ROSHTEIN,11848
AdmiralBulldog,xQcOW,1484
AdmiralBulldog,shroud,563
AdmiralBulldog,Gorgc,2295
AdmiralBulldog,epicenter_en1,1952
AdmiralBulldog,LIRIK,658
AdmiralBulldog,masondota2,829
AdmiralBulldog,sodapoppin,696
Castro_1021,summit1g,715
Castro_1021,Mizkif,540
Castro_1021,xQcOW,1435
Castro_1021,Ninja,1130
Castro_1021,Clix,664
Castro_1021,shroud,639
Castro_1021,loltyler1,506
Castro_1021,Symfuhny,678
Castro_1021,Syndicate,745
Castro_1021,NICKMERCS,1638
Castro_1021,LIRIK,558
Castro_1021,Trainwreckstv,744
Castro_1021,TimTheTatman,694
Castro_1021,ludwig,512
Castro_1021,sodapoppin,539
Castro_1021,Nick28T,635
Castro_1021,Pieface23,1912
Castro_1021,scump,676
Maya,Destiny,536
Maya,summit1g,804
Maya,zackrawrr,640
Maya,Mizkif,10754
Maya,EsfandTV,1374
Maya,xQcOW,5126
Maya,MOONMOON,602
Maya,shroud,1658
Maya,loltyler1,853
Maya,notmes,670
Maya,pokimane,1364
Maya,Nmplol,10330
Maya,Jinnytty,2719
Maya,Greekgodx,1324
Maya,LIRIK,1132
Maya,Trainwreckstv,2486
Maya,TimTheTatman,536
Maya,HasanAbi,1679
Maya,NymN,834
Maya,ludwig,3425
Maya,sodapoppin,4187
Maya,MitchJones,2806
Maya,pokelawls,1831
Maya,39daph,600
fnxLNTC,casimito,639
fnxLNTC,Gaules,2004
fnxLNTC,gafallen,2952
fnxLNTC,fer,1477
fnxLNTC,henriquehen1,1619
fnxLNTC,pr4ass,666
fnxLNTC,deercheerup,3485
fnxLNTC,aXtLOL,550
fnxLNTC,alanzoka,647
knekro,alexelcapo,2111
knekro,LVPes,637
knekro,auronplay,963
knekro,ibai,4925
knekro,ReventXz,908
knekro,Th3Antonio,2063
knekro,IlloJuan,1544
knekro,G4G_REVENANT,1408
knekro,ElmiilloR,2363
knekro,Rubius,1845
k3soju,boxbox,510
k3soju,xQcOW,701
k3soju,loltyler1,762
k3soju,Rekkles,680
k3soju,Kurumx,1269
k3soju,Doublelift,650
k3soju,ludwig,692
k3soju,keanelol,1134
pr4ass,Gaules,793
pr4ass,gafallen,766
pr4ass,fer,524
pr4ass,fnxLNTC,666
pr4ass,deercheerup,849
AdmiralBahroo,summit1g,984
AdmiralBahroo,xQcOW,1001
AdmiralBahroo,Arcadum,687
AdmiralBahroo,MOONMOON,2020
AdmiralBahroo,nl_Kripp,522
AdmiralBahroo,shroud,832
AdmiralBahroo,loltyler1,525
AdmiralBahroo,CohhCarnage,2728
AdmiralBahroo,LIRIK,1286
AdmiralBahroo,HasanAbi,569
AdmiralBahroo,ludwig,541
AdmiralBahroo,sodapoppin,1364
AdmiralBahroo,Maximilian_DOOD,530
Chips,Jahrein,588
Chips,Elraenn,805
Chips,wtcN,668
ItsJSTN,SquishyMuffinz,775
ItsJSTN,JohnnyBoi_i,523
Freneh,POW3Rtv,645
Freneh,ilMasseo,716
Freneh,ZanoXVII,2474
Freneh,Tumblurr,2086
Th3Antonio,Rekkles,628
Th3Antonio,alexelcapo,873
Th3Antonio,LVPes,1244
Th3Antonio,auronplay,609
Th3Antonio,ibai,6871
Th3Antonio,ReventXz,1191
Th3Antonio,knekro,2063
Th3Antonio,IamCristinini,501
Th3Antonio,IlloJuan,546
Th3Antonio,Werlyb,830
Th3Antonio,ElmiilloR,2453
Th3Antonio,Rubius,1162
Nikobaby_,epicenter_en1,862
xXxTheFocuSxXx,Perxitaa,1143
coscu,LITkillah,1780
coscu,DuendePablo,1969
coscu,goncho,5527
coscu,Bananirou,554
coscu,facubanzas,1315
coscu,auronplay,1054
coscu,ibai,3859
coscu,TheGrefg,821
coscu,Brunenger,2587
coscu,ElmiilloR,618
coscu,TheMasterRodrigo,1452
coscu,Rubius,1941
DarioMocciaTwitch,melina,963
DarioMocciaTwitch,panetty,566
DarioMocciaTwitch,ilMasseo,1127
DarioMocciaTwitch,Yotobi,598
DarioMocciaTwitch,Cerbero_Podcast,1422
DarioMocciaTwitch,Tumblurr,539
DarioMocciaTwitch,Everyeyeit,1385
XANTAREScN,Evelone192,723
XANTAREScN,buster,515
XANTAREScN,Lobanjicaa,1133
XANTAREScN,AhriNyan,606
XANTAREScN,w0xic,2028
XANTAREScN,Elraenn,952
XANTAREScN,wtcN,696
FabienneXIII,eliasn97,1914
maxim,NoWay4u_Sir,952
Ponce,Locklear,801
Ponce,Sardoche,3450
Ponce,mistermv,2794
Ponce,Shaunz,994
Ponce,Joueur_du_Grenier,1702
Ponce,Tonton,543
Ponce,Laink,2071
Ponce,Skyyart,518
Ponce,JeelTV,819
Ponce,Gotaga,1511
Ponce,AntoineDanielLive,4191
Ponce,lestream,4443
Ponce,Alderiate,678
Solary,Rekkles,578
Solary,Sardoche,1291
Solary,mistermv,544
Solary,Shaunz,853
Solary,Gotaga,700
Solary,lestream,660
Solary,Alderiate,2071
Joueur_du_Grenier,Locklear,532
Joueur_du_Grenier,Sardoche,1076
Joueur_du_Grenier,mistermv,2046
Joueur_du_Grenier,Ponce,1702
Joueur_du_Grenier,Laink,1002
Joueur_du_Grenier,AntoineDanielLive,3036
Joueur_du_Grenier,lestream,1426
TimTheTatman,summit1g,3708
TimTheTatman,Mizkif,1668
TimTheTatman,Swagg,1881
TimTheTatman,xQcOW,4280
TimTheTatman,Ninja,3872
TimTheTatman,MOONMOON,766
TimTheTatman,DrLupo,3960
TimTheTatman,Clix,850
TimTheTatman,shroud,2725
TimTheTatman,loltyler1,1105
TimTheTatman,Aydan,601
TimTheTatman,SypherPK,1249
TimTheTatman,Nadeshot,1767
TimTheTatman,pokimane,1024
TimTheTatman,Nmplol,1692
TimTheTatman,Symfuhny,3676
TimTheTatman,Syndicate,689
TimTheTatman,NICKMERCS,13187
TimTheTatman,CohhCarnage,922
TimTheTatman,LIRIK,1359
TimTheTatman,dakotaz,772
TimTheTatman,Crowder,527
TimTheTatman,Tfue,882
TimTheTatman,HusKerrs,1151
TimTheTatman,Sykkuno,1221
TimTheTatman,Trainwreckstv,1489
TimTheTatman,Castro_1021,694
TimTheTatman,Maya,536
TimTheTatman,HasanAbi,836
TimTheTatman,ludwig,1705
TimTheTatman,sodapoppin,2406
TimTheTatman,MitchJones,754
TimTheTatman,ImDilla,2535
TimTheTatman,scump,1139
HasanAbi,Destiny,1165
HasanAbi,summit1g,1477
HasanAbi,zackrawrr,710
HasanAbi,Kitboga,607
HasanAbi,dunkstream,2492
HasanAbi,Mizkif,4349
HasanAbi,willneff,5947
HasanAbi,melina,556
HasanAbi,EsfandTV,1202
HasanAbi,xQcOW,7724
HasanAbi,Ninja,659
HasanAbi,Vinesauce,552
HasanAbi,MOONMOON,2093
HasanAbi,DrLupo,508
HasanAbi,shroud,1865
HasanAbi,loltyler1,1428
HasanAbi,roflgator,895
HasanAbi,Atrioc,561
HasanAbi,pokimane,1223
HasanAbi,Nmplol,3582
HasanAbi,itsHafu,536
HasanAbi,Jinnytty,1721
HasanAbi,Greekgodx,1181
HasanAbi,NICKMERCS,754
HasanAbi,CohhCarnage,825
HasanAbi,moistcr1tikal,924
HasanAbi,LIRIK,2128
HasanAbi,GothamChess,994
HasanAbi,fuslie,528
HasanAbi,Sykkuno,986
HasanAbi,Trainwreckstv,3247
HasanAbi,Maya,1679
HasanAbi,AdmiralBahroo,569
HasanAbi,TimTheTatman,836
HasanAbi,Quin69,594
HasanAbi,NymN,1095
HasanAbi,ludwig,4132
HasanAbi,sodapoppin,3254
HasanAbi,MitchJones,1459
HasanAbi,Maximilian_DOOD,547
HasanAbi,pokelawls,1640
HasanAbi,39daph,1403
HasanAbi,GMHikaru,1401
HasanAbi,Northernlion,1350
HasanAbi,PaymoneyWubby,549
Recrent,Evelone192,1449
Recrent,Dota2RuHub,890
Recrent,buster,1270
Recrent,iLame,679
Smoke,summit1g,1024
Smoke,shroud,2978
Smoke,LIRIK,581
Smoke,TheRunningManZ,1373
Quin69,summit1g,1151
Quin69,Pikabooirl,692
Quin69,zackrawrr,1494
Quin69,Mizkif,992
Quin69,EsfandTV,678
Quin69,xQcOW,1657
Quin69,MOONMOON,799
Quin69,shroud,1884
Quin69,loltyler1,843
Quin69,Nmplol,945
Quin69,Jinnytty,524
Quin69,CohhCarnage,543
Quin69,LIRIK,1339
Quin69,limit_maximum,748
Quin69,Steelmage,698
Quin69,Trainwreckstv,675
Quin69,HasanAbi,594
Quin69,ludwig,526
Quin69,sodapoppin,4653
Quin69,MitchJones,2037
Quin69,Preachlfw,613
harbleu,xQcOW,588
harbleu,supertf,708
Tectone,Enviosity,847
TheGrefg,elded,1684
TheGrefg,Staryuuki,815
TheGrefg,LITkillah,509
TheGrefg,Ninja,812
TheGrefg,Jelty,1358
TheGrefg,Clix,602
TheGrefg,Reborn_Live,524
TheGrefg,MarkiLokurasY,1352
TheGrefg,auronplay,3944
TheGrefg,ibai,8136
TheGrefg,SrElemao,729
TheGrefg,coscu,821
TheGrefg,IamCristinini,977
TheGrefg,Vicens,3811
TheGrefg,Bugha,809
TheGrefg,ElmiilloR,578
TheGrefg,FolagorLives,564
TheGrefg,Rubius,9698
Gokhan_Oner,Jahrein,785
Gokhan_Oner,Elraenn,1025
Gokhan_Oner,wtcN,961
ZanoXVII,POW3Rtv,2418
ZanoXVII,ilMasseo,1475
ZanoXVII,Delux,1748
ZanoXVII,ChristianVieriOfficial,966
ZanoXVII,Freneh,2474
ZanoXVII,Tumblurr,3910
PiazzTwitch,POW3Rtv,569
jacksepticeye,julien,1037
jacksepticeye,xQcOW,576
jacksepticeye,GeorgeNotFound,2384
jacksepticeye,TinaKitten,1732
jacksepticeye,Atrioc,906
jacksepticeye,CrankGameplays,710
jacksepticeye,tommyinnit,3342
jacksepticeye,BadBoyHalo,613
jacksepticeye,pokimane,1046
jacksepticeye,itsHafu,915
jacksepticeye,SteveSuptic,509
jacksepticeye,Philza,997
jacksepticeye,QuarterJade,556
jacksepticeye,moistcr1tikal,871
jacksepticeye,dakotaz,538
jacksepticeye,awesamdude,527
jacksepticeye,Tubbo,1745
jacksepticeye,AriaSaki,573
jacksepticeye,fuslie,2157
jacksepticeye,Sykkuno,11927
jacksepticeye,Trainwreckstv,707
jacksepticeye,ludwig,3587
jacksepticeye,5uppp,713
jacksepticeye,peterparkTV,809
jacksepticeye,Masayoshi,764
NymN,Mizkif,1656
NymN,EsfandTV,517
NymN,xQcOW,2585
NymN,MOONMOON,663
NymN,shroud,676
NymN,loltyler1,524
NymN,pokimane,556
NymN,Nmplol,1713
NymN,Jinnytty,625
NymN,Greekgodx,850
NymN,LIRIK,878
NymN,Trainwreckstv,1614
NymN,Maya,834
NymN,HasanAbi,1095
NymN,ludwig,577
NymN,sodapoppin,1837
NymN,MitchJones,655
NymN,pokelawls,1718
NymN,39daph,632
Doublelift,xQcOW,1084
Doublelift,Captainflowers22,896
Doublelift,sneakylol,1899
Doublelift,shroud,731
Doublelift,loltyler1,2683
Doublelift,g2perkz,2271
Doublelift,Rekkles,3706
Doublelift,Faker,1077
Doublelift,CoreJJ,697
Doublelift,TFBlade,819
Doublelift,Jankos,1362
Doublelift,Sykkuno,526
Doublelift,k3soju,650
Doublelift,ludwig,743
Doublelift,sodapoppin,656
Doublelift,IWillDominate,716
Doublelift,GMHikaru,516
Doublelift,dopa24,513
Doublelift,midbeast,520
BotezLive,xQcOW,710
BotezLive,ludwig,593
BotezLive,GMHikaru,1107
jean_mago,tinowns,1569
jean_mago,Mylonzete,548
jean_mago,aXtLOL,622
jean_mago,Baiano,1588
jean_mago,alanzoka,718
SkyshockTV,MYM_ALKAPONE,1338
IamCristinini,aroyitt,706
IamCristinini,LVPes,806
IamCristinini,auronplay,3014
IamCristinini,ibai,6595
IamCristinini,ReventXz,781
IamCristinini,Th3Antonio,501
IamCristinini,TheGrefg,977
IamCristinini,ElmiilloR,673
IamCristinini,Rubius,3190
Tonton,Ponce,543
Tonton,lestream,570
Broeki1,Vlesk,552
Broeki1,NoWay4u_Sir,2096
JLBichouu,JLTomy,4315
EmadGG,Ninja,821
EmadGG,Clix,1208
EmadGG,SypherPK,728
EmadGG,NICKMERCS,824
EmadGG,scoped,578
EmadGG,ops1x,576
Arab,Clix,1571
Arab,scoped,839
Arab,ops1x,550
Doigby,Gotaga,2080
Laink,Locklear,605
Laink,Sardoche,1291
Laink,mistermv,1554
Laink,Ponce,2071
Laink,Joueur_du_Grenier,1002
Laink,Gotaga,683
Laink,AntoineDanielLive,3569
Laink,lestream,1406
GernaderJake,Gladd,513
Elraenn,Eray,2005
Elraenn,Jahrein,2489
Elraenn,PurpleBixi,1133
Elraenn,FabulousN,655
Elraenn,Rammus53,679
Elraenn,annadeniz,2470
Elraenn,Chips,805
Elraenn,XANTAREScN,952
Elraenn,Gokhan_Oner,1025
Elraenn,CyberRulzTv,1057
Elraenn,wtcN,4429
Elraenn,Lunawae,6633
xTheSolutionTV,ELoTRiX,502
ludwig,Destiny,1116
ludwig,summit1g,2076
ludwig,Ramee,1075
ludwig,zackrawrr,817
ludwig,dunkstream,2424
ludwig,Natsumiii,964
ludwig,WARDELL,975
ludwig,Mizkif,17010
ludwig,willneff,829
ludwig,melina,640
ludwig,EsfandTV,1256
ludwig,xQcOW,13404
ludwig,Ninja,1572
ludwig,MOONMOON,1314
ludwig,GeorgeNotFound,2316
ludwig,xChocoBars,1911
ludwig,DrLupo,920
ludwig,nl_Kripp,501
ludwig,Clix,617
ludwig,shroud,2974
ludwig,Scarra,640
ludwig,loltyler1,2274
ludwig,roflgator,786
ludwig,TinaKitten,4571
ludwig,TenZ,696
ludwig,Nadeshot,675
ludwig,BaboAbe,925
ludwig,Atrioc,15823
ludwig,yvonnie,830
ludwig,tommyinnit,4052
ludwig,notmes,662
ludwig,g2perkz,614
ludwig,Rekkles,892
ludwig,BadBoyHalo,867
ludwig,pokimane,4865
ludwig,CallMeCarsonLIVE,1064
ludwig,Ottomated,1205
ludwig,Nmplol,5056
ludwig,itsHafu,3285
ludwig,Jinnytty,2027
ludwig,Greekgodx,1171
ludwig,SteveSuptic,1175
ludwig,Philza,1730
ludwig,SmallAnt,997
ludwig,QuarterJade,3913
ludwig,NICKMERCS,1665
ludwig,Nihachu,624
ludwig,moistcr1tikal,2734
ludwig,sleepy,553
ludwig,LIRIK,1902
ludwig,GothamChess,865
ludwig,dakotaz,1677
ludwig,awesamdude,510
ludwig,Tubbo,1950
ludwig,AriaSaki,5047
ludwig,fuslie,5939
ludwig,LosPollosTV,754
ludwig,Sykkuno,20470
ludwig,joeytuan,889
ludwig,Trainwreckstv,7926
ludwig,Castro_1021,512
ludwig,Maya,3425
ludwig,k3soju,692
ludwig,AdmiralBahroo,541
ludwig,TimTheTatman,1705
ludwig,HasanAbi,4132
ludwig,Quin69,526
ludwig,jacksepticeye,3587
ludwig,NymN,577
ludwig,Doublelift,743
ludwig,BotezLive,593
ludwig,sodapoppin,3875
ludwig,MitchJones,2592
ludwig,ConnorEatsPants,3792
ludwig,pokelawls,1464
ludwig,Yogscast,589
ludwig,itsRyanHiga,2456
ludwig,39daph,1302
ludwig,GMHikaru,2186
ludwig,Ash_on_LoL,5321
ludwig,5uppp,1648
ludwig,bnans,1667
ludwig,PointCrow,1669
ludwig,peterparkTV,4304
ludwig,Masayoshi,1505
ludwig,PaymoneyWubby,1598
Replays,Ninja,579
Replays,SypherPK,672
Replays,NICKMERCS,702
Bronx,OhTofu,1130
Bronx,Otzdarva,568
Skyyart,Sardoche,905
Skyyart,Ponce,518
Skyyart,Gotaga,736
Skyyart,AntoineDanielLive,555
Gladd,xQcOW,630
Gladd,GernaderJake,513
OhTofu,Bronx,1130
sodapoppin,Destiny,1235
sodapoppin,summit1g,4326
sodapoppin,Pikabooirl,1550
sodapoppin,zackrawrr,4524
sodapoppin,dunkstream,847
sodapoppin,Mizkif,8563
sodapoppin,willneff,582
sodapoppin,melina,711
sodapoppin,EsfandTV,2439
sodapoppin,xQcOW,11271
sodapoppin,Ninja,1135
sodapoppin,MOONMOON,4186
sodapoppin,sneakylol,502
sodapoppin,DrLupo,951
sodapoppin,nl_Kripp,798
sodapoppin,shroud,7371
sodapoppin,Scarra,517
sodapoppin,loltyler1,3239
sodapoppin,roflgator,2487
sodapoppin,notmes,1150
sodapoppin,g2perkz,759
sodapoppin,Rekkles,1313
sodapoppin,Faker,571
sodapoppin,pokimane,1673
sodapoppin,Nmplol,11579
sodapoppin,itsHafu,718
sodapoppin,Jinnytty,2670
sodapoppin,Gorgc,666
sodapoppin,Greekgodx,2213
sodapoppin,epicenter_en1,587
sodapoppin,QuarterJade,663
sodapoppin,NICKMERCS,1196
sodapoppin,CohhCarnage,1229
sodapoppin,moistcr1tikal,657
sodapoppin,LIRIK,6491
sodapoppin,cdewx,1682
sodapoppin,limit_maximum,1163
sodapoppin,Thijs,638
sodapoppin,Jankos,571
sodapoppin,AriaSaki,561
sodapoppin,Towelliee,583
sodapoppin,Sykkuno,802
sodapoppin,Trainwreckstv,4423
sodapoppin,AdmiralBulldog,696
sodapoppin,Castro_1021,539
sodapoppin,Maya,4187
sodapoppin,AdmiralBahroo,1364
sodapoppin,TimTheTatman,2406
sodapoppin,HasanAbi,3254
sodapoppin,Quin69,4653
sodapoppin,NymN,1837
sodapoppin,Doublelift,656
sodapoppin,ludwig,3875
sodapoppin,dogdog,599
sodapoppin,MitchJones,10994
sodapoppin,Maximilian_DOOD,630
sodapoppin,Preachlfw,743
sodapoppin,pokelawls,3500
sodapoppin,GingiTV,756
sodapoppin,Yogscast,760
sodapoppin,39daph,1211
sodapoppin,GMHikaru,1132
Tiagovski555YT,Move_Mind,1030
Tiagovski555YT,alexandresantoscomedy90,1640
dogdog,xQcOW,553
dogdog,nl_Kripp,1158
dogdog,AsmodaiTV,806
dogdog,itsHafu,660
dogdog,RduLIVE,1419
dogdog,Thijs,939
dogdog,sodapoppin,599
JeelTV,Ponce,819
JeelTV,Gotaga,524
JeelTV,lestream,743
MitchJones,Destiny,799
MitchJones,summit1g,1525
MitchJones,Pikabooirl,1837
MitchJones,zackrawrr,3074
MitchJones,Mizkif,8101
MitchJones,EsfandTV,1699
MitchJones,xQcOW,5445
MitchJones,Ninja,546
MitchJones,MOONMOON,851
MitchJones,shroud,3423
MitchJones,loltyler1,1723
MitchJones,roflgator,625
MitchJones,notmes,1128
MitchJones,Rekkles,625
MitchJones,pokimane,797
MitchJones,Nmplol,5388
MitchJones,Jinnytty,1696
MitchJones,Greekgodx,1217
MitchJones,LIRIK,1533
MitchJones,cdewx,2317
MitchJones,limit_maximum,744
MitchJones,Trainwreckstv,2545
MitchJones,Maya,2806
MitchJones,TimTheTatman,754
MitchJones,HasanAbi,1459
MitchJones,Quin69,2037
MitchJones,NymN,655
MitchJones,ludwig,2592
MitchJones,sodapoppin,10994
MitchJones,pokelawls,1566
Punz,GeorgeNotFound,5911
Punz,tommyinnit,5168
Punz,BadBoyHalo,6437
Punz,Philza,2241
Punz,Nihachu,1277
Punz,beschttv,3028
Punz,awesamdude,2159
Punz,Eret,1575
Punz,Tubbo,3696
Punz,Sykkuno,856
Punz,ConnorEatsPants,1037
Vicens,Jelty,748
Vicens,blanchitooo,511
Vicens,MarkiLokurasY,1023
Vicens,auronplay,1401
Vicens,ibai,2275
Vicens,TheGrefg,3811
Vicens,Rubius,1777
ELoTRiX,iNoiizY,1045
ELoTRiX,unsympathisch_tv,804
ELoTRiX,Trymacs,1565
ELoTRiX,xTheSolutionTV,502
ELoTRiX,eliasn97,707
ELoTRiX,Staiy,536
Maximilian_DOOD,summit1g,584
Maximilian_DOOD,xQcOW,824
Maximilian_DOOD,MOONMOON,648
Maximilian_DOOD,shroud,589
Maximilian_DOOD,CohhCarnage,968
Maximilian_DOOD,LIRIK,678
Maximilian_DOOD,AdmiralBahroo,530
Maximilian_DOOD,HasanAbi,547
Maximilian_DOOD,sodapoppin,630
dinablin,Evelone192,2516
dinablin,buster,2487
dinablin,PCH3LK1N,541
dinablin,ZLOYn,575
dinablin,AhriNyan,922
dinablin,mokrivskyi,830
dinablin,karavay46,767
ConnorEatsPants,Mizkif,681
ConnorEatsPants,xQcOW,685
ConnorEatsPants,GeorgeNotFound,5130
ConnorEatsPants,Atrioc,1026
ConnorEatsPants,tommyinnit,12894
ConnorEatsPants,BadBoyHalo,1950
ConnorEatsPants,Philza,3190
ConnorEatsPants,Nihachu,1746
ConnorEatsPants,awesamdude,1680
ConnorEatsPants,Eret,635
ConnorEatsPants,Tubbo,5301
ConnorEatsPants,Sykkuno,895
ConnorEatsPants,ludwig,3792
ConnorEatsPants,Punz,1037
Bugha,xQcOW,752
Bugha,Ninja,1819
Bugha,Jelty,615
Bugha,Clix,4821
Bugha,SypherPK,1378
Bugha,NICKMERCS,1537
Bugha,scoped,1197
Bugha,ops1x,740
Bugha,StableRonaldo_,962
Bugha,TheGrefg,809
Bugha,UnknownxArmy,532
Bugha,Rubius,555
boomiexd,Brawlhalla,8713
IlloJuan,alexelcapo,1306
IlloJuan,auronplay,1041
IlloJuan,ibai,4563
IlloJuan,ReventXz,588
IlloJuan,knekro,1544
IlloJuan,Th3Antonio,546
IlloJuan,ElmiilloR,1242
IlloJuan,Rubius,1604
IWillDominate,xQcOW,594
IWillDominate,Captainflowers22,678
IWillDominate,loltyler1,1215
IWillDominate,g2perkz,866
IWillDominate,Rekkles,798
IWillDominate,Jankos,513
IWillDominate,Doublelift,716
Tumblurr,POW3Rtv,1711
Tumblurr,ilMasseo,1397
Tumblurr,Delux,1421
Tumblurr,Freneh,2086
Tumblurr,DarioMocciaTwitch,539
Tumblurr,ZanoXVII,3910
Dashy,scump,990
ClassyBeef,ROSHTEIN,688
ImDilla,NICKMERCS,1071
ImDilla,TimTheTatman,2535
Sacriel,summit1g,694
Sacriel,shroud,614
Sacriel,CohhCarnage,574
Sacriel,LIRIK,577
Sacriel,bnans,716
eliasn97,Amar,1124
eliasn97,itsRiaad,1682
eliasn97,PainLivestream,995
eliasn97,Trymacs,2798
eliasn97,FabienneXIII,1914
eliasn97,ELoTRiX,707
mitr0,Clix,1644
mitr0,ops1x,531
FlowPodcast,Gaules,530
FlowPodcast,gafallen,538
FlowPodcast,deercheerup,607
FlowPodcast,alanzoka,748
Mylonzete,tinowns,631
Mylonzete,jean_mago,548
Silvervale,ironmouse,869
Gotaga,Locklear,2370
Gotaga,Sardoche,4078
Gotaga,JLTomy,1526
Gotaga,BruceGrannec,1308
Gotaga,SackziTV,615
Gotaga,LeBouseuh,2323
Gotaga,Bidule,587
Gotaga,mistermv,866
Gotaga,Shaunz,1058
Gotaga,chowh1,2070
Gotaga,Ponce,1511
Gotaga,Solary,700
Gotaga,Doigby,2080
Gotaga,Laink,683
Gotaga,Skyyart,736
Gotaga,JeelTV,524
Gotaga,AntoineDanielLive,837
Gotaga,lestream,1942
Gotaga,RebeuDeter,589
deercheerup,casimito,1265
deercheerup,Gaules,5003
deercheerup,gafallen,3750
deercheerup,fer,1347
deercheerup,cidcidoso,698
deercheerup,henriquehen1,1713
deercheerup,fnxLNTC,3485
deercheerup,pr4ass,849
deercheerup,FlowPodcast,607
deercheerup,aXtLOL,552
deercheerup,alanzoka,1044
Nick28T,Castro_1021,635
Preachlfw,zackrawrr,509
Preachlfw,Quin69,613
Preachlfw,sodapoppin,743
GTimeTV,rewinside,508
GTimeTV,Trymacs,2195
GTimeTV,Rumathra,927
fps_shaka,yamatonjp,2176
fps_shaka,TSM_ImperialHal,982
fps_shaka,finalfantasyxiv,544
fps_shaka,SPYGEA,4743
fps_shaka,alelu,600
Pieface23,Castro_1021,1912
scump,summit1g,633
scump,xQcOW,972
scump,Ninja,939
scump,shroud,591
scump,Nadeshot,883
scump,Symfuhny,833
scump,Syndicate,574
scump,NICKMERCS,2428
scump,Castro_1021,676
scump,TimTheTatman,1139
scump,Dashy,990
s0mcs,WARDELL,509
s0mcs,TenZ,3589
Brunenger,LITkillah,580
Brunenger,goncho,1434
Brunenger,auronplay,578
Brunenger,ibai,1403
Brunenger,coscu,2587
Brunenger,TheMasterRodrigo,755
Brunenger,Rubius,772
ROSHTEIN,Xposed,1090
ROSHTEIN,summit1g,527
ROSHTEIN,xQcOW,718
ROSHTEIN,shroud,640
ROSHTEIN,Bidule,607
ROSHTEIN,Trymacs,539
ROSHTEIN,DeuceAce,11848
ROSHTEIN,ClassyBeef,688
pokelawls,Destiny,533
pokelawls,summit1g,1009
pokelawls,Mizkif,3637
pokelawls,EsfandTV,752
pokelawls,xQcOW,5698
pokelawls,MOONMOON,870
pokelawls,shroud,1274
pokelawls,loltyler1,758
pokelawls,roflgator,805
pokelawls,pokimane,660
pokelawls,Nmplol,3768
pokelawls,Jinnytty,959
pokelawls,Greekgodx,3343
pokelawls,LIRIK,1345
pokelawls,Trainwreckstv,2837
pokelawls,Maya,1831
pokelawls,HasanAbi,1640
pokelawls,NymN,1718
pokelawls,ludwig,1464
pokelawls,sodapoppin,3500
pokelawls,MitchJones,1566
pokelawls,39daph,987
GingiTV,shroud,555
GingiTV,limit_maximum,604
GingiTV,sodapoppin,756
Yogscast,xQcOW,677
Yogscast,sips_,2021
Yogscast,ludwig,589
Yogscast,sodapoppin,760
UnknownxArmy,Ninja,635
UnknownxArmy,Clix,3193
UnknownxArmy,NICKMERCS,636
UnknownxArmy,scoped,597
UnknownxArmy,ops1x,1669
UnknownxArmy,StableRonaldo_,944
UnknownxArmy,Bugha,532
tioorochitwitch,Felps,501
tioorochitwitch,cidcidoso,513
tioorochitwitch,lucascharmoso,4170
tioorochitwitch,alanzoka,1224
maitoz,shroud,505
G4G_REVENANT,alexelcapo,797
G4G_REVENANT,ibai,1203
G4G_REVENANT,knekro,1408
G4G_REVENANT,ElmiilloR,587
G4G_REVENANT,Rubius,602
Werlyb,alexelcapo,619
Werlyb,LVPes,849
Werlyb,ibai,2510
Werlyb,ReventXz,836
Werlyb,Th3Antonio,830
Werlyb,ElmiilloR,1682
aXtLOL,tinowns,804
aXtLOL,Gaules,714
aXtLOL,gafallen,781
aXtLOL,PatoPapao,664
aXtLOL,Rakin,658
aXtLOL,fnxLNTC,550
aXtLOL,jean_mago,622
aXtLOL,deercheerup,552
aXtLOL,Baiano,1022
aXtLOL,alanzoka,1163
AntoineDanielLive,Sardoche,2224
AntoineDanielLive,mistermv,2687
AntoineDanielLive,Shaunz,665
AntoineDanielLive,Ponce,4191
AntoineDanielLive,Joueur_du_Grenier,3036
AntoineDanielLive,Laink,3569
AntoineDanielLive,Skyyart,555
AntoineDanielLive,Gotaga,837
AntoineDanielLive,lestream,2406
AntoineDanielLive,Alderiate,557
modestal,Evelone192,2571
modestal,buster,3130
modestal,ZLOYn,560
modestal,AhriNyan,993
modestal,JesusAVGN,587
modestal,mokrivskyi,751
itsRyanHiga,Natsumiii,563
itsRyanHiga,xChocoBars,913
itsRyanHiga,TinaKitten,1097
itsRyanHiga,pokimane,623
itsRyanHiga,QuarterJade,987
itsRyanHiga,AriaSaki,2047
itsRyanHiga,fuslie,1285
itsRyanHiga,Sykkuno,2621
itsRyanHiga,ludwig,2456
itsRyanHiga,Ash_on_LoL,1418
itsRyanHiga,peterparkTV,1007
itsRyanHiga,Masayoshi,508
39daph,Mizkif,1037
39daph,xQcOW,2239
39daph,MOONMOON,813
39daph,shroud,755
39daph,TinaKitten,588
39daph,pokimane,669
39daph,Nmplol,863
39daph,Jinnytty,963
39daph,Greekgodx,594
39daph,QuarterJade,710
39daph,LIRIK,731
39daph,AriaSaki,1007
39daph,fuslie,886
39daph,Sykkuno,653
39daph,Trainwreckstv,985
39daph,Maya,600
39daph,HasanAbi,1403
39daph,NymN,632
39daph,ludwig,1302
39daph,sodapoppin,1211
39daph,pokelawls,987
DylanteroLIVE,Rubius,581
Tommey,Aydan,597
Dosia_csgo,Evelone192,2931
Dosia_csgo,buster,1860
Dosia_csgo,AhriNyan,3175
Dosia_csgo,mokrivskyi,545
GAECHKATM,Evelone192,954
GAECHKATM,buster,981
GAECHKATM,mokrivskyi,505
keanelol,k3soju,1134
lestream,Locklear,764
lestream,Sardoche,2294
lestream,mistermv,2603
lestream,Shaunz,800
lestream,Ponce,4443
lestream,Solary,660
lestream,Joueur_du_Grenier,1426
lestream,Tonton,570
lestream,Laink,1406
lestream,JeelTV,743
lestream,Gotaga,1942
lestream,AntoineDanielLive,2406
lestream,Alderiate,765
GMHikaru,summit1g,768
GMHikaru,Mizkif,1233
GMHikaru,xQcOW,4560
GMHikaru,Ninja,561
GMHikaru,shroud,845
GMHikaru,loltyler1,1027
GMHikaru,GMNaroditsky,874
GMHikaru,g2perkz,757
GMHikaru,Rekkles,860
GMHikaru,pokimane,694
GMHikaru,Nmplol,862
GMHikaru,itsHafu,639
GMHikaru,epicenter_en1,532
GMHikaru,LIRIK,897
GMHikaru,GothamChess,4659
GMHikaru,Sykkuno,819
GMHikaru,Trainwreckstv,1505
GMHikaru,HasanAbi,1401
GMHikaru,Doublelift,516
GMHikaru,BotezLive,1107
GMHikaru,ludwig,2186
GMHikaru,sodapoppin,1132
GMHikaru,Northernlion,955
dopa24,loltyler1,788
dopa24,g2perkz,1043
dopa24,Rekkles,882
dopa24,Faker,1534
dopa24,Doublelift,513
SparkofPhoenixTV,Trymacs,791
DropsByPonk,GeorgeNotFound,1215
DropsByPonk,tommyinnit,1773
DropsByPonk,BadBoyHalo,780
DropsByPonk,Philza,985
DropsByPonk,awesamdude,702
DropsByPonk,Tubbo,1657
Ash_on_LoL,Natsumiii,929
Ash_on_LoL,Mizkif,784
Ash_on_LoL,xQcOW,802
Ash_on_LoL,xChocoBars,1031
Ash_on_LoL,TinaKitten,2045
Ash_on_LoL,BaboAbe,795
Ash_on_LoL,Atrioc,969
Ash_on_LoL,pokimane,892
Ash_on_LoL,Ottomated,2150
Ash_on_LoL,itsHafu,834
Ash_on_LoL,QuarterJade,1658
Ash_on_LoL,sleepy,542
Ash_on_LoL,AriaSaki,3873
Ash_on_LoL,fuslie,1832
Ash_on_LoL,Sykkuno,4074
Ash_on_LoL,Trainwreckstv,793
Ash_on_LoL,ludwig,5321
Ash_on_LoL,itsRyanHiga,1418
Ash_on_LoL,bnans,1323
Ash_on_LoL,peterparkTV,1137
KarmikKoala,VooDooSh,797
KarmikKoala,Dota2RuHub,1583
KarmikKoala,HoneyMad,1874
KarmikKoala,WELOVEGAMES,541
Perxitaa,Reborn_Live,2327
Perxitaa,auronplay,3572
Perxitaa,ibai,1875
Perxitaa,xXxTheFocuSxXx,1143
Perxitaa,Rubius,1927
NoWay4u_Sir,loltyler1,540
NoWay4u_Sir,g2perkz,1041
NoWay4u_Sir,Rekkles,1409
NoWay4u_Sir,Trymacs,622
NoWay4u_Sir,Vlesk,579
NoWay4u_Sir,maxim,952
NoWay4u_Sir,Broeki1,2096
alexandresantoscomedy90,Move_Mind,547
alexandresantoscomedy90,Tiagovski555YT,1640
5uppp,xQcOW,543
5uppp,GeorgeNotFound,1475
5uppp,TinaKitten,603
5uppp,tommyinnit,2141
5uppp,BadBoyHalo,652
5uppp,pokimane,953
5uppp,itsHafu,3748
5uppp,SteveSuptic,1590
5uppp,Philza,1114
5uppp,Nihachu,579
5uppp,dakotaz,1983
5uppp,awesamdude,552
5uppp,Tubbo,2302
5uppp,AriaSaki,564
5uppp,fuslie,679
5uppp,Sykkuno,2886
5uppp,Trainwreckstv,2755
5uppp,jacksepticeye,713
5uppp,ludwig,1648
5uppp,peterparkTV,2606
ElmiilloR,g2perkz,677
ElmiilloR,Rekkles,1506
ElmiilloR,alexelcapo,2222
ElmiilloR,LVPes,2292
ElmiilloR,auronplay,892
ElmiilloR,ibai,10297
ElmiilloR,ReventXz,2789
ElmiilloR,knekro,2363
ElmiilloR,Th3Antonio,2453
ElmiilloR,coscu,618
ElmiilloR,TheGrefg,578
ElmiilloR,IamCristinini,673
ElmiilloR,IlloJuan,1242
ElmiilloR,G4G_REVENANT,587
ElmiilloR,Werlyb,1682
ElmiilloR,Rubius,2471
Baiano,tinowns,1742
Baiano,Gaules,660
Baiano,Rakin,574
Baiano,jean_mago,1588
Baiano,aXtLOL,1022
Baiano,alanzoka,1129
FaZeBlaze,Swagg,588
FaZeBlaze,Symfuhny,523
FaZeBlaze,NICKMERCS,1135
FaZeBlaze,jordy2d,1333
archangel_hs,Evelone192,1186
archangel_hs,buster,1138
Otzdarva,Bronx,568
epicenter_en2,Gorgc,626
epicenter_en2,epicenter_en1,5636
epicenter_en2,OGADotaPIT,823
WELOVEGAMES,Dota2RuHub,517
WELOVEGAMES,HoneyMad,636
WELOVEGAMES,BlackUFA,536
WELOVEGAMES,KarmikKoala,541
CyberRulzTv,Eray,1005
CyberRulzTv,Elraenn,1057
CyberRulzTv,wtcN,744
iLame,Recrent,679
JohnnyBoi_i,SquishyMuffinz,707
JohnnyBoi_i,ItsJSTN,523
wtcN,Zeitnotlol,588
wtcN,Eray,2702
wtcN,Jahrein,2630
wtcN,PurpleBixi,1369
wtcN,FabulousN,842
wtcN,Toqtir,651
wtcN,w0xic,812
wtcN,annadeniz,1125
wtcN,Chips,668
wtcN,XANTAREScN,696
wtcN,Gokhan_Oner,961
wtcN,Elraenn,4429
wtcN,CyberRulzTv,744
Staiy,ELoTRiX,536
NOBRU,loud_thurzin,1244
NOBRU,Gaules,541
NOBRU,loud_bak,3417
Northernlion,willneff,796
Northernlion,GothamChess,2172
Northernlion,HasanAbi,1350
Northernlion,GMHikaru,955
sujagg,MarkiLokurasY,535
sujagg,ibai,575
x2Twins,Clix,775
x2Twins,Fresh,789
OGADotaPIT,Dota2RuHub,554
OGADotaPIT,epicenter_en1,3180
OGADotaPIT,epicenter_en2,823
alanzoka,tinowns,799
alanzoka,casimito,572
alanzoka,Felps,1548
alanzoka,xQcOW,503
alanzoka,Gaules,1939
alanzoka,loud_bak,632
alanzoka,gafallen,1331
alanzoka,PatoPapao,926
alanzoka,cidcidoso,929
alanzoka,mount,865
alanzoka,RatoBorrachudo,1241
alanzoka,ziGueira,923
alanzoka,Rakin,1641
alanzoka,Gabi,1650
alanzoka,lucascharmoso,897
alanzoka,calango,559
alanzoka,fnxLNTC,647
alanzoka,jean_mago,718
alanzoka,FlowPodcast,748
alanzoka,deercheerup,1044
alanzoka,tioorochitwitch,1224
alanzoka,aXtLOL,1163
alanzoka,Baiano,1129
TheMasterRodrigo,DuendePablo,522
TheMasterRodrigo,goncho,1073
TheMasterRodrigo,facubanzas,564
TheMasterRodrigo,ibai,665
TheMasterRodrigo,coscu,1452
TheMasterRodrigo,Brunenger,755
Lunawae,Elraenn,6633
jordy2d,FaZeBlaze,1333
des0ut,Evelone192,2696
des0ut,buster,2285
des0ut,AhriNyan,1355
des0ut,mokrivskyi,890
des0ut,karavay46,533
KarasMai,loltyler1,1137
KarasMai,g2perkz,541
KarasMai,Rekkles,553
Rumathra,rewinside,757
Rumathra,Trymacs,4653
Rumathra,GTimeTV,927
Genburten,TSM_ImperialHal,2125
Sanchovies,loltyler1,663
Sanchovies,midbeast,630
Everyeyeit,DarioMocciaTwitch,1385
bnans,Natsumiii,515
bnans,xChocoBars,512
bnans,shroud,503
bnans,TinaKitten,639
bnans,QuarterJade,635
bnans,AriaSaki,1291
bnans,fuslie,732
bnans,Sykkuno,886
bnans,ludwig,1667
bnans,Sacriel,716
bnans,Ash_on_LoL,1323
Xiuder_,POW3Rtv,997
PointCrow,Mizkif,760
PointCrow,ludwig,1669
CSRuHub,Dota2RuHub,829
FolagorLives,auronplay,562
FolagorLives,ibai,1283
FolagorLives,TheGrefg,564
FolagorLives,Rubius,1892
RobertoCein,elded,2442
RobertoCein,GradyWhite_,579
RobertoCein,Rubius,975
peterparkTV,Natsumiii,551
peterparkTV,Mizkif,578
peterparkTV,xQcOW,506
peterparkTV,xChocoBars,948
peterparkTV,TinaKitten,2387
peterparkTV,Atrioc,715
peterparkTV,pokimane,1744
peterparkTV,itsHafu,2526
peterparkTV,SteveSuptic,1227
peterparkTV,QuarterJade,1846
peterparkTV,dakotaz,1455
peterparkTV,AriaSaki,2582
peterparkTV,fuslie,2667
peterparkTV,Sykkuno,4511
peterparkTV,Trainwreckstv,1865
peterparkTV,jacksepticeye,809
peterparkTV,ludwig,4304
peterparkTV,itsRyanHiga,1007
peterparkTV,Ash_on_LoL,1137
peterparkTV,5uppp,2606
peterparkTV,Masayoshi,1205
karavay46,Evelone192,6080
karavay46,buster,6223
karavay46,PCH3LK1N,1150
karavay46,ZLOYn,1109
karavay46,AhriNyan,1823
karavay46,mokrivskyi,2509
karavay46,dinablin,767
karavay46,des0ut,533
averagejoewo,NICKMERCS,555
averagejoewo,HusKerrs,866
Masayoshi,xChocoBars,1023
Masayoshi,TinaKitten,1775
Masayoshi,pokimane,602
Masayoshi,QuarterJade,2046
Masayoshi,AriaSaki,807
Masayoshi,fuslie,1798
Masayoshi,Sykkuno,1862
Masayoshi,jacksepticeye,764
Masayoshi,ludwig,1505
Masayoshi,itsRyanHiga,508
Masayoshi,peterparkTV,1205
midbeast,xQcOW,619
midbeast,loltyler1,1546
midbeast,g2perkz,1268
midbeast,Rekkles,900
midbeast,TFBlade,654
midbeast,Jankos,745
midbeast,Doublelift,520
midbeast,Sanchovies,630
PaymoneyWubby,dunkstream,578
PaymoneyWubby,Mizkif,962
PaymoneyWubby,xQcOW,691
PaymoneyWubby,moistcr1tikal,1047
PaymoneyWubby,HasanAbi,549
PaymoneyWubby,ludwig,1598
bronny,SnaggyMo,615
bronny,Clix,613
bronny,AdinRoss,3462
bronny,NICKMERCS,508
bronny,StableRonaldo_,785
RebeuDeter,Sardoche,896
RebeuDeter,JLTomy,1516
RebeuDeter,Gotaga,589
NateHill,Ninja,1307
NateHill,DrLupo,564
NateHill,Clix,551
NateHill,SypherPK,1232
NateHill,NICKMERCS,1682
TEBtv3,TEBtv,783
Alderiate,Sardoche,1496
Alderiate,mistermv,657
Alderiate,Shaunz,686
Alderiate,Ponce,678
Alderiate,Solary,2071
Alderiate,AntoineDanielLive,557
Alderiate,lestream,765
GunnarDotA2,Gorgc,837
GunnarDotA2,epicenter_en1,1093
GunnarDotA2,masondota2,1257
Rubius,elded,5582
Rubius,Staryuuki,1879
Rubius,LITkillah,1004
Rubius,DuendePablo,940
Rubius,xQcOW,1783
Rubius,Ninja,1065
Rubius,Jelty,1173
Rubius,Clix,564
Rubius,MYM_ALKAPONE,1134
Rubius,loltyler1,561
Rubius,goncho,1325
Rubius,Rekkles,760
Rubius,x6FlipiN,584
Rubius,alexelcapo,1414
Rubius,aroyitt,3211
Rubius,natalan,1881
Rubius,LVPes,611
Rubius,Reborn_Live,3178
Rubius,MarkiLokurasY,1230
Rubius,MenosTrece,668
Rubius,auronplay,18996
Rubius,ibai,19347
Rubius,GradyWhite_,617
Rubius,ReventXz,1520
Rubius,Alexby11,4350
Rubius,SrElemao,1628
Rubius,knekro,1845
Rubius,Th3Antonio,1162
Rubius,coscu,1941
Rubius,TheGrefg,9698
Rubius,IamCristinini,3190
Rubius,Vicens,1777
Rubius,Bugha,555
Rubius,IlloJuan,1604
Rubius,Brunenger,772
Rubius,G4G_REVENANT,602
Rubius,DylanteroLIVE,581
Rubius,Perxitaa,1927
Rubius,ElmiilloR,2471
Rubius,FolagorLives,1892
Rubius,RobertoCein,975
