Source,Target,Weight
SmiteGame,xQcOW,336
elded,Jelty,673
elded,Staryuuki,378
elded,natalan,382
elded,TheGrefg,417
elded,juansguarnizo,8022
elded,D3stri,535
elded,akim,547
elded,BarcaGamer,762
elded,auronplay,700
elded,ibai,345
elded,Rubius,1334
Aydan,xQcOW,465
Aydan,JoeWo,812
Aydan,FaZeBlaze,1106
Aydan,its_iron,366
Aydan,Clix,487
Aydan,TeePee,612
Aydan,HusKerrs,1767
Aydan,TimTheTatman,1384
Aydan,Tfue,599
Aydan,TeeGrizzley,318
Aydan,Symfuhny,2251
Aydan,Swagg,2549
Aydan,NICKMERCS,5256
Aydan,MuTeX,1321
Aydan,cloakzy,1441
Aydan,Ninja,364
Aydan,DiazBiffle,742
Hayashii,Gaules,439
Hayashii,alanzoka,612
masondota2,xQcOW,592
masondota2,shroud,317
masondota2,Gorgc,3086
masondota2,OGADotaPIT,456
masondota2,dota2mc_ru,526
masondota2,PGL_Dota2,1624
masondota2,DreamLeague,5259
masondota2,AdmiralBulldog,1156
masondota2,BeyondTheSummit,786
masondota2,Daxak,445
twlevewinsHS,nl_Kripp,802
twlevewinsHS,dogdog,1734
twlevewinsHS,AsmodaiTV,1480
twlevewinsHS,Thijs,488
twlevewinsHS,RduLIVE,1159
twlevewinsHS,itsHafu,416
xQcOW,ludwig,6113
xQcOW,sodapoppin,12529
xQcOW,Doublelift,1373
xQcOW,aceu,1529
xQcOW,lilypichu,866
xQcOW,moistcr1tikal,3039
xQcOW,peterparkTV,538
xQcOW,shroud,7476
xQcOW,PaymoneyWubby,676
xQcOW,Flight23white,697
xQcOW,fuslie,453
xQcOW,TSM_ImperialHal,878
xQcOW,HasanAbi,8054
xQcOW,FaZeBlaze,362
xQcOW,Jerma985,1534
xQcOW,summit1g,5586
xQcOW,Nadeshot,474
xQcOW,UberHaxorNova,384
xQcOW,Gaules,505
xQcOW,nl_Kripp,890
xQcOW,LVNDMARK,1354
xQcOW,knekro,357
xQcOW,BotezLive,2015
xQcOW,CaptainPuffy,346
xQcOW,Sykkuno,1878
xQcOW,Xposed,367
xQcOW,Bugha,604
xQcOW,EsfandTV,3468
xQcOW,PENTA,419
xQcOW,Clix,1653
xQcOW,KingGeorge,442
xQcOW,boxbox,595
xQcOW,YoDa,394
xQcOW,RatedEpicz,468
xQcOW,TenZ,395
xQcOW,RanbooLive,566
xQcOW,willneff,832
xQcOW,Maya,3898
xQcOW,Gorgc,1011
xQcOW,AdinRoss,807
xQcOW,daltoosh,306
xQcOW,39daph,3616
xQcOW,kross_fusionz,346
xQcOW,TFBlade,1568
xQcOW,ROSHTEIN,895
xQcOW,sweetdreams,336
xQcOW,Sanchovies,588
xQcOW,Fundy,343
xQcOW,loltyler1,11459
xQcOW,orslok,501
xQcOW,Im_Dontai,460
xQcOW,RATIRL,2089
xQcOW,AvoidingThePuddle,503
xQcOW,TwitchRivals,1519
xQcOW,HealthyGamer_GG,2889
xQcOW,scump,413
xQcOW,TinaKitten,463
xQcOW,sips_,550
xQcOW,Masayoshi,326
xQcOW,Albralelie,312
xQcOW,dizzy,684
xQcOW,Quin69,2383
xQcOW,space,412
xQcOW,melharucos,537
xQcOW,sinatraa,1677
xQcOW,GMHikaru,6426
xQcOW,RevedTV,361
xQcOW,AriaSaki,1238
xQcOW,Mizkif,13068
xQcOW,AdmiralBahroo,961
xQcOW,QTCinderella,441
xQcOW,Elajjaz,885
xQcOW,juansguarnizo,388
xQcOW,dogdog,686
xQcOW,CohhCarnage,827
xQcOW,Tubbo,954
xQcOW,NickEh30,627
xQcOW,Thijs,735
xQcOW,LosPollosTV,1278
xQcOW,Nmplol,11248
xQcOW,Vinesauce,367
xQcOW,Punz,551
xQcOW,sneakylol,670
xQcOW,LCK,4025
xQcOW,Pestily,646
xQcOW,Ramee,322
xQcOW,k3soju,774
xQcOW,Yassuo,1332
xQcOW,SOZZLEPOPP,337
xQcOW,Flexinja,467
xQcOW,chefstrobel,390
xQcOW,nyanners,319
xQcOW,WARDELL,1397
xQcOW,supertf,601
xQcOW,HusKerrs,449
xQcOW,LPL,305
xQcOW,sleepy,682
xQcOW,OkCode,407
xQcOW,pokelawls,9412
xQcOW,Grossie_Gore,680
xQcOW,Cellbit,370
xQcOW,TEBtv,317
xQcOW,Steelmage,354
xQcOW,alanzoka,491
xQcOW,Smoke,376
xQcOW,TimTheTatman,5302
xQcOW,Trainwreckstv,6848
xQcOW,The_Happy_Hob,359
xQcOW,Voyboy,443
xQcOW,imls,706
xQcOW,Jankos,703
xQcOW,Tfue,4709
xQcOW,Enviosity,908
xQcOW,TeeGrizzley,407
xQcOW,Symfuhny,2072
xQcOW,Swagg,522
xQcOW,NICKMERCS,3876
xQcOW,Fresh,441
xQcOW,Forky,393
xQcOW,SmallAnt,549
xQcOW,harbleu,669
xQcOW,Kitboga,1511
xQcOW,PGL_Dota2,359
xQcOW,JessGOAT,303
xQcOW,GothamChess,1245
xQcOW,roflgator,1228
xQcOW,Natsumiii,781
xQcOW,cyr,1609
xQcOW,Otzdarva,373
xQcOW,RduLIVE,364
xQcOW,DreamLeague,1173
xQcOW,Xlice,321
xQcOW,AdmiralBulldog,1449
xQcOW,forsen,11870
xQcOW,Myth,2357
xQcOW,tarzaned,935
xQcOW,QuackityHQ,1309
xQcOW,TheStockGuy,4909
xQcOW,MckyTV,418
xQcOW,Chess,373
xQcOW,xChocoBars,325
xQcOW,Lasqa,320
xQcOW,SteveSuptic,342
xQcOW,Surefour,341
xQcOW,Saiiren,390
xQcOW,karljacobs,1538
xQcOW,auronplay,516
xQcOW,Philza,1304
xQcOW,Foolish__Gamers,310
xQcOW,Diegosaurs,401
xQcOW,DrLupo,477
xQcOW,Japczan,830
xQcOW,itsHafu,837
xQcOW,cloakzy,960
xQcOW,Mathil1,380
xQcOW,ShivFPS,773
xQcOW,sapnapalt,426
xQcOW,Rogue,333
xQcOW,Ray__C,498
xQcOW,Ninja,5077
xQcOW,Tectone,434
xQcOW,ibai,449
xQcOW,pokimane,4844
xQcOW,resttpowered,349
xQcOW,ops1x,887
xQcOW,Papaplatte,2128
xQcOW,MOONMOON,2315
xQcOW,LIRIK,5919
xQcOW,5uppp,782
xQcOW,Trymacs,1802
xQcOW,LCK_Korea,333
xQcOW,Hiko,3502
xQcOW,Rubius,1515
xQcOW,Ash_on_LoL,887
xQcOW,PeteZahHutt,318
SidneyEweka,eliasn97,2477
SidneyEweka,Trymacs,974
ludwig,sodapoppin,2747
ludwig,Doublelift,492
ludwig,aceu,462
ludwig,lilypichu,1439
ludwig,moistcr1tikal,2465
ludwig,peterparkTV,2357
ludwig,shroud,2758
ludwig,PaymoneyWubby,734
ludwig,fuslie,1393
ludwig,HasanAbi,4096
ludwig,Jerma985,1244
ludwig,summit1g,1118
ludwig,LVNDMARK,308
ludwig,BotezLive,1734
ludwig,CaptainPuffy,483
ludwig,Sykkuno,6397
ludwig,EsfandTV,1422
ludwig,boxbox,651
ludwig,KristoferYee,396
ludwig,RanbooLive,918
ludwig,willneff,836
ludwig,Maya,2019
ludwig,39daph,1294
ludwig,Fundy,683
ludwig,loltyler1,1917
ludwig,RATIRL,332
ludwig,TwitchRivals,683
ludwig,HealthyGamer_GG,1565
ludwig,TinaKitten,2044
ludwig,sips_,316
ludwig,Masayoshi,987
ludwig,Quin69,426
ludwig,sinatraa,313
ludwig,GMHikaru,2507
ludwig,AriaSaki,5906
ludwig,Mizkif,5943
ludwig,BrookeAB,422
ludwig,AdmiralBahroo,363
ludwig,QTCinderella,1537
ludwig,dakotaz,305
ludwig,dogdog,366
ludwig,CohhCarnage,321
ludwig,Tubbo,1447
ludwig,Nmplol,2186
ludwig,Punz,630
ludwig,LCK,999
ludwig,k3soju,420
ludwig,Yassuo,381
ludwig,WARDELL,1171
ludwig,pokelawls,1423
ludwig,TimTheTatman,1599
ludwig,Trainwreckstv,1358
ludwig,Tfue,461
ludwig,Symfuhny,452
ludwig,NICKMERCS,840
ludwig,SmallAnt,861
ludwig,Kitboga,423
ludwig,GothamChess,1044
ludwig,roflgator,333
ludwig,Natsumiii,2517
ludwig,cyr,850
ludwig,DreamLeague,418
ludwig,forsen,905
ludwig,Myth,1123
ludwig,QuackityHQ,2472
ludwig,TheStockGuy,1956
ludwig,Chess,350
ludwig,xChocoBars,438
ludwig,SteveSuptic,1349
ludwig,karljacobs,2591
ludwig,Philza,947
ludwig,itsHafu,1466
ludwig,sapnapalt,930
ludwig,Ray__C,647
ludwig,Ninja,973
ludwig,pokimane,3174
ludwig,Papaplatte,306
ludwig,MOONMOON,772
ludwig,LIRIK,1104
ludwig,5uppp,1998
ludwig,Hiko,953
ludwig,Ash_on_LoL,2762
Hajime,Arcadum,328
Hajime,nyanners,1215
Hajime,ironmouse,1312
sodapoppin,Doublelift,682
sodapoppin,aceu,385
sodapoppin,lilypichu,641
sodapoppin,moistcr1tikal,1030
sodapoppin,peterparkTV,318
sodapoppin,shroud,2860
sodapoppin,PaymoneyWubby,467
sodapoppin,HasanAbi,4247
sodapoppin,Jerma985,1183
sodapoppin,summit1g,3433
sodapoppin,UberHaxorNova,471
sodapoppin,nl_Kripp,635
sodapoppin,LVNDMARK,588
sodapoppin,BotezLive,560
sodapoppin,Sykkuno,527
sodapoppin,EsfandTV,3049
sodapoppin,PENTA,767
sodapoppin,boxbox,445
sodapoppin,RatedEpicz,336
sodapoppin,Arcadum,733
sodapoppin,willneff,601
sodapoppin,Maya,2804
sodapoppin,Gorgc,477
sodapoppin,39daph,2328
sodapoppin,TFBlade,427
sodapoppin,ROSHTEIN,333
sodapoppin,loltyler1,3700
sodapoppin,RATIRL,833
sodapoppin,AvoidingThePuddle,576
sodapoppin,TwitchRivals,536
sodapoppin,HealthyGamer_GG,1391
sodapoppin,dasMEHDI,320
sodapoppin,sips_,446
sodapoppin,Quin69,2892
sodapoppin,GMHikaru,1048
sodapoppin,AriaSaki,702
sodapoppin,Mizkif,7296
sodapoppin,AdmiralBahroo,2711
sodapoppin,Elajjaz,997
sodapoppin,dogdog,485
sodapoppin,CohhCarnage,1510
sodapoppin,Thijs,430
sodapoppin,Nmplol,9077
sodapoppin,Vinesauce,340
sodapoppin,sneakylol,444
sodapoppin,LCK,1458
sodapoppin,Pestily,348
sodapoppin,k3soju,342
sodapoppin,Yassuo,376
sodapoppin,nyanners,360
sodapoppin,SovietWomble,370
sodapoppin,pokelawls,7074
sodapoppin,Steelmage,337
sodapoppin,TimTheTatman,1779
sodapoppin,Trainwreckstv,2865
sodapoppin,Tfue,429
sodapoppin,Enviosity,416
sodapoppin,Symfuhny,409
sodapoppin,NICKMERCS,612
sodapoppin,Kitboga,695
sodapoppin,roflgator,2765
sodapoppin,Natsumiii,378
sodapoppin,cyr,1417
sodapoppin,DreamLeague,549
sodapoppin,AdmiralBulldog,608
sodapoppin,forsen,5052
sodapoppin,Myth,614
sodapoppin,TheStockGuy,2108
sodapoppin,Surefour,765
sodapoppin,Saiiren,1038
sodapoppin,DrLupo,311
sodapoppin,Kyle,512
sodapoppin,itsHafu,424
sodapoppin,Mathil1,833
sodapoppin,Ninja,923
sodapoppin,pokimane,1770
sodapoppin,Papaplatte,417
sodapoppin,MOONMOON,6589
sodapoppin,LIRIK,4814
sodapoppin,Hiko,557
sodapoppin,Ash_on_LoL,411
Pieface23,Aa9skillz,361
Pieface23,NICKMERCS,405
Doublelift,aceu,370
Doublelift,lilypichu,303
Doublelift,shroud,1150
Doublelift,HasanAbi,532
Doublelift,summit1g,653
Doublelift,Sykkuno,371
Doublelift,boxbox,537
Doublelift,YoDa,336
Doublelift,Academy,447
Doublelift,TFBlade,2163
Doublelift,midbeast,325
Doublelift,Sanchovies,661
Doublelift,loltyler1,7791
Doublelift,NoWay4u_Sir,494
Doublelift,RATIRL,1266
Doublelift,TwitchRivals,2319
Doublelift,Quin69,345
Doublelift,GMHikaru,658
Doublelift,Mizkif,421
Doublelift,dogdog,469
Doublelift,Vakin,327
Doublelift,sneakylol,2340
Doublelift,LCK,4932
Doublelift,k3soju,775
Doublelift,Yassuo,1286
Doublelift,LPL,518
Doublelift,Grossie_Gore,318
Doublelift,Nightblue3,428
Doublelift,TimTheTatman,463
Doublelift,Voyboy,860
Doublelift,imls,435
Doublelift,Jankos,1454
Doublelift,NICKMERCS,368
Doublelift,tarzaned,1569
Doublelift,TheStockGuy,484
Doublelift,itsHafu,340
Doublelift,Ninja,1159
Doublelift,pokimane,642
Doublelift,MOONMOON,323
Doublelift,LIRIK,497
Doublelift,LCK_Korea,355
Doublelift,Hiko,525
luquitarodriguez,ElcanaldeJoaco,403
luquitarodriguez,DuendePablo,735
luquitarodriguez,goncho,624
luquitarodriguez,Pimpeano,961
luquitarodriguez,momoladinastia,855
luquitarodriguez,ibai,311
aceu,shroud,3326
aceu,TSM_ImperialHal,631
aceu,HasanAbi,363
aceu,summit1g,384
aceu,Sykkuno,670
aceu,TenZ,818
aceu,39daph,929
aceu,loltyler1,580
aceu,dizzy,613
aceu,sinatraa,1690
aceu,Mizkif,357
aceu,iiTzTimmy,367
aceu,LCK,407
aceu,Flexinja,792
aceu,WARDELL,1325
aceu,pokelawls,380
aceu,TimTheTatman,861
aceu,Natsumiii,336
aceu,Myth,931
aceu,Ninja,1372
aceu,pokimane,817
aceu,LIRIK,338
aceu,Hiko,2255
Brunenger,k1ng,640
Brunenger,ElcanaldeJoaco,1276
Brunenger,coscu,754
Brunenger,DuendePablo,315
Brunenger,goncho,549
Brunenger,manurapaline,496
Brunenger,Pimpeano,2555
Brunenger,momoladinastia,1419
Brunenger,okyyy,5189
Brunenger,ibai,461
scoped,Jelty,301
scoped,Bugha,832
scoped,Clix,2062
scoped,NickEh30,543
scoped,Tfue,512
scoped,NICKMERCS,409
scoped,Fresh,677
scoped,ops1x,1176
k1ng,ElcanaldeJoaco,719
k1ng,Jelty,2949
k1ng,pgod,1172
k1ng,coscu,636
k1ng,Bugha,951
k1ng,Clix,1452
k1ng,Llobeti4,472
k1ng,TheGrefg,1200
k1ng,goncho,390
k1ng,seeyunxd,2011
k1ng,juansguarnizo,616
k1ng,TaySon,314
k1ng,Forweark,764
k1ng,Alliege,464
k1ng,Pimpeano,2177
k1ng,momoladinastia,1001
k1ng,okyyy,741
k1ng,Rustyk,1997
k1ng,auronplay,441
k1ng,Vicens,592
k1ng,ibai,477
k1ng,ops1x,427
k1ng,Rubius,604
ElcanaldeJoaco,coscu,1256
ElcanaldeJoaco,DuendePablo,722
ElcanaldeJoaco,goncho,1462
ElcanaldeJoaco,manurapaline,683
ElcanaldeJoaco,Pimpeano,7206
ElcanaldeJoaco,momoladinastia,2874
ElcanaldeJoaco,okyyy,1225
ElcanaldeJoaco,ibai,423
ElcanaldeJoaco,Rubius,317
Nokokopuffs,shroud,304
Nokokopuffs,TSM_ImperialHal,2286
Nokokopuffs,NiceWigg,1054
Nokokopuffs,daltoosh,978
Nokokopuffs,sweetdreams,1190
Nokokopuffs,Albralelie,893
Nokokopuffs,zachmazer,421
Nokokopuffs,Diegosaurs,634
Nokokopuffs,ShivFPS,1412
Nokokopuffs,Rogue,861
lilypichu,moistcr1tikal,396
lilypichu,peterparkTV,1811
lilypichu,shroud,719
lilypichu,fuslie,1331
lilypichu,HasanAbi,626
lilypichu,Sykkuno,2604
lilypichu,EsfandTV,426
lilypichu,boxbox,679
lilypichu,KristoferYee,468
lilypichu,Maya,476
lilypichu,39daph,1087
lilypichu,loltyler1,594
lilypichu,TinaKitten,1348
lilypichu,Masayoshi,808
lilypichu,AriaSaki,2445
lilypichu,Mizkif,622
lilypichu,AdmiralBahroo,317
lilypichu,starsmitten,586
lilypichu,Nmplol,325
lilypichu,LCK,384
lilypichu,pokelawls,327
lilypichu,Natsumiii,3554
lilypichu,Myth,368
lilypichu,QuackityHQ,313
lilypichu,xChocoBars,1174
lilypichu,karljacobs,353
lilypichu,itsHafu,759
lilypichu,Ninja,332
lilypichu,pokimane,2358
lilypichu,LIRIK,341
lilypichu,5uppp,536
lilypichu,Ash_on_LoL,1032
moistcr1tikal,peterparkTV,357
moistcr1tikal,shroud,870
moistcr1tikal,PaymoneyWubby,508
moistcr1tikal,HasanAbi,1278
moistcr1tikal,Jerma985,641
moistcr1tikal,summit1g,495
moistcr1tikal,BotezLive,366
moistcr1tikal,Sykkuno,926
moistcr1tikal,EsfandTV,567
moistcr1tikal,Maya,440
moistcr1tikal,39daph,501
moistcr1tikal,loltyler1,930
moistcr1tikal,GMHikaru,582
moistcr1tikal,AriaSaki,515
moistcr1tikal,Mizkif,1490
moistcr1tikal,Nmplol,606
moistcr1tikal,Vinesauce,367
moistcr1tikal,LCK,327
moistcr1tikal,pokelawls,649
moistcr1tikal,TimTheTatman,459
moistcr1tikal,Trainwreckstv,537
moistcr1tikal,SmallAnt,318
moistcr1tikal,Kitboga,315
moistcr1tikal,Natsumiii,436
moistcr1tikal,cyr,328
moistcr1tikal,forsen,465
moistcr1tikal,QuackityHQ,568
moistcr1tikal,TheStockGuy,394
moistcr1tikal,karljacobs,461
moistcr1tikal,Ninja,399
moistcr1tikal,pokimane,643
moistcr1tikal,MOONMOON,385
moistcr1tikal,LIRIK,374
moistcr1tikal,5uppp,333
moistcr1tikal,Ash_on_LoL,570
peterparkTV,shroud,937
peterparkTV,fuslie,2575
peterparkTV,HasanAbi,622
peterparkTV,BotezLive,301
peterparkTV,Sykkuno,5371
peterparkTV,boxbox,650
peterparkTV,KristoferYee,742
peterparkTV,hJune,571
peterparkTV,Maya,307
peterparkTV,39daph,1030
peterparkTV,TinaKitten,2838
peterparkTV,Masayoshi,2193
peterparkTV,AriaSaki,3120
peterparkTV,Mizkif,451
peterparkTV,dakotaz,938
peterparkTV,eaJParkOfficial,475
peterparkTV,starsmitten,847
peterparkTV,LCK,440
peterparkTV,Flexinja,357
peterparkTV,TimTheTatman,386
peterparkTV,Natsumiii,4153
peterparkTV,Myth,568
peterparkTV,QuackityHQ,447
peterparkTV,xChocoBars,1394
peterparkTV,SteveSuptic,2013
peterparkTV,karljacobs,435
peterparkTV,itsHafu,2234
peterparkTV,Ray__C,685
peterparkTV,Ninja,324
peterparkTV,pokimane,2303
peterparkTV,5uppp,2084
peterparkTV,Hiko,461
peterparkTV,Ash_on_LoL,1772
fer,Gaules,6283
fer,casimito,537
fer,YoDa,716
fer,Salve,895
fer,boltz,4022
fer,nahzinhaa,358
fer,alanzoka,785
fer,deercheerup,3037
fer,FlowPodcast,444
fer,RiotGamesBrazil,309
shroud,fuslie,572
shroud,TSM_ImperialHal,975
shroud,HasanAbi,1858
shroud,summit1g,4684
shroud,Nadeshot,946
shroud,Gaules,458
shroud,nl_Kripp,396
shroud,LVNDMARK,1320
shroud,BotezLive,651
shroud,Sykkuno,2362
shroud,EsfandTV,1073
shroud,Clix,550
shroud,boxbox,491
shroud,RatedEpicz,619
shroud,TenZ,866
shroud,hJune,598
shroud,Maya,1056
shroud,Gorgc,347
shroud,daltoosh,307
shroud,39daph,919
shroud,kross_fusionz,492
shroud,TFBlade,511
shroud,ROSHTEIN,503
shroud,sweetdreams,325
shroud,loltyler1,3612
shroud,RATIRL,474
shroud,TwitchRivals,903
shroud,HealthyGamer_GG,518
shroud,scump,340
shroud,TinaKitten,552
shroud,Masayoshi,694
shroud,Albralelie,311
shroud,dizzy,966
shroud,Quin69,649
shroud,sinatraa,2453
shroud,GMHikaru,1019
shroud,AriaSaki,1227
shroud,Mizkif,2408
shroud,AdmiralBahroo,618
shroud,dogdog,326
shroud,CohhCarnage,665
shroud,Nmplol,1586
shroud,iiTzTimmy,440
shroud,sneakylol,489
shroud,LCK,1659
shroud,Pestily,444
shroud,wtcN,332
shroud,k3soju,504
shroud,Yassuo,591
shroud,Flexinja,1230
shroud,WARDELL,2554
shroud,HusKerrs,515
shroud,pokelawls,1506
shroud,alanzoka,394
shroud,Smoke,447
shroud,TimTheTatman,6914
shroud,Trainwreckstv,1050
shroud,Tfue,903
shroud,Symfuhny,1141
shroud,Swagg,362
shroud,NICKMERCS,2367
shroud,Kitboga,362
shroud,roflgator,350
shroud,Natsumiii,1350
shroud,cyr,421
shroud,DreamLeague,650
shroud,AdmiralBulldog,335
shroud,forsen,1145
shroud,Myth,2302
shroud,tarzaned,322
shroud,TheStockGuy,1164
shroud,ONSCREEN,451
shroud,xChocoBars,695
shroud,Diegosaurs,412
shroud,DrLupo,812
shroud,itsHafu,552
shroud,cloakzy,891
shroud,ShivFPS,535
shroud,Rogue,324
shroud,Ray__C,702
shroud,Ninja,5482
shroud,pokimane,3312
shroud,Papaplatte,402
shroud,LEGOO,321
shroud,MOONMOON,921
shroud,LIRIK,3043
shroud,5uppp,394
shroud,Trymacs,545
shroud,Hiko,6807
shroud,Ash_on_LoL,1132
Jelty,pgod,3369
Jelty,Staryuuki,510
Jelty,Bugha,1190
Jelty,Clix,1496
Jelty,Llobeti4,548
Jelty,TheGrefg,2765
Jelty,juansguarnizo,4124
Jelty,D3stri,556
Jelty,Alliege,2405
Jelty,blanchitooo,381
Jelty,SoyPan,854
Jelty,auronplay,1139
Jelty,Vicens,1307
Jelty,ibai,818
Jelty,ops1x,327
Jelty,Rubius,1457
FarfadoxVEVO,juansguarnizo,508
FarfadoxVEVO,Mayichi,556
FarfadoxVEVO,ElSpreen,782
FarfadoxVEVO,ibai,344
FarfadoxVEVO,Rubius,742
PaymoneyWubby,HasanAbi,923
PaymoneyWubby,summit1g,364
PaymoneyWubby,loltyler1,315
PaymoneyWubby,Mizkif,626
PaymoneyWubby,Nmplol,324
PaymoneyWubby,TimTheTatman,389
PaymoneyWubby,Kitboga,390
PaymoneyWubby,TheStockGuy,453
PaymoneyWubby,MOONMOON,355
Flight23white,Clix,1043
Flight23white,AdinRoss,3577
Flight23white,Im_Dontai,891
Flight23white,NickEh30,402
Flight23white,LosPollosTV,917
Flight23white,SnaggyMo,491
Flight23white,TimTheTatman,454
Flight23white,Tfue,383
Flight23white,TeeGrizzley,1228
Flight23white,Symfuhny,356
Flight23white,Swagg,464
Flight23white,NICKMERCS,1051
Flight23white,RDCgaming,348
Flight23white,ShnaggyHose,748
Flight23white,Annoying,843
Flight23white,ops1x,464
fuslie,HasanAbi,398
fuslie,Sykkuno,4525
fuslie,boxbox,376
fuslie,KristoferYee,374
fuslie,Maya,303
fuslie,39daph,676
fuslie,TinaKitten,1874
fuslie,Masayoshi,1268
fuslie,AriaSaki,2031
fuslie,Mizkif,365
fuslie,BrookeAB,354
fuslie,starsmitten,632
fuslie,Natsumiii,2952
fuslie,Myth,367
fuslie,QuackityHQ,357
fuslie,xChocoBars,1269
fuslie,SteveSuptic,392
fuslie,karljacobs,363
fuslie,itsHafu,1047
fuslie,Ray__C,333
fuslie,pokimane,2523
fuslie,5uppp,685
fuslie,Hiko,311
fuslie,Ash_on_LoL,1283
JoeWo,FaZeBlaze,535
JoeWo,TeePee,395
JoeWo,HusKerrs,1288
JoeWo,TimTheTatman,481
JoeWo,Symfuhny,929
JoeWo,Swagg,1036
JoeWo,NICKMERCS,1485
JoeWo,MuTeX,461
JoeWo,cloakzy,567
JoeWo,DiazBiffle,569
pgod,Bugha,570
pgod,Clix,674
pgod,TheGrefg,677
pgod,juansguarnizo,707
pgod,Alliege,838
pgod,auronplay,335
pgod,Rubius,395
ANGRYPUG,OhTofu,541
ANGRYPUG,Otzdarva,464
TSM_ImperialHal,summit1g,326
TSM_ImperialHal,NiceWigg,1601
TSM_ImperialHal,hakisxd,338
TSM_ImperialHal,daltoosh,2123
TSM_ImperialHal,sweetdreams,2274
TSM_ImperialHal,loltyler1,382
TSM_ImperialHal,Albralelie,2355
TSM_ImperialHal,iiTzTimmy,546
TSM_ImperialHal,LCK,401
TSM_ImperialHal,TimTheTatman,480
TSM_ImperialHal,NICKMERCS,478
TSM_ImperialHal,stylishnoob4,636
TSM_ImperialHal,zachmazer,3395
TSM_ImperialHal,Selly55,538
TSM_ImperialHal,Diegosaurs,1571
TSM_ImperialHal,ShivFPS,2576
TSM_ImperialHal,Rogue,1930
TSM_ImperialHal,Ninja,352
TSM_ImperialHal,kato_junichi0817,746
Pikabooirl,Xaryu,351
Pikabooirl,cdewx,732
Pikabooirl,notmes,333
JLTomy,Gotaga,1382
JLTomy,michou_twitch,402
JLTomy,Anas_Off,477
JLTomy,kinstaar92i,448
JLTomy,Kaydop,446
JLTomy,Domingo,379
JLTomy,Bidule,401
JLTomy,LeBouseuh,1154
JLTomy,otplol_,712
JLTomy,Kamet0,1590
CH14,juansguarnizo,608
HasanAbi,Jerma985,1085
HasanAbi,summit1g,1664
HasanAbi,UberHaxorNova,322
HasanAbi,nl_Kripp,421
HasanAbi,LVNDMARK,412
HasanAbi,BotezLive,857
HasanAbi,Sykkuno,927
HasanAbi,EsfandTV,2166
HasanAbi,PENTA,461
HasanAbi,willneff,4353
HasanAbi,Maya,2058
HasanAbi,Gorgc,313
HasanAbi,39daph,2520
HasanAbi,loltyler1,1859
HasanAbi,RATIRL,336
HasanAbi,AvoidingThePuddle,391
HasanAbi,TwitchRivals,431
HasanAbi,HealthyGamer_GG,1228
HasanAbi,TinaKitten,428
HasanAbi,sips_,341
HasanAbi,Quin69,765
HasanAbi,GMHikaru,1134
HasanAbi,AriaSaki,910
HasanAbi,Mizkif,4473
HasanAbi,AdmiralBahroo,687
HasanAbi,QTCinderella,357
HasanAbi,Elajjaz,387
HasanAbi,dogdog,353
HasanAbi,CohhCarnage,830
HasanAbi,Nmplol,3628
HasanAbi,Vinesauce,465
HasanAbi,sneakylol,356
HasanAbi,LCK,879
HasanAbi,k3soju,305
HasanAbi,pokelawls,2924
HasanAbi,TimTheTatman,1254
HasanAbi,Trainwreckstv,1985
HasanAbi,Tfue,348
HasanAbi,Symfuhny,366
HasanAbi,NICKMERCS,735
HasanAbi,Kitboga,970
HasanAbi,GothamChess,354
HasanAbi,roflgator,740
HasanAbi,Natsumiii,502
HasanAbi,cyr,923
HasanAbi,DreamLeague,549
HasanAbi,forsen,1878
HasanAbi,Myth,705
HasanAbi,QuackityHQ,439
HasanAbi,TheStockGuy,4382
HasanAbi,SteveSuptic,361
HasanAbi,karljacobs,471
HasanAbi,itsHafu,515
HasanAbi,Ray__C,399
HasanAbi,Ninja,637
HasanAbi,pokimane,1710
HasanAbi,MOONMOON,1792
HasanAbi,LIRIK,1926
HasanAbi,5uppp,408
HasanAbi,Hiko,631
HasanAbi,Ash_on_LoL,660
FaZeBlaze,TeePee,407
FaZeBlaze,HusKerrs,1021
FaZeBlaze,TimTheTatman,968
FaZeBlaze,Tfue,437
FaZeBlaze,TeeGrizzley,339
FaZeBlaze,Symfuhny,2022
FaZeBlaze,Swagg,1654
FaZeBlaze,NICKMERCS,2696
FaZeBlaze,MuTeX,883
FaZeBlaze,cloakzy,625
FaZeBlaze,Ninja,307
Gotaga,Sardoche,705
Gotaga,Alderiate,521
Gotaga,michou_twitch,914
Gotaga,SkyrrozTV,636
Gotaga,Shaunz,1622
Gotaga,WankilStudio,1731
Gotaga,lestream,2379
Gotaga,chowh1,1805
Gotaga,JeelTV,464
Gotaga,Anas_Off,359
Gotaga,kinstaar92i,1166
Gotaga,Tonton,541
Gotaga,Kaydop,2063
Gotaga,SackziTV,399
Gotaga,AntoineDanielLive,943
Gotaga,Xari,1531
Gotaga,Yann_Cj23,714
Gotaga,Domingo,4774
Gotaga,Ponce,2401
Gotaga,AlphaCast,414
Gotaga,ZeratoR,701
Gotaga,Solary,802
Gotaga,Bidule,1284
Gotaga,pokimane,329
Gotaga,LeBouseuh,2094
Gotaga,otplol_,3278
Gotaga,Kamet0,5664
Gotaga,Bren_TM2,421
Jerma985,EsfandTV,326
Jerma985,Maya,303
Jerma985,39daph,399
Jerma985,loltyler1,718
Jerma985,Mizkif,802
Jerma985,AdmiralBahroo,597
Jerma985,Elajjaz,327
Jerma985,Nmplol,393
Jerma985,Vinesauce,2458
Jerma985,nyanners,460
Jerma985,pokelawls,777
Jerma985,Kitboga,590
Jerma985,forsen,819
Jerma985,TheStockGuy,321
Jerma985,Northernlion,443
Jerma985,MOONMOON,1000
Jerma985,LIRIK,509
handongsuk,01bd02,1491
handongsuk,portialyn,1130
handongsuk,looksam,1986
handongsuk,yapyap30,4947
handongsuk,jdm2088,432
handongsuk,a60426042,449
handongsuk,ddahyoni,1388
handongsuk,sal_gu,645
handongsuk,bbonge_,356
handongsuk,zilioner,1859
handongsuk,d_obby,733
handongsuk,runner0608,1648
handongsuk,tmxk319,2437
handongsuk,hanryang1125,3170
handongsuk,lol_ambition,987
handongsuk,woowakgood,699
handongsuk,pikra10,464
handongsuk,jungtaejune,737
handongsuk,nanayango3o,353
handongsuk,109ace,598
handongsuk,lol_cuvee,473
handongsuk,lol_woolf,6040
handongsuk,nokduro,924
handongsuk,aba4647,2105
handongsuk,2chamcham2,1029
handongsuk,LCK_Korea,8183
handongsuk,kimdoe,1321
summit1g,UberHaxorNova,339
summit1g,nl_Kripp,451
summit1g,LVNDMARK,14198
summit1g,BotezLive,435
summit1g,Sykkuno,336
summit1g,EsfandTV,1072
summit1g,PENTA,519
summit1g,RatedEpicz,1433
summit1g,NiteNightKid,1840
summit1g,Maya,758
summit1g,Gorgc,327
summit1g,39daph,466
summit1g,kross_fusionz,336
summit1g,TFBlade,388
summit1g,ROSHTEIN,610
summit1g,loltyler1,2950
summit1g,RATIRL,448
summit1g,TwitchRivals,585
summit1g,HealthyGamer_GG,334
summit1g,dasMEHDI,596
summit1g,Quin69,1199
summit1g,GMHikaru,639
summit1g,AriaSaki,417
summit1g,Mizkif,1904
summit1g,AdmiralBahroo,971
summit1g,Elajjaz,389
summit1g,CohhCarnage,1227
summit1g,Sequisha,458
summit1g,Thijs,359
summit1g,Nmplol,1694
summit1g,sneakylol,397
summit1g,TheRunningManZ,356
summit1g,LCK,1260
summit1g,Pestily,3982
summit1g,Ramee,765
summit1g,Yassuo,322
summit1g,HusKerrs,365
summit1g,Gingerliness,1640
summit1g,pokelawls,1422
summit1g,Smoke,915
summit1g,TimTheTatman,4115
summit1g,Trainwreckstv,1354
summit1g,Tfue,804
summit1g,Symfuhny,1050
summit1g,NICKMERCS,2502
summit1g,Kitboga,589
summit1g,Sacriel,1583
summit1g,roflgator,336
summit1g,cyr,434
summit1g,DreamLeague,478
summit1g,AdmiralBulldog,328
summit1g,forsen,1125
summit1g,Myth,499
summit1g,TheStockGuy,1301
summit1g,DrLupo,2857
summit1g,Kyle,372
summit1g,itsHafu,372
summit1g,cloakzy,654
summit1g,Mathil1,305
summit1g,ShivFPS,320
summit1g,Ninja,1826
summit1g,pokimane,1084
summit1g,Papaplatte,459
summit1g,MOONMOON,1041
summit1g,LIRIK,3714
summit1g,Trymacs,417
summit1g,Hiko,807
summit1g,Ash_on_LoL,321
summit1g,Deadlyslob,866
NiceWigg,daltoosh,1362
NiceWigg,sweetdreams,1073
NiceWigg,Albralelie,802
NiceWigg,TimTheTatman,305
NiceWigg,NICKMERCS,411
NiceWigg,Diegosaurs,752
NiceWigg,ShivFPS,1530
NiceWigg,Rogue,848
RazaH,Gaules,547
RazaH,KingGeorge,374
RazaH,yo_boy_roy,306
RazaH,JessGOAT,652
coscu,knekro,373
coscu,DuendePablo,859
coscu,ElmiilloR,359
coscu,Werlyb,922
coscu,loltyler1,322
coscu,goncho,1014
coscu,LCK,347
coscu,manurapaline,408
coscu,Pimpeano,2965
coscu,momoladinastia,1825
coscu,Mayichi,390
coscu,okyyy,719
coscu,x6FlipiN,311
coscu,auronplay,324
coscu,Ninja,311
coscu,ibai,936
coscu,Rubius,660
Nadeshot,sinatraa,343
Nadeshot,TimTheTatman,1885
Nadeshot,Symfuhny,309
Nadeshot,NICKMERCS,615
Nadeshot,Myth,427
Nadeshot,cloakzy,304
Nadeshot,Ninja,1138
Nadeshot,pokimane,421
Nadeshot,Hiko,964
Felps,calango,767
Felps,Cellbit,1820
Felps,alanzoka,1273
MYM_ALKAPONE,knekro,471
MYM_ALKAPONE,juansguarnizo,1062
MYM_ALKAPONE,Mayichi,786
MYM_ALKAPONE,auronplay,557
MYM_ALKAPONE,ibai,454
MYM_ALKAPONE,Rubius,839
UberHaxorNova,PENTA,1570
UberHaxorNova,RatedEpicz,846
UberHaxorNova,dasMEHDI,657
UberHaxorNova,Pengwin,1824
UberHaxorNova,Kyle,498
UberHaxorNova,MOONMOON,330
Gaules,jean_mago,1314
Gaules,calango,1203
Gaules,casimito,3176
Gaules,loud_coringa,1414
Gaules,YoDa,5009
Gaules,Salve,3442
Gaules,BunkerNerd,311
Gaules,boltz,8569
Gaules,GMHikaru,329
Gaules,Baiano,2336
Gaules,TEBtv3,365
Gaules,RatoBorrachudo,360
Gaules,ookina,1027
Gaules,LCK,1129
Gaules,nahzinhaa,1190
Gaules,LPL,395
Gaules,Cellbit,1262
Gaules,TEBtv,800
Gaules,alanzoka,5079
Gaules,jovirone,1033
Gaules,deercheerup,19342
Gaules,FlowPodcast,2544
Gaules,NOBRU,834
Gaules,liminhag0d,1623
Gaules,Ninja,374
Gaules,loud_bak,433
Gaules,RiotGamesBrazil,2697
Gaules,LCK_Korea,349
Gaules,LiminhaPlay,328
Staryuuki,TheGrefg,550
Staryuuki,juansguarnizo,1472
Staryuuki,Mayichi,737
Staryuuki,auronplay,1212
Staryuuki,ibai,656
Staryuuki,Rubius,1189
nl_Kripp,loltyler1,578
nl_Kripp,Quin69,769
nl_Kripp,AdmiralBahroo,453
nl_Kripp,dogdog,1664
nl_Kripp,CohhCarnage,375
nl_Kripp,AsmodaiTV,311
nl_Kripp,Thijs,999
nl_Kripp,LCK,523
nl_Kripp,RduLIVE,933
nl_Kripp,DreamLeague,322
nl_Kripp,forsen,487
nl_Kripp,itsHafu,463
nl_Kripp,Mathil1,360
nl_Kripp,MOONMOON,410
nl_Kripp,LIRIK,556
cellinrj,YoDa,389
jean_mago,YoDa,6499
jean_mago,TFBlade,384
jean_mago,boltz,317
jean_mago,Baiano,1538
jean_mago,ookina,1288
jean_mago,LCK,873
jean_mago,Cellbit,375
jean_mago,alanzoka,1028
jean_mago,jovirone,2036
jean_mago,deercheerup,562
jean_mago,FlowPodcast,342
jean_mago,RiotGamesBrazil,2061
LVNDMARK,loltyler1,892
LVNDMARK,Quin69,301
LVNDMARK,Mizkif,396
LVNDMARK,Nmplol,309
LVNDMARK,LCK,494
LVNDMARK,Pestily,3200
LVNDMARK,Gingerliness,1119
LVNDMARK,pokelawls,328
LVNDMARK,Smoke,406
LVNDMARK,TimTheTatman,780
LVNDMARK,NICKMERCS,642
LVNDMARK,stylishnoob4,395
LVNDMARK,Sacriel,760
LVNDMARK,TheStockGuy,389
LVNDMARK,DrLupo,1627
LVNDMARK,Ninja,585
LVNDMARK,pokimane,315
LVNDMARK,LIRIK,562
LVNDMARK,Deadlyslob,603
knekro,DuendePablo,398
knekro,ElmiilloR,1179
knekro,Werlyb,2582
knekro,Alexby11,426
knekro,orslok,1463
knekro,Mangel,326
knekro,TheGrefg,384
knekro,tvandeR,923
knekro,juansguarnizo,441
knekro,MenosTrece,670
knekro,Th3Antonio,917
knekro,FolagorLives,404
knekro,ReventXz,1582
knekro,LCK,616
knekro,ricoy23,386
knekro,Pimpeano,359
knekro,ernesBarbeQ,726
knekro,Mayichi,3205
knekro,Enviosity,386
knekro,alexelcapo,678
knekro,snoodyboo,408
knekro,x6FlipiN,390
knekro,Putupau,2612
knekro,auronplay,1195
knekro,bysTaXx,381
knekro,ElSpreen,428
knekro,ibai,5499
knekro,Rubius,2453
BotezLive,CaptainPuffy,381
BotezLive,Sykkuno,494
BotezLive,EsfandTV,459
BotezLive,RanbooLive,565
BotezLive,Maya,687
BotezLive,39daph,390
BotezLive,Fundy,610
BotezLive,loltyler1,523
BotezLive,HealthyGamer_GG,364
BotezLive,TinaKitten,319
BotezLive,GMHikaru,3034
BotezLive,AriaSaki,419
BotezLive,Mizkif,1013
BotezLive,QTCinderella,516
BotezLive,Tubbo,2067
BotezLive,Nmplol,565
BotezLive,Punz,401
BotezLive,LCK,372
BotezLive,pokelawls,362
BotezLive,TimTheTatman,382
BotezLive,Trainwreckstv,400
BotezLive,NICKMERCS,330
BotezLive,GothamChess,1274
BotezLive,DreamLeague,318
BotezLive,forsen,386
BotezLive,Myth,784
BotezLive,QuackityHQ,1245
BotezLive,TheStockGuy,599
BotezLive,Chess,843
BotezLive,SteveSuptic,343
BotezLive,karljacobs,1691
BotezLive,Philza,594
BotezLive,itsHafu,530
BotezLive,sapnapalt,673
BotezLive,Ninja,334
BotezLive,pokimane,1146
BotezLive,LIRIK,359
BotezLive,5uppp,605
calango,YoDa,453
calango,mount,850
calango,Cellbit,1789
calango,alanzoka,2592
calango,deercheerup,549
CaptainPuffy,Sykkuno,453
CaptainPuffy,RanbooLive,7866
CaptainPuffy,Fundy,3724
CaptainPuffy,JackManifoldTV,1793
CaptainPuffy,Tubbo,6291
CaptainPuffy,Punz,2178
CaptainPuffy,DropsByPonk,1497
CaptainPuffy,westonkoury,334
CaptainPuffy,sylveey,705
CaptainPuffy,QuackityHQ,9278
CaptainPuffy,karljacobs,11839
CaptainPuffy,Philza,2929
CaptainPuffy,Foolish__Gamers,2043
CaptainPuffy,sapnapalt,3651
CaptainPuffy,5uppp,834
Sykkuno,Clix,323
Sykkuno,boxbox,862
Sykkuno,KristoferYee,654
Sykkuno,hJune,581
Sykkuno,RanbooLive,967
Sykkuno,Maya,350
Sykkuno,39daph,1104
Sykkuno,Fundy,528
Sykkuno,loltyler1,935
Sykkuno,TwitchRivals,412
Sykkuno,TinaKitten,4048
Sykkuno,Masayoshi,2169
Sykkuno,sinatraa,567
Sykkuno,GMHikaru,479
Sykkuno,AriaSaki,4849
Sykkuno,Mizkif,677
Sykkuno,BrookeAB,927
Sykkuno,dakotaz,381
Sykkuno,eaJParkOfficial,626
Sykkuno,starsmitten,864
Sykkuno,Tubbo,1311
Sykkuno,Nmplol,328
Sykkuno,Punz,456
Sykkuno,LCK,677
Sykkuno,Yassuo,307
Sykkuno,Flexinja,505
Sykkuno,WARDELL,759
Sykkuno,TimTheTatman,1406
Sykkuno,Trainwreckstv,327
Sykkuno,Enviosity,319
Sykkuno,Symfuhny,320
Sykkuno,NICKMERCS,559
Sykkuno,Natsumiii,12797
Sykkuno,Myth,1196
Sykkuno,QuackityHQ,2944
Sykkuno,TheStockGuy,396
Sykkuno,xChocoBars,1462
Sykkuno,SteveSuptic,1038
Sykkuno,karljacobs,2661
Sykkuno,Philza,547
Sykkuno,itsHafu,2432
Sykkuno,sapnapalt,879
Sykkuno,Ray__C,1278
Sykkuno,Ninja,1375
Sykkuno,pokimane,5852
Sykkuno,LIRIK,442
Sykkuno,5uppp,2552
Sykkuno,Hiko,1309
Sykkuno,Ash_on_LoL,5695
Xposed,ROSHTEIN,1717
Xposed,DeuceAce,787
Xposed,NICKMERCS,475
Bugha,Clix,6198
Bugha,AdinRoss,318
Bugha,Marzz_Ow,318
Bugha,TheGrefg,377
Bugha,juansguarnizo,337
Bugha,NickEh30,1054
Bugha,Letshe,337
Bugha,TimTheTatman,327
Bugha,Tfue,467
Bugha,NICKMERCS,568
Bugha,Fresh,574
Bugha,StableRonaldo_,401
Bugha,AussieAntics,726
Bugha,Ninja,514
Bugha,ops1x,2639
EsfandTV,willneff,462
EsfandTV,Maya,2659
EsfandTV,39daph,978
EsfandTV,loltyler1,1195
EsfandTV,HealthyGamer_GG,888
EsfandTV,Quin69,545
EsfandTV,GMHikaru,380
EsfandTV,AriaSaki,578
EsfandTV,Mizkif,5743
EsfandTV,CohhCarnage,382
EsfandTV,LosPollosTV,394
EsfandTV,Nmplol,3511
EsfandTV,LCK,407
EsfandTV,pokelawls,2112
EsfandTV,TimTheTatman,765
EsfandTV,Trainwreckstv,1743
EsfandTV,NICKMERCS,387
EsfandTV,Kitboga,390
EsfandTV,roflgator,475
EsfandTV,cyr,1143
EsfandTV,forsen,1240
EsfandTV,Myth,349
EsfandTV,TheStockGuy,1175
EsfandTV,Ninja,449
EsfandTV,pokimane,1091
EsfandTV,MOONMOON,802
EsfandTV,LIRIK,933
its_iron,HusKerrs,601
its_iron,Symfuhny,362
its_iron,Swagg,386
its_iron,NICKMERCS,653
01bd02,yapyap30,332
01bd02,zilioner,591
01bd02,hanryang1125,963
01bd02,woowakgood,337
01bd02,jungtaejune,598
01bd02,lol_woolf,823
01bd02,aba4647,699
01bd02,LCK_Korea,1623
01bd02,kimdoe,364
frantita7,lautygram_,677
frantita7,justicastro,491
frantita7,micacoppola_,879
casimito,YoDa,937
casimito,Salve,412
casimito,boltz,747
casimito,Baiano,551
casimito,alanzoka,907
casimito,deercheerup,1503
casimito,FlowPodcast,455
casimito,RiotGamesBrazil,549
DuendePablo,goncho,1617
DuendePablo,Pimpeano,2026
DuendePablo,momoladinastia,1515
DuendePablo,Mayichi,399
DuendePablo,okyyy,347
DuendePablo,auronplay,373
DuendePablo,ibai,1004
DuendePablo,PapoMC,685
DuendePablo,Rubius,548
PENTA,RatedEpicz,1051
PENTA,dasMEHDI,1153
PENTA,Mizkif,364
PENTA,Nmplol,314
PENTA,Ramee,487
PENTA,pokelawls,354
PENTA,GTAWiseGuy,396
PENTA,roflgator,386
PENTA,cyr,380
PENTA,Pengwin,393
PENTA,Kyle,1229
PENTA,MOONMOON,583
PENTA,LIRIK,356
natalan,juansguarnizo,1461
natalan,auronplay,407
natalan,Rubius,748
Sardoche,Shaunz,367
Sardoche,lestream,350
Sardoche,Kaydop,323
Sardoche,Domingo,393
Sardoche,Ponce,309
Sardoche,Solary,312
Sardoche,otplol_,1155
Sardoche,Kamet0,1509
Sardoche,Bren_TM2,1854
Move_Mind,Tiagovski555YT,484
Move_Mind,numeiro_,578
Clix,noahreyli,363
Clix,AdinRoss,2928
Clix,BigEx,453
Clix,Vadeal,414
Clix,Im_Dontai,323
Clix,Marzz_Ow,1041
Clix,TheGrefg,414
Clix,juansguarnizo,401
Clix,TaySon,636
Clix,NickEh30,3720
Clix,LosPollosTV,473
Clix,Letshe,1068
Clix,TimTheTatman,912
Clix,innocents,320
Clix,Tfue,1285
Clix,TeeGrizzley,812
Clix,Symfuhny,851
Clix,Swagg,333
Clix,NICKMERCS,1959
Clix,Fresh,1340
Clix,x2Twins,508
Clix,StableRonaldo_,1540
Clix,AussieAntics,1799
Clix,ShnaggyHose,525
Clix,Myth,408
Clix,karljacobs,341
Clix,Annoying,449
Clix,cloakzy,418
Clix,Ninja,1272
Clix,pokimane,672
Clix,ops1x,12380
Clix,Trymacs,454
Clix,Hiko,476
KingGeorge,Beaulo,367
KingGeorge,MacieJay,656
KingGeorge,ShawkR6,946
KingGeorge,yo_boy_roy,1002
KingGeorge,NarcolepticNugget,1007
KingGeorge,RyyFyy,432
KingGeorge,JessGOAT,2391
boxbox,39daph,357
boxbox,TFBlade,373
boxbox,loltyler1,1072
boxbox,RATIRL,340
boxbox,TwitchRivals,507
boxbox,TinaKitten,521
boxbox,Masayoshi,448
boxbox,AriaSaki,813
boxbox,eaJParkOfficial,927
boxbox,dogdog,382
boxbox,sneakylol,398
boxbox,LCK,736
boxbox,Yassuo,354
boxbox,Natsumiii,788
boxbox,itsHafu,947
boxbox,Ray__C,369
boxbox,Ninja,359
boxbox,pokimane,622
boxbox,5uppp,330
boxbox,Ash_on_LoL,1615
loud_coringa,YoDa,353
loud_coringa,Pimentinharp,1461
loud_coringa,MmarianaAlpha,497
loud_coringa,alanzoka,1216
loud_coringa,deercheerup,577
loud_coringa,NOBRU,4356
loud_coringa,loud_bak,7813
loud_coringa,LiminhaPlay,16675
portialyn,ddahyoni,776
portialyn,sal_gu,465
portialyn,zilioner,748
portialyn,hanryang1125,702
portialyn,109ace,1237
portialyn,lol_woolf,942
portialyn,nokduro,532
portialyn,LCK_Korea,2043
portialyn,kimdoe,525
lautygram_,justicastro,415
lautygram_,micacoppola_,751
YoDa,TFBlade,539
YoDa,boltz,787
YoDa,loltyler1,468
YoDa,Baiano,5622
YoDa,sneakylol,329
YoDa,ookina,9382
YoDa,LCK,2206
YoDa,LPL,594
YoDa,c9judite,349
YoDa,Cellbit,1704
YoDa,alanzoka,5883
YoDa,jovirone,5200
YoDa,deercheerup,1832
YoDa,FlowPodcast,1294
YoDa,NOBRU,402
YoDa,Ninja,382
YoDa,RiotGamesBrazil,7018
YoDa,LCK_Korea,623
RatedEpicz,dasMEHDI,1463
RatedEpicz,Ramee,1407
RatedEpicz,TimTheTatman,449
RatedEpicz,NICKMERCS,342
RatedEpicz,GTAWiseGuy,316
RatedEpicz,Kyle,440
Arcadum,AdmiralBahroo,785
Arcadum,ironmouse,397
Arcadum,MOONMOON,725
KristoferYee,TinaKitten,412
KristoferYee,Masayoshi,431
KristoferYee,AriaSaki,673
KristoferYee,Natsumiii,753
KristoferYee,pokimane,358
KristoferYee,Ash_on_LoL,487
mount,Cellbit,451
mount,alanzoka,335
justicastro,micacoppola_,629
TenZ,sinatraa,580
TenZ,Flexinja,471
TenZ,WARDELL,509
TenZ,Ninja,499
TenZ,Hiko,819
hJune,Masayoshi,373
hJune,AriaSaki,441
hJune,Natsumiii,832
hJune,Ray__C,600
hJune,Ash_on_LoL,429
RanbooLive,Fundy,9179
RanbooLive,JackManifoldTV,3625
RanbooLive,Tubbo,19681
RanbooLive,Punz,5394
RanbooLive,DropsByPonk,2789
RanbooLive,Natsumiii,326
RanbooLive,DanTDM,427
RanbooLive,westonkoury,650
RanbooLive,sylveey,2500
RanbooLive,QuackityHQ,44123
RanbooLive,karljacobs,45236
RanbooLive,Philza,7902
RanbooLive,Foolish__Gamers,2656
RanbooLive,sapnapalt,13317
RanbooLive,EasilyyR6,649
RanbooLive,pokimane,436
RanbooLive,5uppp,1865
RanbooLive,Ash_on_LoL,328
qq7925168,bbbb87,617
qq7925168,dogdog,510
qq7925168,LCK,614
qq7925168,relaxing234,701
qq7925168,TwitchTW,1022
qq7925168,zrush,470
qq7925168,takesipon,612
qq7925168,godjj,1052
qq7925168,guanweiboy,572
qq7925168,mobilmobil,372
qq7925168,NeVeR_LosEs,1169
Mandzio,Nexe_,3603
Mandzio,PAGO3,332
Mandzio,EWROON,2072
Mandzio,xth0rek,1253
Mandzio,Diables,777
MacieJay,yo_boy_roy,498
MacieJay,JessGOAT,548
looksam,yapyap30,732
looksam,ddahyoni,587
looksam,zilioner,448
looksam,tmxk319,332
looksam,hanryang1125,349
looksam,lol_woolf,573
looksam,aba4647,364
looksam,LCK_Korea,748
willneff,Maya,422
willneff,39daph,464
willneff,AriaSaki,302
willneff,Mizkif,707
willneff,Nmplol,514
willneff,pokelawls,565
willneff,Trainwreckstv,536
willneff,cyr,478
willneff,TheStockGuy,454
Tumblurr,Freneh,5043
Tumblurr,DarioMocciaTwitch,325
Tumblurr,POW3Rtv,690
Tumblurr,Moonryde,445
Tumblurr,panetty,407
Tumblurr,ZanoXVII,3734
Tumblurr,Homyatol,824
ClassyBeef,ROSHTEIN,787
ClassyBeef,DeuceAce,357
Academy,loltyler1,478
Academy,TwitchRivals,403
Academy,LCK,1188
Academy,LPL,345
Maya,39daph,1039
Maya,loltyler1,1060
Maya,HealthyGamer_GG,3528
Maya,Quin69,339
Maya,GMHikaru,504
Maya,AriaSaki,611
Maya,Mizkif,8679
Maya,QTCinderella,330
Maya,Nmplol,4600
Maya,LCK,429
Maya,pokelawls,2122
Maya,TimTheTatman,567
Maya,Trainwreckstv,1249
Maya,NICKMERCS,313
Maya,Kitboga,307
Maya,roflgator,396
Maya,Natsumiii,310
Maya,cyr,1155
Maya,forsen,1212
Maya,Myth,385
Maya,TheStockGuy,3327
Maya,Ninja,335
Maya,pokimane,1675
Maya,MOONMOON,493
Maya,LIRIK,769
hakisxd,sweetdreams,316
hakisxd,ShivFPS,303
hakisxd,Rogue,1948
noahreyli,Vadeal,466
noahreyli,ops1x,426
noahreyli,Trymacs,492
noahreyli,Amar,364
Gorgc,GMHikaru,311
Gorgc,dota2mc_ru,365
Gorgc,PGL_Dota2,1142
Gorgc,DreamLeague,4838
Gorgc,AdmiralBulldog,1879
Gorgc,forsen,496
Gorgc,LIRIK,424
Gorgc,Daxak,392
yapyap30,ddahyoni,393
yapyap30,zilioner,645
yapyap30,runner0608,486
yapyap30,tmxk319,919
yapyap30,hanryang1125,772
yapyap30,lol_woolf,1255
yapyap30,aba4647,499
yapyap30,LCK_Korea,1588
Salve,boltz,1139
Salve,alanzoka,323
Salve,deercheerup,2502
AdinRoss,BigEx,901
AdinRoss,Im_Dontai,650
AdinRoss,NickEh30,496
AdinRoss,LosPollosTV,1696
AdinRoss,SnaggyMo,1114
AdinRoss,TimTheTatman,536
AdinRoss,juanbo__,591
AdinRoss,Tfue,552
AdinRoss,TeeGrizzley,3077
AdinRoss,Symfuhny,442
AdinRoss,Swagg,463
AdinRoss,NICKMERCS,1281
AdinRoss,ShnaggyHose,2981
AdinRoss,Annoying,1771
AdinRoss,Ninja,375
AdinRoss,ops1x,1356
daltoosh,sweetdreams,939
daltoosh,Albralelie,708
daltoosh,Dezignful,965
daltoosh,iiTzTimmy,311
daltoosh,NICKMERCS,391
daltoosh,zachmazer,480
daltoosh,Diegosaurs,728
daltoosh,ShivFPS,1269
daltoosh,Rogue,1010
Alderiate,Shaunz,569
Alderiate,lestream,605
Alderiate,AntoineDanielLive,329
Alderiate,Xari,329
Alderiate,Domingo,564
Alderiate,Ponce,654
Alderiate,ZeratoR,334
Alderiate,Solary,1032
Alderiate,otplol_,2273
Alderiate,Kamet0,1055
39daph,loltyler1,937
39daph,HealthyGamer_GG,616
39daph,TinaKitten,843
39daph,Masayoshi,514
39daph,Quin69,351
39daph,GMHikaru,505
39daph,AriaSaki,1675
39daph,Mizkif,1742
39daph,AdmiralBahroo,485
39daph,Elajjaz,328
39daph,starsmitten,314
39daph,CohhCarnage,328
39daph,Nmplol,1611
39daph,LCK,723
39daph,WARDELL,345
39daph,OkCode,310
39daph,pokelawls,1630
39daph,TimTheTatman,379
39daph,Trainwreckstv,929
39daph,Enviosity,627
39daph,Natsumiii,1300
39daph,cyr,319
39daph,AdmiralBulldog,382
39daph,forsen,1496
39daph,Myth,427
39daph,TheStockGuy,623
39daph,xChocoBars,416
39daph,itsHafu,515
39daph,Ninja,354
39daph,pokimane,1662
39daph,MOONMOON,909
39daph,LIRIK,1099
39daph,5uppp,347
39daph,Hiko,465
39daph,Ash_on_LoL,448
bbbb87,LCK,579
bbbb87,relaxing234,560
bbbb87,TwitchTW,1416
bbbb87,godjj,534
bbbb87,guanweiboy,3830
bbbb87,NeVeR_LosEs,2708
jdm2088,95pingman,2169
jdm2088,lol_woolf,565
jdm2088,2chamcham2,690
jdm2088,LCK_Korea,635
a60426042,tmxk319,361
a60426042,pikra10,321
a60426042,lol_woolf,518
a60426042,aba4647,401
a60426042,LCK_Korea,1282
Wismichu,Alexby11,310
Wismichu,orslok,507
Wismichu,juansguarnizo,636
Wismichu,Perxitaa,340
Wismichu,auronplay,1962
Wismichu,ibai,901
Wismichu,Rubius,1445
Llobeti4,TheGrefg,861
Llobeti4,blanchitooo,794
Llobeti4,auronplay,318
Llobeti4,GUANYAR,623
Llobeti4,Vicens,426
Llobeti4,ibai,686
JesusAVGN,melharucos,535
JesusAVGN,modestal,704
JesusAVGN,Dmitry_Lixxx,383
JesusAVGN,ZakvielChannel,365
JesusAVGN,StRoGo,413
JesusAVGN,ZLOYn,424
ElmiilloR,Werlyb,1452
ElmiilloR,orslok,900
ElmiilloR,Th3Antonio,756
ElmiilloR,ReventXz,1379
ElmiilloR,LCK,483
ElmiilloR,Mayichi,484
ElmiilloR,auronplay,407
ElmiilloR,ibai,1557
ElmiilloR,Rubius,743
kross_fusionz,TimTheTatman,4530
kross_fusionz,NICKMERCS,661
kross_fusionz,Ninja,390
ddahyoni,zilioner,782
ddahyoni,hanryang1125,851
ddahyoni,lol_ambition,309
ddahyoni,109ace,393
ddahyoni,lol_woolf,1176
ddahyoni,nokduro,507
ddahyoni,2chamcham2,358
ddahyoni,LCK_Korea,1913
ddahyoni,kimdoe,671
TFBlade,midbeast,394
TFBlade,Sanchovies,708
TFBlade,loltyler1,6960
TFBlade,NoWay4u_Sir,305
TFBlade,RATIRL,2566
TFBlade,TwitchRivals,2371
TFBlade,GMHikaru,441
TFBlade,Mizkif,316
TFBlade,Vakin,379
TFBlade,sneakylol,768
TFBlade,LCK,3723
TFBlade,k3soju,401
TFBlade,Yassuo,2358
TFBlade,LPL,411
TFBlade,Grossie_Gore,384
TFBlade,Nightblue3,472
TFBlade,Voyboy,692
TFBlade,imls,301
TFBlade,Jankos,1049
TFBlade,tarzaned,1629
TFBlade,Ninja,838
TFBlade,pokimane,366
TFBlade,LIRIK,305
TFBlade,RiotGamesBrazil,301
TFBlade,LCK_Korea,302
BigEx,Annoying,1003
BigEx,ops1x,412
midbeast,loltyler1,899
midbeast,RATIRL,348
midbeast,sneakylol,325
midbeast,LCK,738
ROSHTEIN,loltyler1,527
ROSHTEIN,DeuceAce,9526
ROSHTEIN,LexVeldhuis,604
ROSHTEIN,LCK,556
ROSHTEIN,chefstrobel,318
ROSHTEIN,TimTheTatman,323
ROSHTEIN,NICKMERCS,492
ROSHTEIN,DreamLeague,310
ROSHTEIN,TheStockGuy,385
ROSHTEIN,MckyTV,471
ROSHTEIN,Bidule,1466
ROSHTEIN,Ninja,345
ROSHTEIN,Papaplatte,580
ROSHTEIN,LIRIK,313
ROSHTEIN,Trymacs,2274
Vadeal,Harmii,358
Vadeal,Ditrxx,590
Vadeal,Letshe,367
Vadeal,MckyTV,305
Vadeal,ops1x,544
Vadeal,Trymacs,1135
Vadeal,Amar,974
boltz,nahzinhaa,305
boltz,alanzoka,733
boltz,deercheerup,4044
boltz,FlowPodcast,483
boltz,liminhag0d,437
boltz,RiotGamesBrazil,309
sweetdreams,Albralelie,1294
sweetdreams,zachmazer,460
sweetdreams,Diegosaurs,616
sweetdreams,ShivFPS,1495
sweetdreams,Rogue,1317
thaqil,JessGOAT,598
Sanchovies,loltyler1,2399
Sanchovies,RATIRL,630
Sanchovies,TwitchRivals,1284
Sanchovies,Vakin,2215
Sanchovies,LCK,842
Sanchovies,Yassuo,1163
Sanchovies,Voyboy,370
Sanchovies,tarzaned,545
Nexe_,EWROON,2856
Nexe_,xth0rek,2933
Nexe_,Diables,1614
pelaajatcom,TEBtv,347
Fundy,JackManifoldTV,3994
Fundy,Tubbo,17067
Fundy,Punz,3998
Fundy,DropsByPonk,3321
Fundy,DanTDM,506
Fundy,westonkoury,412
Fundy,sylveey,599
Fundy,QuackityHQ,14370
Fundy,SteveSuptic,406
Fundy,karljacobs,19937
Fundy,Philza,5894
Fundy,Foolish__Gamers,1622
Fundy,itsHafu,384
Fundy,sapnapalt,4724
Fundy,pokimane,410
Fundy,5uppp,2432
VooDooSh,melharucos,794
VooDooSh,dota2mc_ru,1448
VooDooSh,DreadzTV,606
VooDooSh,C_a_k_e,368
VooDooSh,just_ns,559
VooDooSh,ybicanoooobov,319
VooDooSh,Recrent,323
VooDooSh,Lasqa,423
Werlyb,orslok,799
Werlyb,TheGrefg,345
Werlyb,tvandeR,440
Werlyb,Th3Antonio,1848
Werlyb,ReventXz,1926
Werlyb,LCK,742
Werlyb,Pimpeano,543
Werlyb,ernesBarbeQ,582
Werlyb,Mayichi,1401
Werlyb,Jankos,380
Werlyb,alexelcapo,331
Werlyb,snoodyboo,323
Werlyb,x6FlipiN,452
Werlyb,auronplay,938
Werlyb,bysTaXx,372
Werlyb,ibai,4870
Werlyb,Rubius,1165
loltyler1,NoWay4u_Sir,591
loltyler1,RATIRL,4729
loltyler1,TwitchRivals,9807
loltyler1,HealthyGamer_GG,647
loltyler1,Quin69,1172
loltyler1,sinatraa,528
loltyler1,GMHikaru,1509
loltyler1,AriaSaki,593
loltyler1,Mizkif,3089
loltyler1,AdmiralBahroo,534
loltyler1,Elajjaz,309
loltyler1,dogdog,569
loltyler1,CohhCarnage,469
loltyler1,Vakin,1182
loltyler1,Thijs,527
loltyler1,Nmplol,2238
loltyler1,sneakylol,2618
loltyler1,LCK,9690
loltyler1,k3soju,1318
loltyler1,Yassuo,4815
loltyler1,Kiyoon,382
loltyler1,WARDELL,511
loltyler1,LPL,814
loltyler1,pokelawls,1354
loltyler1,Grossie_Gore,1509
loltyler1,Nightblue3,1184
loltyler1,TimTheTatman,1678
loltyler1,Trainwreckstv,1475
loltyler1,Voyboy,2983
loltyler1,imls,1277
loltyler1,Jankos,1844
loltyler1,Tfue,704
loltyler1,Enviosity,385
loltyler1,Symfuhny,567
loltyler1,NICKMERCS,1225
loltyler1,Kitboga,479
loltyler1,GothamChess,323
loltyler1,roflgator,323
loltyler1,Natsumiii,446
loltyler1,cyr,378
loltyler1,forsen,1904
loltyler1,Myth,651
loltyler1,tarzaned,5909
loltyler1,TheStockGuy,1682
loltyler1,DrLupo,317
loltyler1,Japczan,307
loltyler1,itsHafu,483
loltyler1,cloakzy,365
loltyler1,ShivFPS,313
loltyler1,Ninja,3741
loltyler1,pokimane,1899
loltyler1,Papaplatte,428
loltyler1,otplol_,377
loltyler1,MOONMOON,793
loltyler1,LIRIK,1690
loltyler1,5uppp,302
loltyler1,Trymacs,619
loltyler1,LCK_Korea,498
loltyler1,Hiko,1304
loltyler1,Ash_on_LoL,362
sal_gu,tmxk319,309
sal_gu,hanryang1125,1202
sal_gu,lol_woolf,564
sal_gu,nokduro,686
sal_gu,2chamcham2,458
sal_gu,LCK_Korea,1394
sal_gu,kimdoe,829
Alexby11,orslok,1475
Alexby11,Mangel,693
Alexby11,TheGrefg,1149
Alexby11,juansguarnizo,1643
Alexby11,D3stri,529
Alexby11,Perxitaa,791
Alexby11,FolagorLives,313
Alexby11,ReventXz,394
Alexby11,Mayichi,1066
Alexby11,auronplay,2842
Alexby11,bysTaXx,523
Alexby11,ibai,2320
Alexby11,aroyitt,3375
Alexby11,Rubius,6927
orslok,Mangel,922
orslok,TheGrefg,348
orslok,juansguarnizo,648
orslok,ReventXz,691
orslok,Pimpeano,440
orslok,Mayichi,711
orslok,alexelcapo,375
orslok,x6FlipiN,482
orslok,auronplay,1573
orslok,bysTaXx,442
orslok,ibai,2638
orslok,aroyitt,648
orslok,Rubius,4075
Im_Dontai,LosPollosTV,412
Im_Dontai,TeeGrizzley,315
Im_Dontai,NICKMERCS,338
Im_Dontai,RDCgaming,447
NoWay4u_Sir,RATIRL,648
NoWay4u_Sir,TwitchRivals,679
NoWay4u_Sir,Solaaaa,2804
NoWay4u_Sir,LCK,1422
NoWay4u_Sir,agurin,1864
NoWay4u_Sir,chefstrobel,320
NoWay4u_Sir,primeleague,2028
NoWay4u_Sir,Jankos,381
NoWay4u_Sir,Dhalucard,682
NoWay4u_Sir,Papaplatte,1101
NoWay4u_Sir,SummonersInnLive,1631
NoWay4u_Sir,Trymacs,2372
NoWay4u_Sir,maxim,1531
NoWay4u_Sir,PietSmiet,305
michou_twitch,kinstaar92i,328
michou_twitch,LeBouseuh,1775
bbonge_,nanayango3o,1252
bbonge_,lol_woolf,558
bbonge_,2chamcham2,2343
bbonge_,pjs9073,623
bbonge_,LCK_Korea,629
bbonge_,s1032204,360
RATIRL,TwitchRivals,1030
RATIRL,Quin69,304
RATIRL,GMHikaru,393
RATIRL,Mizkif,525
RATIRL,Vakin,359
RATIRL,Nmplol,406
RATIRL,sneakylol,612
RATIRL,LCK,2631
RATIRL,k3soju,363
RATIRL,Yassuo,856
RATIRL,pokelawls,330
RATIRL,Grossie_Gore,525
RATIRL,Trainwreckstv,428
RATIRL,Voyboy,315
RATIRL,imls,607
RATIRL,Jankos,650
RATIRL,forsen,606
RATIRL,tarzaned,1199
RATIRL,Ninja,615
RATIRL,pokimane,434
RATIRL,Papaplatte,328
RATIRL,otplol_,362
RATIRL,LIRIK,442
RATIRL,Trymacs,322
AvoidingThePuddle,forsen,474
AvoidingThePuddle,MOONMOON,508
TwitchRivals,GMHikaru,412
TwitchRivals,Mizkif,443
TwitchRivals,Vakin,918
TwitchRivals,sneakylol,742
TwitchRivals,LCK,3958
TwitchRivals,k3soju,473
TwitchRivals,Yassuo,2223
TwitchRivals,LPL,512
TwitchRivals,Grossie_Gore,338
TwitchRivals,TimTheTatman,480
TwitchRivals,Voyboy,1049
TwitchRivals,imls,407
TwitchRivals,Jankos,773
TwitchRivals,NICKMERCS,306
TwitchRivals,tarzaned,1632
TwitchRivals,TheStockGuy,446
TwitchRivals,Ninja,1004
TwitchRivals,pokimane,609
TwitchRivals,LIRIK,390
TwitchRivals,Hiko,337
Mangel,juansguarnizo,405
Mangel,Mayichi,412
Mangel,auronplay,763
Mangel,ibai,717
Mangel,aroyitt,301
Mangel,Rubius,1861
HealthyGamer_GG,GMHikaru,531
HealthyGamer_GG,AriaSaki,365
HealthyGamer_GG,Mizkif,3499
HealthyGamer_GG,Nmplol,2225
HealthyGamer_GG,pokelawls,1137
HealthyGamer_GG,Trainwreckstv,769
HealthyGamer_GG,cyr,443
HealthyGamer_GG,forsen,769
HealthyGamer_GG,TheStockGuy,1009
HealthyGamer_GG,pokimane,708
HealthyGamer_GG,LIRIK,492
scump,TeePee,420
scump,TimTheTatman,765
scump,Symfuhny,400
scump,NICKMERCS,1030
dasMEHDI,Ramee,508
dasMEHDI,Kyle,512
TinaKitten,Masayoshi,729
TinaKitten,AriaSaki,4670
TinaKitten,Mizkif,348
TinaKitten,BrookeAB,406
TinaKitten,dakotaz,704
TinaKitten,eaJParkOfficial,352
TinaKitten,starsmitten,471
TinaKitten,Tubbo,303
TinaKitten,LCK,337
TinaKitten,Natsumiii,2869
TinaKitten,QuackityHQ,410
TinaKitten,xChocoBars,1059
TinaKitten,SteveSuptic,1392
TinaKitten,karljacobs,440
TinaKitten,itsHafu,2271
TinaKitten,Ray__C,637
TinaKitten,pokimane,2319
TinaKitten,5uppp,3284
TinaKitten,Ash_on_LoL,2447
sips_,AdmiralBahroo,321
sips_,Northernlion,1098
sips_,SteveSuptic,564
sips_,itsHafu,353
sips_,LIRIK,327
zilioner,tmxk319,345
zilioner,hanryang1125,2261
zilioner,woowakgood,385
zilioner,jungtaejune,683
zilioner,109ace,860
zilioner,lol_woolf,1077
zilioner,nokduro,510
zilioner,aba4647,699
zilioner,LCK_Korea,2244
zilioner,kimdoe,1202
Masayoshi,AriaSaki,1241
Masayoshi,Mizkif,305
Masayoshi,starsmitten,612
Masayoshi,Flexinja,887
Masayoshi,Natsumiii,2017
Masayoshi,Myth,403
Masayoshi,xChocoBars,648
Masayoshi,itsHafu,391
Masayoshi,pokimane,1030
Masayoshi,5uppp,381
Masayoshi,Hiko,332
Masayoshi,Ash_on_LoL,584
Eray,wtcN,1034
Eray,KendineMuzisyen,1711
Eray,LEGOO,485
Albralelie,zachmazer,626
Albralelie,Selly55,320
Albralelie,Diegosaurs,823
Albralelie,ShivFPS,1558
Albralelie,Rogue,913
Albralelie,kato_junichi0817,301
dizzy,sinatraa,626
dizzy,iiTzTimmy,902
dizzy,WARDELL,477
dizzy,TimTheTatman,341
dizzy,Ninja,586
dizzy,Hiko,728
Quin69,GMHikaru,310
Quin69,Mizkif,719
Quin69,AdmiralBahroo,560
Quin69,Elajjaz,420
Quin69,Zizaran,1346
Quin69,CohhCarnage,861
Quin69,Empyriangaming,369
Quin69,Thijs,315
Quin69,Nmplol,638
Quin69,sneakylol,318
Quin69,LCK,829
Quin69,pokelawls,575
Quin69,Steelmage,4341
Quin69,TimTheTatman,419
Quin69,Trainwreckstv,387
Quin69,DreamLeague,539
Quin69,AdmiralBulldog,427
Quin69,forsen,1125
Quin69,TheStockGuy,436
Quin69,DatModz,904
Quin69,Mathil1,4118
Quin69,pokimane,325
Quin69,MOONMOON,1075
Quin69,LIRIK,1290
BlitzStream,otplol_,500
BlitzStream,Kamet0,355
space,sleepy,1715
space,harbleu,435
Marzz_Ow,NickEh30,486
Marzz_Ow,ops1x,899
PUVLOO,juansguarnizo,540
PUVLOO,MAAU,354
SkyrrozTV,chowh1,2051
SkyrrozTV,SackziTV,745
melharucos,segall,2463
melharucos,modestal,646
melharucos,dota2mc_ru,1053
melharucos,DreadzTV,591
melharucos,Dmitry_Lixxx,306
melharucos,C_a_k_e,1139
melharucos,VERNI_SHAVERMY,353
melharucos,just_ns,639
melharucos,Recrent,367
melharucos,ZakvielChannel,753
melharucos,Lasqa,5933
melharucos,Stray228,342
sinatraa,LCK,552
sinatraa,Flexinja,776
sinatraa,WARDELL,2072
sinatraa,TimTheTatman,702
sinatraa,Myth,775
sinatraa,Ninja,1705
sinatraa,pokimane,606
sinatraa,Hiko,2861
GMHikaru,AriaSaki,447
GMHikaru,Mizkif,1137
GMHikaru,QTCinderella,335
GMHikaru,dogdog,330
GMHikaru,Tubbo,356
GMHikaru,Thijs,325
GMHikaru,Nmplol,858
GMHikaru,LCK,1259
GMHikaru,k3soju,321
GMHikaru,Yassuo,327
GMHikaru,pokelawls,545
GMHikaru,TimTheTatman,480
GMHikaru,Trainwreckstv,592
GMHikaru,Jankos,320
GMHikaru,Tfue,376
GMHikaru,NICKMERCS,401
GMHikaru,GothamChess,5571
GMHikaru,DreamLeague,559
GMHikaru,forsen,961
GMHikaru,Myth,645
GMHikaru,TheStockGuy,920
GMHikaru,Chess,1064
GMHikaru,itsHafu,420
GMHikaru,Ninja,576
GMHikaru,pokimane,943
GMHikaru,chessbrah,376
GMHikaru,LIRIK,792
GMHikaru,5uppp,321
GMHikaru,Trymacs,327
GMHikaru,Hiko,630
TheGrefg,juansguarnizo,3349
TheGrefg,D3stri,950
TheGrefg,Perxitaa,684
TheGrefg,FolagorLives,307
TheGrefg,Alliege,410
TheGrefg,ReventXz,351
TheGrefg,Pimpeano,499
TheGrefg,blanchitooo,764
TheGrefg,Mayichi,1041
TheGrefg,x6FlipiN,310
TheGrefg,auronplay,4009
TheGrefg,bysTaXx,883
TheGrefg,Vicens,2387
TheGrefg,Ninja,328
TheGrefg,ibai,4198
TheGrefg,aroyitt,787
TheGrefg,thedanirep,523
TheGrefg,Rubius,3908
PurpleBixi,Toqtir,4355
PurpleBixi,wtcN,1043
PurpleBixi,Zade,3249
PurpleBixi,pqueen,708
PurpleBixi,pankylol,445
PurpleBixi,KendineMuzisyen,1234
PurpleBixi,LEGOO,312
RevedTV,ELoTRiX,391
RevedTV,chefstrobel,705
RevedTV,MckyTV,787
RevedTV,Papaplatte,2982
RevedTV,Trymacs,3959
RevedTV,Amar,352
OGADotaPIT,AresHD,358
OGADotaPIT,PGL_Dota2,1053
OGADotaPIT,DreamLeague,2393
OGADotaPIT,BeyondTheSummit,832
AriaSaki,Mizkif,971
AriaSaki,BrookeAB,349
AriaSaki,QTCinderella,522
AriaSaki,eaJParkOfficial,330
AriaSaki,starsmitten,824
AriaSaki,Tubbo,312
AriaSaki,Nmplol,601
AriaSaki,LCK,658
AriaSaki,WARDELL,370
AriaSaki,pokelawls,334
AriaSaki,TimTheTatman,410
AriaSaki,Trainwreckstv,537
AriaSaki,Natsumiii,6105
AriaSaki,Myth,478
AriaSaki,QuackityHQ,469
AriaSaki,TheStockGuy,517
AriaSaki,xChocoBars,1057
AriaSaki,SteveSuptic,481
AriaSaki,karljacobs,534
AriaSaki,itsHafu,1225
AriaSaki,Ray__C,897
AriaSaki,Ninja,443
AriaSaki,pokimane,2659
AriaSaki,LIRIK,379
AriaSaki,5uppp,1658
AriaSaki,Hiko,336
AriaSaki,Ash_on_LoL,2295
d_obby,lol_woolf,320
d_obby,LCK_Korea,471
Mizkif,AdmiralBahroo,406
Mizkif,QTCinderella,454
Mizkif,CohhCarnage,415
Mizkif,Tubbo,329
Mizkif,LosPollosTV,555
Mizkif,Nmplol,10614
Mizkif,LCK,835
Mizkif,Yassuo,407
Mizkif,pokelawls,5519
Mizkif,TimTheTatman,1622
Mizkif,Trainwreckstv,3548
Mizkif,Tfue,492
Mizkif,Symfuhny,479
Mizkif,NICKMERCS,915
Mizkif,Kitboga,716
Mizkif,roflgator,880
Mizkif,Natsumiii,377
Mizkif,cyr,5234
Mizkif,AdmiralBulldog,320
Mizkif,forsen,3205
Mizkif,Myth,796
Mizkif,QuackityHQ,408
Mizkif,TheStockGuy,3207
Mizkif,Saiiren,334
Mizkif,karljacobs,459
Mizkif,itsHafu,350
Mizkif,Ninja,901
Mizkif,pokimane,2736
Mizkif,Papaplatte,488
Mizkif,MOONMOON,1162
Mizkif,LIRIK,1845
Mizkif,5uppp,316
Mizkif,Trymacs,398
Mizkif,Hiko,613
Mizkif,Ash_on_LoL,400
Shaunz,lestream,872
Shaunz,Tonton,426
Shaunz,Kaydop,337
Shaunz,AntoineDanielLive,494
Shaunz,Xari,554
Shaunz,Domingo,1387
Shaunz,Ponce,609
Shaunz,AlphaCast,301
Shaunz,ZeratoR,591
Shaunz,Solary,1005
Shaunz,otplol_,4270
Shaunz,Kamet0,1794
OhTofu,Otzdarva,714
Spraggy,LexVeldhuis,862
Toqtir,wtcN,1138
Toqtir,Zade,3734
Toqtir,pqueen,522
Toqtir,pankylol,364
Toqtir,KendineMuzisyen,1817
Toqtir,LEGOO,320
tvandeR,ReventXz,442
tvandeR,Mayichi,536
tvandeR,ibai,1234
tvandeR,Rubius,337
DeuceAce,Trymacs,543
DavidDobrik,NICKMERCS,322
WankilStudio,lestream,1030
WankilStudio,AntoineDanielLive,540
WankilStudio,Xari,341
WankilStudio,Domingo,1032
WankilStudio,Ponce,790
WankilStudio,otplol_,388
WankilStudio,Kamet0,605
BrookeAB,Symfuhny,325
BrookeAB,Natsumiii,364
BrookeAB,itsHafu,374
BrookeAB,pokimane,436
BrookeAB,Ash_on_LoL,742
segall,Lasqa,2219
Pimentinharp,LiminhaPlay,937
AdmiralBahroo,Elajjaz,615
AdmiralBahroo,CohhCarnage,2354
AdmiralBahroo,Nmplol,352
AdmiralBahroo,Vinesauce,315
AdmiralBahroo,LCK,545
AdmiralBahroo,nyanners,312
AdmiralBahroo,SovietWomble,499
AdmiralBahroo,pokelawls,445
AdmiralBahroo,TimTheTatman,324
AdmiralBahroo,Enviosity,304
AdmiralBahroo,DreamLeague,306
AdmiralBahroo,forsen,645
AdmiralBahroo,TheStockGuy,372
AdmiralBahroo,BikeMan,546
AdmiralBahroo,Surefour,304
AdmiralBahroo,Mathil1,308
AdmiralBahroo,pokimane,358
AdmiralBahroo,MOONMOON,3066
AdmiralBahroo,LIRIK,1053
lestream,JeelTV,427
lestream,Tonton,665
lestream,Kaydop,335
lestream,AntoineDanielLive,1240
lestream,Xari,1538
lestream,Yann_Cj23,438
lestream,Domingo,3509
lestream,Ponce,2688
lestream,AlphaCast,481
lestream,ZeratoR,793
lestream,Solary,452
lestream,otplol_,2047
lestream,Kamet0,2031
DemoneKim,Enviosity,361
DemoneKim,Tectone,362
goncho,manurapaline,359
goncho,Pimpeano,2539
goncho,momoladinastia,2166
goncho,Mayichi,390
goncho,okyyy,528
goncho,ibai,839
goncho,PapoMC,467
goncho,Rubius,337
dakotaz,SteveSuptic,1581
dakotaz,itsHafu,1340
dakotaz,5uppp,1210
Elajjaz,CohhCarnage,762
Elajjaz,LCK,354
Elajjaz,pokelawls,301
Elajjaz,The_Happy_Hob,463
Elajjaz,forsen,847
Elajjaz,MOONMOON,469
Elajjaz,Distortion2,589
Elajjaz,LIRIK,830
CemBNGL,wtcN,573
CemBNGL,pankylol,1023
CemBNGL,KendineMuzisyen,3198
Harmii,Ditrxx,407
Harmii,MckyTV,492
Harmii,Trymacs,1100
Harmii,Amar,587
dota2mc_ru2,dota2mc_ru,6835
dota2mc_ru2,just_ns,418
dota2mc_ru2,ybicanoooobov,385
dota2mc_ru2,Stray228,374
dota2mc_ru2,Daxak,361
seeyunxd,Pimpeano,356
seeyunxd,Rustyk,750
runner0608,hanryang1125,365
runner0608,lol_woolf,709
runner0608,LCK_Korea,617
JackManifoldTV,Tubbo,5907
JackManifoldTV,Punz,1873
JackManifoldTV,DropsByPonk,1591
JackManifoldTV,sylveey,369
JackManifoldTV,QuackityHQ,5702
JackManifoldTV,karljacobs,8437
JackManifoldTV,Philza,2672
JackManifoldTV,Foolish__Gamers,950
JackManifoldTV,sapnapalt,2489
JackManifoldTV,5uppp,488
ELoTRiX,chefstrobel,588
ELoTRiX,iNoiizY,1799
ELoTRiX,INSCOPE21TV,521
ELoTRiX,unsympathisch_tv,325
ELoTRiX,MckyTV,1089
ELoTRiX,Papaplatte,2091
ELoTRiX,Trymacs,4794
eaJParkOfficial,dogdog,598
eaJParkOfficial,Natsumiii,358
eaJParkOfficial,itsHafu,1569
eaJParkOfficial,Ray__C,303
eaJParkOfficial,pokimane,309
eaJParkOfficial,5uppp,327
eaJParkOfficial,Ash_on_LoL,527
chowh1,SackziTV,1415
chowh1,Domingo,321
chowh1,Bidule,331
chowh1,otplol_,321
chowh1,Kamet0,338
esl_csgo_pl,PAGO3,583
footballbromancetv,Trymacs,549
Freneh,POW3Rtv,468
Freneh,Moonryde,424
Freneh,panetty,327
Freneh,ZanoXVII,3522
Freneh,Homyatol,657
juansguarnizo,D3stri,3555
juansguarnizo,Perxitaa,1028
juansguarnizo,FolagorLives,430
juansguarnizo,Alliege,385
juansguarnizo,akim,643
juansguarnizo,Pimpeano,389
juansguarnizo,BarcaGamer,1621
juansguarnizo,Mayichi,1463
juansguarnizo,SoyPan,683
juansguarnizo,auronplay,6461
juansguarnizo,bysTaXx,520
juansguarnizo,Vicens,531
juansguarnizo,Ninja,318
juansguarnizo,ibai,2470
juansguarnizo,aroyitt,1112
juansguarnizo,thedanirep,530
juansguarnizo,Rubius,9759
TaySon,ops1x,585
MmarianaAlpha,alanzoka,377
D3stri,Mayichi,636
D3stri,auronplay,818
D3stri,ibai,542
D3stri,aroyitt,351
D3stri,Rubius,1167
Perxitaa,Mayichi,602
Perxitaa,auronplay,13253
Perxitaa,ibai,2080
Perxitaa,aroyitt,579
Perxitaa,DessT3,1238
Perxitaa,Rubius,2794
PAGO3,EWROON,649
PAGO3,xth0rek,468
PAGO3,Diables,355
PAGO3,polsatgames,309
PAGO3,RybsonLoL_,377
PAGO3,Japczan,1019
PAGO3,IzakOOO,774
dogdog,AsmodaiTV,682
dogdog,Thijs,1303
dogdog,LCK,640
dogdog,RduLIVE,2198
dogdog,DreamLeague,381
dogdog,forsen,388
dogdog,itsHafu,2518
dogdog,LIRIK,464
starsmitten,Natsumiii,1081
starsmitten,xChocoBars,494
starsmitten,pokimane,577
Zizaran,CohhCarnage,463
Zizaran,Steelmage,817
Zizaran,Mathil1,770
dmf_kyochan,fps_shaka,981
dmf_kyochan,stylishnoob4,1303
dmf_kyochan,kato_junichi0817,2981
CohhCarnage,Nmplol,479
CohhCarnage,LCK,583
CohhCarnage,SovietWomble,308
CohhCarnage,pokelawls,354
CohhCarnage,Steelmage,310
CohhCarnage,TimTheTatman,774
CohhCarnage,Kitboga,350
CohhCarnage,Sacriel,706
CohhCarnage,DreamLeague,362
CohhCarnage,forsen,482
CohhCarnage,TheStockGuy,426
CohhCarnage,BikeMan,700
CohhCarnage,Mathil1,360
CohhCarnage,pokimane,340
CohhCarnage,MOONMOON,731
CohhCarnage,LIRIK,1914
AresHD,PGL_Dota2,1788
AresHD,DreamLeague,1350
AresHD,BeyondTheSummit,583
Vakin,LCK,502
Vakin,Yassuo,580
Vakin,tarzaned,445
modestal,dota2mc_ru,626
modestal,QUICKHUNTIK,329
modestal,Dmitry_Lixxx,979
modestal,VERNI_SHAVERMY,494
modestal,Recrent,646
modestal,StRoGo,1292
modestal,karavay46,384
modestal,Stray228,425
modestal,ZLOYn,1503
Tubbo,Punz,7154
Tubbo,DropsByPonk,4384
Tubbo,Tfue,301
Tubbo,iskall85,317
Tubbo,Natsumiii,382
Tubbo,DanTDM,851
Tubbo,westonkoury,859
Tubbo,sylveey,1602
Tubbo,Myth,539
Tubbo,QuackityHQ,31440
Tubbo,SteveSuptic,600
Tubbo,karljacobs,45867
Tubbo,Philza,13820
Tubbo,Foolish__Gamers,2458
Tubbo,itsHafu,514
Tubbo,sapnapalt,12248
Tubbo,Ninja,514
Tubbo,EasilyyR6,426
Tubbo,pokimane,855
Tubbo,5uppp,3108
Tubbo,RTGameCrowd,304
Tubbo,Ash_on_LoL,390
MenosTrece,ricoy23,534
MenosTrece,auronplay,429
MenosTrece,ibai,694
MenosTrece,Rubius,562
EWROON,xth0rek,6998
EWROON,Diables,3918
EWROON,Japczan,375
EWROON,Jacob4TV,614
tmxk319,hanryang1125,495
tmxk319,lol_ambition,478
tmxk319,woowakgood,354
tmxk319,pikra10,587
tmxk319,lol_woolf,1097
tmxk319,aba4647,1917
tmxk319,2chamcham2,385
tmxk319,LCK_Korea,3606
DarioMocciaTwitch,POW3Rtv,338
DarioMocciaTwitch,panetty,676
DarioMocciaTwitch,Ivan_Grieco,310
DarioMocciaTwitch,Yotobi,554
DarioMocciaTwitch,Homyatol,865
DarioMocciaTwitch,Everyeyeit,431
ShawkR6,yo_boy_roy,971
ShawkR6,RyyFyy,446
ShawkR6,JessGOAT,6459
BarbarousKing,Aurateur,523
Solaaaa,LCK,496
Solaaaa,agurin,709
Solaaaa,primeleague,1505
Solaaaa,Papaplatte,589
Solaaaa,SummonersInnLive,795
Solaaaa,Trymacs,1034
Solaaaa,maxim,863
duckmanzch,boyMinORu,618
Forweark,Rustyk,854
Th3Antonio,ReventXz,516
Th3Antonio,LCK,314
Th3Antonio,ibai,996
Baiano,ookina,1125
Baiano,LCK,1382
Baiano,LPL,666
Baiano,Cellbit,390
Baiano,alanzoka,1150
Baiano,jovirone,1405
Baiano,deercheerup,847
Baiano,FlowPodcast,577
Baiano,RiotGamesBrazil,10389
Baiano,LCK_Korea,600
dota2mc_ru,TEBtv3,357
dota2mc_ru,LCK,418
dota2mc_ru,DreadzTV,900
dota2mc_ru,Dmitry_Lixxx,375
dota2mc_ru,TEBtvRU,1048
dota2mc_ru,C_a_k_e,322
dota2mc_ru,TEBtv,706
dota2mc_ru,VERNI_SHAVERMY,667
dota2mc_ru,just_ns,3540
dota2mc_ru,ybicanoooobov,2666
dota2mc_ru,Recrent,1208
dota2mc_ru,PGL_Dota2,519
dota2mc_ru,DreamLeague,1209
dota2mc_ru,StRoGo,360
dota2mc_ru,Lasqa,560
dota2mc_ru,Stray228,3107
dota2mc_ru,ZLOYn,511
dota2mc_ru,Daxak,4060
FolagorLives,ReventXz,350
FolagorLives,Mayichi,595
FolagorLives,auronplay,609
FolagorLives,ibai,901
FolagorLives,Rubius,1003
TEBtv3,LCK,380
TEBtv3,TEBtv,2703
TEBtv3,DreamLeague,344
AsmodaiTV,Thijs,468
AsmodaiTV,RduLIVE,587
hanryang1125,lol_ambition,556
hanryang1125,woowakgood,809
hanryang1125,ajehr,540
hanryang1125,jungtaejune,1107
hanryang1125,109ace,763
hanryang1125,lol_cuvee,329
hanryang1125,lol_woolf,1982
hanryang1125,nokduro,1915
hanryang1125,aba4647,790
hanryang1125,2chamcham2,656
hanryang1125,LCK_Korea,5182
hanryang1125,kimdoe,2993
NickEh30,Letshe,359
NickEh30,TimTheTatman,698
NickEh30,Tfue,523
NickEh30,Symfuhny,630
NickEh30,NICKMERCS,1229
NickEh30,Fresh,1295
NickEh30,x2Twins,621
NickEh30,AussieAntics,394
NickEh30,cloakzy,324
NickEh30,Ninja,808
NickEh30,pokimane,413
NickEh30,ops1x,1904
Thijs,LCK,741
Thijs,RduLIVE,970
Thijs,DreamLeague,312
Thijs,forsen,463
Thijs,itsHafu,403
Thijs,LIRIK,497
QUICKHUNTIK,Dmitry_Lixxx,1010
QUICKHUNTIK,StRoGo,518
QUICKHUNTIK,karavay46,317
QUICKHUNTIK,ZLOYn,398
LosPollosTV,Nmplol,370
LosPollosTV,TimTheTatman,621
LosPollosTV,Trainwreckstv,367
LosPollosTV,Tfue,330
LosPollosTV,TeeGrizzley,447
LosPollosTV,NICKMERCS,1365
LosPollosTV,TheStockGuy,377
LosPollosTV,Annoying,491
LosPollosTV,Ninja,332
Nmplol,LCK,712
Nmplol,pokelawls,5671
Nmplol,TimTheTatman,1564
Nmplol,Trainwreckstv,3325
Nmplol,Symfuhny,407
Nmplol,NICKMERCS,694
Nmplol,Kitboga,602
Nmplol,roflgator,828
Nmplol,cyr,1385
Nmplol,AdmiralBulldog,353
Nmplol,forsen,3344
Nmplol,Myth,569
Nmplol,TheStockGuy,1814
Nmplol,Saiiren,406
Nmplol,Ninja,625
Nmplol,pokimane,1766
Nmplol,MOONMOON,959
Nmplol,LIRIK,2505
Nmplol,Hiko,483
lol_ambition,lol_cuvee,492
lol_ambition,lol_woolf,1293
lol_ambition,LCK_Korea,2057
lol_ambition,kimdoe,320
Vinesauce,Kitboga,355
Vinesauce,MOONMOON,336
iiTzTimmy,Diegosaurs,374
iiTzTimmy,ShivFPS,473
iiTzTimmy,Rogue,350
JeelTV,Tonton,358
JeelTV,Domingo,382
JeelTV,Ponce,905
Punz,DropsByPonk,3138
Punz,Tfue,462
Punz,iskall85,338
Punz,westonkoury,385
Punz,sylveey,1603
Punz,QuackityHQ,9742
Punz,SteveSuptic,347
Punz,karljacobs,11891
Punz,Philza,3844
Punz,Foolish__Gamers,989
Punz,sapnapalt,8280
Punz,EasilyyR6,432
Punz,5uppp,1768
chigre,ibai,449
LightFuryLF,boyMinORu,312
sneakylol,LCK,2320
sneakylol,k3soju,307
sneakylol,Yassuo,371
sneakylol,LPL,321
sneakylol,Voyboy,364
sneakylol,Jankos,429
sneakylol,tarzaned,453
sneakylol,Ninja,615
sneakylol,LIRIK,312
TheRunningManZ,Smoke,2232
Ditrxx,Trymacs,781
Ditrxx,Amar,628
ookina,LCK,615
ookina,alanzoka,1035
ookina,jovirone,1185
ookina,deercheerup,471
ookina,RiotGamesBrazil,1484
ReventXz,LCK,346
ReventXz,Pimpeano,328
ReventXz,ernesBarbeQ,731
ReventXz,Mayichi,1116
ReventXz,snoodyboo,581
ReventXz,x6FlipiN,315
ReventXz,auronplay,1296
ReventXz,bysTaXx,312
ReventXz,ibai,4490
ReventXz,PapoMC,409
ReventXz,Rubius,1288
POW3Rtv,Moonryde,951
POW3Rtv,velox,482
POW3Rtv,ZanoXVII,600
POW3Rtv,Homyatol,334
LCK,k3soju,1502
LCK,Yassuo,1417
LCK,Kiyoon,449
LCK,agurin,397
LCK,relaxing234,834
LCK,WARDELL,571
LCK,TwitchTW,487
LCK,primeleague,1039
LCK,alfrea,425
LCK,LPL,6709
LCK,pokelawls,438
LCK,Grossie_Gore,653
LCK,TEBtv,688
LCK,Nightblue3,414
LCK,alanzoka,513
LCK,TimTheTatman,636
LCK,jovirone,866
LCK,deercheerup,340
LCK,Trainwreckstv,494
LCK,Voyboy,691
LCK,imls,4821
LCK,Jankos,2814
LCK,Tfue,322
LCK,Enviosity,435
LCK,Symfuhny,367
LCK,NICKMERCS,427
LCK,polsatgames,787
LCK,stylishnoob4,408
LCK,RybsonLoL_,331
LCK,PGL_Dota2,503
LCK,GothamChess,431
LCK,Natsumiii,641
LCK,lol_woolf,458
LCK,RduLIVE,376
LCK,DreamLeague,836
LCK,forsen,778
LCK,godjj,572
LCK,tarzaned,1803
LCK,TheStockGuy,870
LCK,Japczan,316
LCK,itsHafu,564
LCK,Mathil1,322
LCK,guanweiboy,514
LCK,Ninja,2063
LCK,ibai,606
LCK,pokimane,928
LCK,Papaplatte,364
LCK,keanelol,455
LCK,otplol_,793
LCK,MOONMOON,464
LCK,LIRIK,1150
LCK,5uppp,330
LCK,Trymacs,650
LCK,RiotGamesBrazil,2074
LCK,LCK_Korea,2471
LCK,maxim,303
LCK,Hiko,986
LCK,NeVeR_LosEs,908
Pestily,Gingerliness,452
Pestily,TimTheTatman,345
Pestily,Sacriel,828
Pestily,DrLupo,765
Pestily,LIRIK,370
Pestily,Deadlyslob,768
wtcN,Zade,763
wtcN,pqueen,1143
wtcN,pankylol,1036
wtcN,Elwind,793
wtcN,RRaenee,532
wtcN,KendineMuzisyen,6256
wtcN,LEGOO,4427
wtcN,aimdll__,1056
Ramee,TimTheTatman,304
k3soju,Kiyoon,2339
k3soju,TheStockGuy,319
k3soju,Ninja,316
k3soju,pokimane,341
k3soju,keanelol,826
k3soju,Hiko,314
Staiy,Dhalucard,333
Staiy,MckyTV,383
Staiy,Papaplatte,626
Staiy,Trymacs,826
Zade,pqueen,345
Zade,KendineMuzisyen,1065
Yassuo,Grossie_Gore,324
Yassuo,Voyboy,592
Yassuo,Jankos,411
Yassuo,Myth,303
Yassuo,tarzaned,803
Yassuo,Ninja,695
Yassuo,pokimane,652
Yassuo,Hiko,332
Kiyoon,keanelol,378
agurin,primeleague,458
agurin,Papaplatte,354
agurin,SummonersInnLive,365
agurin,Trymacs,528
relaxing234,TwitchTW,503
relaxing234,zrush,412
relaxing234,takesipon,417
relaxing234,godjj,753
relaxing234,guanweiboy,509
relaxing234,mobilmobil,464
relaxing234,NeVeR_LosEs,1008
KYR_SP33DY,TimTheTatman,301
DropsByPonk,sylveey,456
DropsByPonk,QuackityHQ,4434
DropsByPonk,karljacobs,5914
DropsByPonk,Philza,2404
DropsByPonk,Foolish__Gamers,832
DropsByPonk,sapnapalt,2669
DropsByPonk,5uppp,787
Letshe,ops1x,876
Letshe,Trymacs,589
Letshe,Amar,413
yo_boy_roy,NarcolepticNugget,523
yo_boy_roy,RyyFyy,2331
yo_boy_roy,JessGOAT,2380
Flexinja,WARDELL,748
Flexinja,Natsumiii,423
Flexinja,Myth,401
Flexinja,Ninja,730
Flexinja,pokimane,433
Flexinja,Hiko,1080
Moonryde,velox,1123
Moonryde,ZanoXVII,419
Moonryde,Homyatol,310
TeePee,HusKerrs,1552
TeePee,BobbyPoffGaming,358
TeePee,TimTheTatman,1075
TeePee,Symfuhny,1879
TeePee,Swagg,591
TeePee,NICKMERCS,2276
TeePee,MuTeX,555
TeePee,cloakzy,817
chefstrobel,TrymacsKaktusKoenig,666
chefstrobel,rewinside,551
chefstrobel,eliasn97,521
chefstrobel,repazmois,637
chefstrobel,Dhalucard,361
chefstrobel,MckyTV,3886
chefstrobel,Papaplatte,4656
chefstrobel,Trymacs,15511
chefstrobel,Amar,1770
nahzinhaa,deercheerup,740
nyanners,ironmouse,1569
Anas_Off,LeBouseuh,308
manurapaline,Pimpeano,1184
manurapaline,momoladinastia,529
manurapaline,okyyy,414
kinstaar92i,Kaydop,418
kinstaar92i,Bidule,419
kinstaar92i,LeBouseuh,563
kinstaar92i,otplol_,693
kinstaar92i,Kamet0,680
TrymacsKaktusKoenig,MckyTV,342
TrymacsKaktusKoenig,Trymacs,1625
WARDELL,TimTheTatman,829
WARDELL,Natsumiii,373
WARDELL,Myth,1062
WARDELL,ONSCREEN,363
WARDELL,Ninja,1873
WARDELL,pokimane,762
WARDELL,Hiko,3123
DreadzTV,C_a_k_e,479
DreadzTV,just_ns,789
DreadzTV,Lasqa,334
cdewx,notmes,1375
supertf,sleepy,355
supertf,harbleu,381
TwitchTW,zrush,912
TwitchTW,takesipon,537
TwitchTW,blusewilly_retry,519
TwitchTW,godjj,962
TwitchTW,guanweiboy,1944
TwitchTW,mobilmobil,798
TwitchTW,NeVeR_LosEs,1096
Dmitry_Lixxx,VERNI_SHAVERMY,358
Dmitry_Lixxx,Recrent,422
Dmitry_Lixxx,ZakvielChannel,377
Dmitry_Lixxx,StRoGo,2084
Dmitry_Lixxx,karavay46,1624
Dmitry_Lixxx,ZLOYn,1653
Tonton,Domingo,505
Tonton,Ponce,706
Tonton,ZeratoR,302
Tonton,otplol_,633
Tonton,Kamet0,378
ricoy23,ibai,438
ricoy23,Rubius,367
woowakgood,lol_woolf,466
woowakgood,aba4647,367
woowakgood,2chamcham2,448
woowakgood,LCK_Korea,1095
woowakgood,kimdoe,304
HusKerrs,Crowder,912
HusKerrs,TimTheTatman,1729
HusKerrs,Tfue,337
HusKerrs,Symfuhny,3737
HusKerrs,Swagg,1360
HusKerrs,NICKMERCS,3819
HusKerrs,MuTeX,831
HusKerrs,cloakzy,1848
HusKerrs,Ninja,308
HusKerrs,DiazBiffle,434
primeleague,LPL,324
primeleague,Papaplatte,329
primeleague,SummonersInnLive,1485
primeleague,otplol_,460
primeleague,Trymacs,731
primeleague,maxim,635
pqueen,RRaenee,326
pqueen,KendineMuzisyen,2156
pqueen,LEGOO,454
alfrea,fps_shaka,458
alfrea,stylishnoob4,729
alfrea,kato_junichi0817,362
LPL,TEBtv,362
LPL,jovirone,365
LPL,imls,337
LPL,Jankos,372
LPL,DreamLeague,318
LPL,RiotGamesBrazil,968
LPL,LCK_Korea,1349
Gingerliness,TimTheTatman,391
Gingerliness,DrLupo,2883
sleepy,harbleu,325
sleepy,5uppp,369
SnaggyMo,TeeGrizzley,305
SnaggyMo,ShnaggyHose,313
SnaggyMo,Annoying,530
ajehr,2chamcham2,334
ajehr,LCK_Korea,443
ajehr,kimdoe,481
Pimpeano,momoladinastia,6013
Pimpeano,Mayichi,529
Pimpeano,okyyy,2886
Pimpeano,Rustyk,504
Pimpeano,x6FlipiN,2159
Pimpeano,auronplay,909
Pimpeano,bysTaXx,815
Pimpeano,ibai,1814
Pimpeano,PapoMC,829
Pimpeano,DrIgo,517
Pimpeano,Rubius,1071
BobbyPoffGaming,Symfuhny,447
BobbyPoffGaming,NICKMERCS,451
rewinside,MckyTV,677
rewinside,Papaplatte,934
rewinside,Trymacs,3122
xth0rek,Diables,3687
C_a_k_e,just_ns,359
C_a_k_e,Lasqa,708
pikra10,lol_woolf,311
pikra10,aba4647,941
pikra10,LCK_Korea,1097
BarcaGamer,Rubius,312
OkCode,Enviosity,3760
OkCode,Xlice,1660
OkCode,Tectone,1378
OkCode,pokimane,397
Crowder,Symfuhny,301
Crowder,NICKMERCS,307
ernesBarbeQ,Mayichi,570
ernesBarbeQ,auronplay,599
ernesBarbeQ,ibai,1859
ernesBarbeQ,Rubius,598
jungtaejune,lol_woolf,566
jungtaejune,nokduro,677
jungtaejune,aba4647,435
jungtaejune,LCK_Korea,1078
jungtaejune,kimdoe,3014
nanayango3o,lol_woolf,604
nanayango3o,2chamcham2,2267
nanayango3o,pjs9073,458
nanayango3o,LCK_Korea,952
nanayango3o,s1032204,306
blanchitooo,GUANYAR,313
blanchitooo,Vicens,573
blanchitooo,ibai,471
NarcolepticNugget,JessGOAT,523
failverde,zrush,402
Bonjwa,Dhalucard,2247
pokelawls,TimTheTatman,810
pokelawls,Trainwreckstv,2785
pokelawls,NICKMERCS,344
pokelawls,Kitboga,332
pokelawls,roflgator,1189
pokelawls,cyr,1126
pokelawls,forsen,3087
pokelawls,Myth,507
pokelawls,TheStockGuy,1055
pokelawls,Saiiren,391
pokelawls,Ninja,422
pokelawls,pokimane,1241
pokelawls,MOONMOON,1579
pokelawls,LIRIK,1958
pokelawls,Hiko,327
fps_shaka,stylishnoob4,11589
fps_shaka,kato_junichi0817,2575
zrush,takesipon,759
zrush,blusewilly_retry,2207
zrush,godjj,799
zrush,mobilmobil,1374
zrush,NeVeR_LosEs,346
Cellbit,alanzoka,3711
Cellbit,jovirone,398
Cellbit,deercheerup,473
Cellbit,FlowPodcast,356
Cellbit,RiotGamesBrazil,449
TEBtv,PGL_Dota2,475
TEBtv,DreamLeague,599
Steelmage,DatModz,946
Steelmage,Mathil1,1514
alanzoka,jovirone,1472
alanzoka,deercheerup,2344
alanzoka,FlowPodcast,1162
alanzoka,NOBRU,408
alanzoka,pokimane,307
alanzoka,loud_bak,377
alanzoka,LIRIK,328
alanzoka,RiotGamesBrazil,1489
RyyFyy,JessGOAT,1234
Smoke,LIRIK,325
momoladinastia,Mayichi,333
momoladinastia,okyyy,1691
momoladinastia,x6FlipiN,541
momoladinastia,ibai,1034
momoladinastia,PapoMC,489
momoladinastia,Rubius,490
TimTheTatman,Trainwreckstv,676
TimTheTatman,Tfue,1198
TimTheTatman,TeeGrizzley,396
TimTheTatman,Symfuhny,4866
TimTheTatman,Swagg,2074
TimTheTatman,NICKMERCS,13162
TimTheTatman,Fresh,353
TimTheTatman,Kitboga,323
TimTheTatman,Natsumiii,408
TimTheTatman,MuTeX,666
TimTheTatman,forsen,533
TimTheTatman,Myth,1630
TimTheTatman,TheStockGuy,1326
TimTheTatman,xChocoBars,377
TimTheTatman,DrLupo,1548
TimTheTatman,itsHafu,378
TimTheTatman,cloakzy,5687
TimTheTatman,ShivFPS,442
TimTheTatman,Ninja,4770
TimTheTatman,pokimane,2241
TimTheTatman,ops1x,329
TimTheTatman,MOONMOON,581
TimTheTatman,LIRIK,1711
TimTheTatman,Hiko,3503
TimTheTatman,Ash_on_LoL,392
VERNI_SHAVERMY,Recrent,334
VERNI_SHAVERMY,StRoGo,328
VERNI_SHAVERMY,ZLOYn,359
jovirone,FlowPodcast,363
jovirone,RiotGamesBrazil,1788
juanbo__,TeeGrizzley,3926
just_ns,ybicanoooobov,639
just_ns,Lasqa,315
just_ns,Stray228,785
just_ns,Daxak,613
deercheerup,FlowPodcast,962
deercheerup,NOBRU,334
deercheerup,liminhag0d,1132
deercheerup,RiotGamesBrazil,961
Trainwreckstv,Tfue,407
Trainwreckstv,Symfuhny,530
Trainwreckstv,NICKMERCS,653
Trainwreckstv,Kitboga,407
Trainwreckstv,roflgator,419
Trainwreckstv,cyr,716
Trainwreckstv,forsen,1942
Trainwreckstv,Myth,453
Trainwreckstv,TheStockGuy,923
Trainwreckstv,itsHafu,405
Trainwreckstv,Ninja,637
Trainwreckstv,pokimane,1105
Trainwreckstv,MOONMOON,560
Trainwreckstv,LIRIK,819
Trainwreckstv,5uppp,346
Trainwreckstv,Ash_on_LoL,334
eliasn97,INSCOPE21TV,325
eliasn97,MckyTV,996
eliasn97,Papaplatte,1335
eliasn97,Trymacs,6492
eliasn97,Amar,750
Voyboy,tarzaned,527
Mayichi,auronplay,2920
Mayichi,bysTaXx,420
Mayichi,ElSpreen,574
Mayichi,ibai,11488
Mayichi,aroyitt,854
Mayichi,PapoMC,606
Mayichi,Rubius,3656
Kaydop,Domingo,643
Kaydop,Ponce,390
Kaydop,Bidule,466
Kaydop,LeBouseuh,1234
Kaydop,otplol_,771
Kaydop,Kamet0,890
imls,tarzaned,384
imls,LCK_Korea,494
pankylol,Elwind,1407
pankylol,KendineMuzisyen,2375
pankylol,LEGOO,603
Jankos,polsatgames,480
Jankos,RybsonLoL_,391
Jankos,tarzaned,532
Jankos,Ninja,379
Jankos,otplol_,439
Tfue,TeeGrizzley,344
Tfue,Symfuhny,1213
Tfue,Swagg,510
Tfue,NICKMERCS,2022
Tfue,Fresh,613
Tfue,Myth,368
Tfue,MckyTV,489
Tfue,karljacobs,345
Tfue,Philza,354
Tfue,cloakzy,696
Tfue,Ninja,1467
Tfue,pokimane,538
Tfue,ops1x,665
Tfue,Papaplatte,433
Tfue,Trymacs,886
Tfue,Hiko,342
Tfue,PeteZahHutt,1545
Enviosity,Xlice,1774
Enviosity,ZealsAmbitions,504
Enviosity,Tectone,3225
Enviosity,pokimane,963
Enviosity,LIRIK,329
TeeGrizzley,Symfuhny,490
TeeGrizzley,Swagg,665
TeeGrizzley,NICKMERCS,1129
TeeGrizzley,ShnaggyHose,602
TeeGrizzley,Annoying,504
TeeGrizzley,Ninja,303
TeeGrizzley,ops1x,423
repazmois,MckyTV,1025
repazmois,Papaplatte,813
repazmois,Trymacs,3894
repazmois,Amar,314
okyyy,ibai,441
Symfuhny,Swagg,2226
Symfuhny,NICKMERCS,8651
Symfuhny,Fresh,331
Symfuhny,Forky,1386
Symfuhny,Recrent,305
Symfuhny,MuTeX,1980
Symfuhny,Myth,487
Symfuhny,TheStockGuy,431
Symfuhny,DrLupo,380
Symfuhny,cloakzy,3537
Symfuhny,ShivFPS,312
Symfuhny,Ninja,1297
Symfuhny,pokimane,574
Symfuhny,ops1x,425
Symfuhny,LIRIK,377
Symfuhny,Trymacs,371
Symfuhny,Hiko,506
Symfuhny,DiazBiffle,426
95pingman,2chamcham2,391
Swagg,NICKMERCS,7464
Swagg,MuTeX,838
Swagg,cloakzy,1655
Swagg,Ninja,389
Swagg,DiazBiffle,626
ybicanoooobov,Recrent,346
ybicanoooobov,Stray228,2152
ybicanoooobov,Daxak,663
NICKMERCS,Fresh,482
NICKMERCS,RDCgaming,316
NICKMERCS,MuTeX,2332
NICKMERCS,forsen,322
NICKMERCS,Myth,645
NICKMERCS,TheStockGuy,1345
NICKMERCS,Diegosaurs,312
NICKMERCS,Annoying,423
NICKMERCS,DrLupo,724
NICKMERCS,itsHafu,334
NICKMERCS,cloakzy,8096
NICKMERCS,ShivFPS,465
NICKMERCS,Syndicate,359
NICKMERCS,Ninja,2250
NICKMERCS,pokimane,1211
NICKMERCS,ops1x,600
NICKMERCS,LIRIK,617
NICKMERCS,Trymacs,453
NICKMERCS,Hiko,775
NICKMERCS,DiazBiffle,1338
AntoineDanielLive,Xari,347
AntoineDanielLive,Domingo,1460
AntoineDanielLive,Ponce,2277
AntoineDanielLive,AlphaCast,439
AntoineDanielLive,ZeratoR,443
AntoineDanielLive,otplol_,844
AntoineDanielLive,Kamet0,469
alexelcapo,ibai,787
alexelcapo,Rubius,379
Fresh,x2Twins,1301
Fresh,AussieAntics,439
Fresh,Loserfruit,304
Fresh,Ninja,540
Fresh,ops1x,928
polsatgames,RybsonLoL_,943
polsatgames,Japczan,726
polsatgames,otplol_,499
SmallAnt,RTGameCrowd,489
stylishnoob4,Selly55,484
stylishnoob4,kato_junichi0817,4786
RybsonLoL_,Japczan,1662
Recrent,StRoGo,396
Recrent,Stray228,526
Recrent,ZLOYn,487
109ace,lol_woolf,418
109ace,LCK_Korea,780
109ace,kimdoe,370
x2Twins,ops1x,361
lol_cuvee,lol_woolf,1057
lol_cuvee,aba4647,313
lol_cuvee,LCK_Korea,1658
Xari,Domingo,1429
Xari,Ponce,1240
Xari,otplol_,892
Xari,Kamet0,1046
takesipon,blusewilly_retry,375
takesipon,godjj,556
takesipon,mobilmobil,360
takesipon,NeVeR_LosEs,384
Kitboga,forsen,533
Kitboga,TheStockGuy,962
Kitboga,pokimane,333
Kitboga,LIRIK,673
PGL_Dota2,DreamLeague,8326
PGL_Dota2,AdmiralBulldog,627
PGL_Dota2,BeyondTheSummit,1241
FlowPodcast,RiotGamesBrazil,656
JessGOAT,EasilyyR6,605
GTAWiseGuy,Kyle,411
GothamChess,Chess,641
Elwind,KendineMuzisyen,1131
Elwind,LEGOO,359
Sacriel,DrLupo,332
Sacriel,LIRIK,368
iskall85,Philza,441
roflgator,cyr,508
roflgator,forsen,421
roflgator,TheStockGuy,311
roflgator,MOONMOON,795
roflgator,LIRIK,416
iNoiizY,Trymacs,642
NOBRU,loud_bak,3274
NOBRU,LiminhaPlay,968
Natsumiii,Myth,468
Natsumiii,QuackityHQ,679
Natsumiii,xChocoBars,1185
Natsumiii,SteveSuptic,419
Natsumiii,karljacobs,705
Natsumiii,itsHafu,1221
Natsumiii,Ray__C,931
Natsumiii,Ninja,509
Natsumiii,pokimane,2878
Natsumiii,5uppp,1275
Natsumiii,Hiko,471
Natsumiii,Ash_on_LoL,2283
cyr,forsen,405
cyr,TheStockGuy,423
cyr,pokimane,393
cyr,MOONMOON,403
cyr,LIRIK,311
blusewilly_retry,godjj,514
blusewilly_retry,mobilmobil,793
lol_woolf,nokduro,773
lol_woolf,aba4647,1493
lol_woolf,2chamcham2,1588
lol_woolf,pjs9073,382
lol_woolf,LCK_Korea,7292
lol_woolf,kimdoe,753
snoodyboo,ibai,501
StableRonaldo_,ops1x,723
Yann_Cj23,Domingo,596
Yann_Cj23,Ponce,316
nokduro,aba4647,328
nokduro,2chamcham2,413
nokduro,LCK_Korea,1659
nokduro,kimdoe,1143
RduLIVE,itsHafu,414
panetty,Ivan_Grieco,372
panetty,Homyatol,2361
Ivan_Grieco,Homyatol,925
AussieAntics,ops1x,1403
Domingo,Ponce,4067
Domingo,AlphaCast,493
Domingo,ZeratoR,857
Domingo,Solary,660
Domingo,Bidule,324
Domingo,LeBouseuh,486
Domingo,otplol_,2850
Domingo,Kamet0,3267
Rivenzi,Ponce,486
Dhalucard,MckyTV,384
Dhalucard,Papaplatte,706
Dhalucard,SummonersInnLive,343
Dhalucard,Trymacs,1613
Dhalucard,maxim,647
Dhalucard,Vlesk,446
Dhalucard,PietSmiet,1561
DreamLeague,AdmiralBulldog,1975
DreamLeague,BeyondTheSummit,2493
DreamLeague,forsen,490
DreamLeague,TheStockGuy,528
DreamLeague,pokimane,354
DreamLeague,LIRIK,629
DreamLeague,Daxak,375
DreamLeague,Hiko,362
DanTDM,QuackityHQ,745
DanTDM,karljacobs,1286
DanTDM,Philza,656
Xlice,Tectone,915
Xlice,pokimane,354
westonkoury,QuackityHQ,1733
westonkoury,karljacobs,1581
westonkoury,sapnapalt,701
AdmiralBulldog,forsen,845
AdmiralBulldog,MOONMOON,301
AdmiralBulldog,LIRIK,502
sylveey,QuackityHQ,4669
sylveey,karljacobs,4716
sylveey,Philza,456
sylveey,sapnapalt,6150
sylveey,EasilyyR6,1478
sylveey,5uppp,303
MuTeX,cloakzy,832
ShnaggyHose,Annoying,337
Ponce,AlphaCast,621
Ponce,ZeratoR,692
Ponce,Solary,357
Ponce,LeBouseuh,435
Ponce,otplol_,1771
Ponce,Kamet0,1655
INSCOPE21TV,unsympathisch_tv,528
INSCOPE21TV,MckyTV,412
INSCOPE21TV,Papaplatte,1443
INSCOPE21TV,Trymacs,2614
RRaenee,KendineMuzisyen,1364
forsen,Myth,454
forsen,TheStockGuy,1134
forsen,Ninja,460
forsen,pokimane,1202
forsen,Papaplatte,483
forsen,MOONMOON,1291
forsen,LIRIK,2238
godjj,guanweiboy,514
godjj,lilballzlolz,316
godjj,mobilmobil,656
godjj,NeVeR_LosEs,1094
Myth,xChocoBars,337
Myth,karljacobs,373
Myth,itsHafu,354
Myth,Ninja,2159
Myth,pokimane,1748
Myth,LIRIK,474
Myth,Hiko,2393
Myth,Ash_on_LoL,331
aba4647,2chamcham2,488
aba4647,LCK_Korea,5026
aba4647,kimdoe,396
flowergam0326,2chamcham2,406
tarzaned,Ninja,483
QuackityHQ,SteveSuptic,765
QuackityHQ,karljacobs,100580
QuackityHQ,Philza,10627
QuackityHQ,Foolish__Gamers,2773
QuackityHQ,itsHafu,537
QuackityHQ,sapnapalt,29065
QuackityHQ,Ninja,419
QuackityHQ,EasilyyR6,1019
QuackityHQ,pokimane,1106
QuackityHQ,5uppp,3492
QuackityHQ,Ash_on_LoL,932
TheStockGuy,cloakzy,400
TheStockGuy,Ninja,549
TheStockGuy,pokimane,905
TheStockGuy,MOONMOON,604
TheStockGuy,LIRIK,1575
TheStockGuy,Hiko,494
unsympathisch_tv,Papaplatte,641
unsympathisch_tv,Trymacs,930
MckyTV,Papaplatte,4276
MckyTV,Trymacs,15953
MckyTV,maxim,334
MckyTV,Amar,2558
ONSCREEN,Ninja,514
ONSCREEN,Hiko,872
rootthegamer,KendineMuzisyen,533
rootthegamer,LEGOO,321
AlphaCast,ZeratoR,431
AlphaCast,otplol_,574
BikeMan,LIRIK,405
x6FlipiN,auronplay,444
x6FlipiN,bysTaXx,3437
x6FlipiN,ibai,1006
x6FlipiN,Rubius,813
ZeratoR,otplol_,1173
ZeratoR,Kamet0,625
ZealsAmbitions,Tectone,312
StRoGo,karavay46,1330
StRoGo,ZLOYn,2627
xChocoBars,SteveSuptic,303
xChocoBars,itsHafu,650
xChocoBars,Ninja,841
xChocoBars,pokimane,1324
xChocoBars,5uppp,382
xChocoBars,Hiko,413
xChocoBars,Ash_on_LoL,388
Solary,otplol_,4671
Solary,Kamet0,2086
zachmazer,Diegosaurs,328
zachmazer,ShivFPS,423
zachmazer,Rogue,409
SteveSuptic,karljacobs,861
SteveSuptic,itsHafu,2564
SteveSuptic,sapnapalt,321
SteveSuptic,pokimane,517
SteveSuptic,5uppp,4045
SteveSuptic,ChilledChaos,447
SteveSuptic,Ash_on_LoL,712
Surefour,MOONMOON,664
Saiiren,MOONMOON,322
Putupau,Rubius,317
KendineMuzisyen,CyberRulzTv,691
KendineMuzisyen,LEGOO,3123
KendineMuzisyen,aimdll__,706
karljacobs,Philza,16279
karljacobs,Foolish__Gamers,4033
karljacobs,itsHafu,669
karljacobs,sapnapalt,31689
karljacobs,Ninja,542
karljacobs,EasilyyR6,1022
karljacobs,pokimane,1390
karljacobs,5uppp,4373
karljacobs,RTGameCrowd,366
karljacobs,Ash_on_LoL,967
ZanoXVII,Homyatol,677
auronplay,bysTaXx,756
auronplay,Vicens,486
auronplay,Ninja,302
auronplay,ibai,11879
auronplay,aroyitt,1794
auronplay,PapoMC,917
auronplay,thedanirep,438
auronplay,DessT3,568
auronplay,Rubius,19017
bysTaXx,ibai,1367
bysTaXx,Rubius,1532
DatModz,Mathil1,447
Philza,Foolish__Gamers,1388
Philza,itsHafu,337
Philza,sapnapalt,3666
Philza,Ninja,416
Philza,pokimane,491
Philza,5uppp,1564
Philza,RTGameCrowd,305
Selly55,LCK_Korea,338
Selly55,kato_junichi0817,477
Foolish__Gamers,sapnapalt,1109
Foolish__Gamers,5uppp,385
Bidule,LeBouseuh,425
Bidule,otplol_,603
Bidule,Kamet0,717
Diegosaurs,ShivFPS,1447
Diegosaurs,Rogue,986
Annoying,ops1x,323
DrLupo,cloakzy,428
DrLupo,Ninja,646
DrLupo,pokimane,323
itsHafu,Ray__C,347
itsHafu,Ninja,388
itsHafu,pokimane,1762
itsHafu,LIRIK,350
itsHafu,5uppp,3345
itsHafu,Ash_on_LoL,1477
cloakzy,Ninja,811
cloakzy,pokimane,435
cloakzy,Hiko,330
cloakzy,DiazBiffle,496
karavay46,ZLOYn,597
Mathil1,MOONMOON,503
Mathil1,LIRIK,342
ShivFPS,Rogue,1408
ShivFPS,Ninja,351
ShivFPS,kato_junichi0817,361
ShivFPS,MaTaFe_,425
sapnapalt,EasilyyR6,1426
sapnapalt,pokimane,433
sapnapalt,5uppp,1744
Stray228,Daxak,1027
Loserfruit,pokimane,321
Ray__C,pokimane,430
Ray__C,5uppp,393
Ray__C,Ash_on_LoL,2375
Vicens,ibai,532
Vicens,Rubius,392
guanweiboy,NeVeR_LosEs,2153
2chamcham2,pjs9073,1109
2chamcham2,LCK_Korea,2187
2chamcham2,s1032204,912
2chamcham2,kimdoe,451
Ninja,ibai,350
Ninja,pokimane,2349
Ninja,ops1x,598
Ninja,Papaplatte,461
Ninja,LIRIK,882
Ninja,Trymacs,890
Ninja,Hiko,6329
Ninja,Rubius,515
Ninja,Ash_on_LoL,409
Tectone,pokimane,761
ElSpreen,ibai,566
ElSpreen,Rubius,478
ibai,aroyitt,1333
ibai,PapoMC,2392
ibai,thedanirep,436
ibai,Rubius,11569
pokimane,Papaplatte,454
pokimane,MOONMOON,436
pokimane,LIRIK,1035
pokimane,5uppp,1078
pokimane,Trymacs,481
pokimane,Hiko,1812
pokimane,Rubius,407
pokimane,Ash_on_LoL,1653
pjs9073,LCK_Korea,377
pjs9073,s1032204,346
LeBouseuh,Kamet0,573
Papaplatte,SummonersInnLive,543
Papaplatte,Trymacs,20961
Papaplatte,maxim,730
Papaplatte,PietSmiet,478
Papaplatte,Amar,1626
SummonersInnLive,Trymacs,877
SummonersInnLive,maxim,1548
otplol_,Kamet0,10733
otplol_,Bren_TM2,1360
LEGOO,aimdll__,1478
loud_bak,LiminhaPlay,1677
MOONMOON,LIRIK,1409
LIRIK,Hiko,948
5uppp,Ash_on_LoL,1459
aroyitt,Rubius,3274
PapoMC,Rubius,600
Trymacs,maxim,1191
Trymacs,Vlesk,671
Trymacs,PietSmiet,671
Trymacs,Amar,7297
thedanirep,Rubius,624
RiotGamesBrazil,LCK_Korea,1012
LCK_Korea,kimdoe,1874
LCK_Korea,NeVeR_LosEs,316
Kamet0,Bren_TM2,1965
