Streamer,Viewers*,Community ID
ludwig,1346223,51
xQcOW,1056332,7
ibai,815421,12
shroud,739054,18
ESL_CSGO,728758,58
NICKMERCS,720990,42
TheGrefg,668923,12
auronplay,657182,12
RanbooLive,649405,15
Rubius,612068,12
tommyinnit,600631,15
LEC,594091,10
karljacobs,589291,15
Trymacs,555137,35
summit1g,535610,57
TimTheTatman,531552,42
MontanaBlack88,515000,35
RocketLeague,507155,62
Amouranth,504541,8
loltyler1,495334,10
Gaules,483867,74
Sykkuno,481773,2
WilburSoot,461912,15
Asmongold,449630,14
Philza,439144,15
Tubbo,402939,15
Clix,400315,13
QuackityHQ,389803,15
Rainbow6,384438,62
Mizkif,382263,7
LCS,367151,10
Gotaga,337512,36
Jelty,331882,12
Mongraal,331315,13
pokimane,327924,2
juansguarnizo,327161,12
loud_coringa,316308,74
pqueen,313979,38
csgomc_ru,313086,43
Tfue,310205,13
sodapoppin,302958,14
alanzoka,298075,74
Swagg,295431,42
SypherPK,293723,13
Indiefoxx,287390,8
CBLOL,283651,74
Foolish__Gamers,282588,15
LCK_Korea,276152,0
JackManifoldTV,272644,15
Amar,269702,35
Aydan,267231,42
Fextralife,265951,3
Symfuhny,265769,42
HasanAbi,265332,57
dota2mc_ru,261051,43
StableRonaldo_,259694,13
Papaplatte,259313,35
s1mple,258120,43
Ninja,254987,10
Domingo,254273,36
benjyfishy,251913,13
TSM_ImperialHal,250019,17
Nihachu,248782,15
AdinRoss,248013,13
LCK,243687,10
GMHikaru,241169,44
NickEh30,241107,13
ShivFPS,240705,17
NOBRU,233577,74
TenZ,225752,18
LIRIK,224726,3
Hiko,218377,18
KendineMuzisyen,217653,38
YoDa,212120,74
moistcr1tikal,207713,7
ZanoXVII,204901,32
forsen,201636,7
Kamet0,197487,36
Castro_1021,197432,34
CohhCarnage,193885,3
CaptainPuffy,189847,15
Rogue,187673,17
LVNDMARK,187373,31
wtcN,186686,38
Bugha,184361,13
Myth,178735,18
Trainwreckstv,178438,7
fps_shaka,177473,17
cloakzy,176139,42
Fresh,173121,13
EsfandTV,173029,14
HusKerrs,171054,42
elxokas,170436,12
LPL,167206,10
EASPORTSFIFA,164714,34
otplol_,163976,36
Doublelift,163360,10
eliasn97,162624,35
Cellbit,161857,74
iiTzTimmy,161738,17
Elraenn,161236,38
LyonWGFLive,160418,32
POW3Rtv,160130,32
VALORANT,160026,18
LuluLuvely,159446,17
stylishnoob4,158611,17
TheRealKnossi,156854,35
loud_bak,155137,74
fuslie,155051,2
Jankos,153185,10
Ponce,152642,36
Baiano,149719,74
MOONMOON,149467,57
pokelawls,148947,7
ShahZaM,147968,18
buddha,147716,57
elded,145479,12
PapoMC,144195,12
jukes,144009,74
buster,142403,43
x2Twins,140709,13
ops1x,140184,13
SilverName,137840,43
Llobeti4,136990,12
aceu,136085,18
JustaMinx,134885,15
Yassuo,134720,10
mistermv,134255,36
its_iron,134028,42
tommyinnitalt,133646,15
Stray228,131064,43
MuTeX,130118,42
imls,129964,10
Thijs,129667,23
ZeratoR,129651,36
DrLupo,129650,31
Gorgc,128789,6
Fundy,128240,15
ROSHTEIN,127180,56
BotezLive,126326,44
Moonryde,125608,32
sneakylol,124195,10
LEGOO,124087,38
RatedEpicz,123700,57
Locklear,123272,36
Faker,122755,10
Nmplol,122220,7
Letshe,122162,13
5uppp,121435,2
Quin69,121264,14
kato_junichi0817,120880,17
ELoTRiX,120459,35
Whippy,120280,57
Jahrein,120160,38
NoWay4u_Sir,120065,35
nl_Kripp,120034,23
LVPes,118221,12
Gemita,118192,12
Alexby11,118096,12
TFBlade,116925,10
Rakin,116671,74
Dota2RuHub,116553,43
blxckoutz,115717,74
midbeast,115652,10
RiceGum,114138,13
Sardoche,113493,36
IlloJuan,113265,12
dasMEHDI,112227,57
WARDELL,112181,18
Nightblue3,111116,10
GRONKH,110793,35
itsHafu,110605,2
Pimpeano,110445,40
Kyle,110431,57
sweetdreams,110357,17
alexelcapo,109767,12
Vicens,108561,12
Mayichi,108440,12
hanryang1125,108090,0
scoped,107966,13
Xiuder_,107397,32
Recrent,107359,43
Punz,107190,15
Tumblurr,106881,32
Werlyb,106770,12
chowh1,106393,36
BadBoyHalo,106331,15
Taylor_Jevaux,105488,8
handongsuk,104815,0
hannahxxrose,104766,15
Ramee,104683,57
knekro,103823,12
kennyS,103469,58
Subroza,102514,18
Kaellyn,102315,8
CodeMiko,102057,7
coscu,101588,40
Purpled,101535,15
SPYGEA,100467,17
MckyTV,100456,35
Pestily,99747,31
dogdog,98964,23
Warframe,98399,3
Peereira7,98313,12
JLTomy,98010,36
CriticalRole,97964,3
INSCOPE21TV,97822,35
daltoosh,97594,17
IamCristinini,97116,12
ElSpreen,96875,12
PlayHard,96356,74
deercheerup,95274,74
Maximilian_DOOD,95224,3
ElcanaldeJoaco,95189,40
RATIRL,94750,10
dopa24,94455,10
NikitonipongoTV,94331,12
SkyrrozTV,94309,36
lilypichu,93934,2
Mithrain,93870,38
GothamChess,93257,44
Scarra,93230,2
pizfn,93087,32
JoeWo,92518,42
TEBtv,92237,58
ReventXz,92213,12
FolagorLives,92054,12
bratishkinOFF,91775,43
jean_mago,91210,74
Kitboga,90951,7
TinaKitten,90934,2
PENTA,90927,57
AdmiralBahroo,90856,3
Homyatol,90836,32
AnthonyZ,89874,57
Ash_on_LoL,89863,2
QuarterJade,89852,2
sapnapalt,89732,15
Otzdarva,89373,47
jacksepticeye,88721,2
RobertoCein,88364,12
lestream,88333,36
quackitytoo,87831,15
unsympathisch_tv,87441,35
MarkiLokurasY,87266,12
xChocoBars,86981,2
Co1azo,86970,13
TapL,86728,15
k1ng,86286,12
Squeezie,85889,36
itsRyanHiga,85573,2
Lysium,84667,57
Brawlhalla,84613,62
pijack11,84023,74
tmxk319,83587,0
casimito,82653,74
yourragegaming,82303,13
Staryuuki,82071,12
goncho,81699,40
sujagg,81612,12
ElmiilloR,81501,12
Solary,80984,36
fer,80725,74
aroyitt,80096,12
39daph,79634,2
Th3Antonio,79475,12
ryux,79385,12
RevedTV,79173,35
EWROON,79153,44
TeePee,79147,42
JrokezFTW,78816,38
BobRoss,78800,15
BastiGHG,78679,35
loud_babi,78349,74
aimdll__,78131,38
dota2mc_ru2,78064,43
Gladd,77954,31
StRoGo,77942,43
Albralelie,77403,17
TeeGrizzley,77381,13
Pieface23,77378,34
fnxLNTC,77317,74
cidcidoso,77187,74
Dhalucard,76396,35
boxbox,76213,10
lol_woolf,76211,0
roflgator,76064,57
paka9999,75950,0
saddummy,75792,0
aba4647,75412,0
Hype,75408,38
MarkitoNavaja,75229,40
ybicanoooobov,75117,43
SmallAnt,74830,51
BarcaGamer,74768,12
SolaryFortnite,74524,36
R6esportsBR,74419,62
lol_nemesis,74317,10
Payo,74260,14
Etoiles,74002,36
Chica,73852,13
Greekgodx,73787,7
Tectone,73771,9
bt0tv,73621,74
Dmitry_Lixxx,73495,43
liminhag0d,73235,74
GTAWiseGuy,73168,57
RduLIVE,72927,23
Timmac,72700,57
adeptthebest,72652,57
AnniTheDuck,72383,35
Maya,72208,7
Kaydop,71953,36
SteveSuptic,71889,2
NiceWigg,71766,17
Perxitaa,71275,12
Mandzio,71253,44
Alliege,70961,12
VALORANT_BR,70504,74
loud_thurzin,70031,74
orslok,69792,12
Adal,69677,38
grenbaud,69552,32
Northernlion,69465,3
zilioner,69428,0
Im_Dontai,69415,13
amustycow,69147,62
DiazBiffle,69094,42
ilMasseo,68825,32
relaxing234,68585,19
ScreaM,68562,18
mitr0,68129,13
mrstiventc,68015,12
pgod,67610,12
Xari,67367,36
AustinShow,67332,15
supertf,67288,26
velox,67194,32
AdmiralBulldog,67042,6
berkriptepe,66975,38
TubboLIVE,66586,15
Thebausffs,66507,10
IzakOOO,66238,44
Dendi,66104,43
pulgaboy,66083,74
Xposed,65494,56
ChristianVieriOfficial,65458,32
RocketStreetLive,65353,62
FaZeBlaze,65216,42
EmadGG,65013,13
samueletienne,64894,36
xntentacion,64734,44
MrSoki,64472,42
kyedae_,64312,18
Flight23white,64296,13
Sanchovies,64265,10
AntoineDanielLive,64260,36
TolkinLoL,64163,35
melina,64084,8
g2perkz,64040,10
Snip3down,64034,17
Repazmois,63528,35
yvonnie,63321,2
JokerdTV,63271,14
Jinnytty,63216,7
DropsByPonk,63120,15
Terracid,62950,36
Enviosity,62904,9
Masayoshi,62221,2
StaysafeTV,62171,14
Freneh,62164,32
AbdulHD,62159,57
limit_maximum,62132,14
SkipNhO,62084,74
rewinside,61658,35
mount,61389,74
Blaustoise,61141,57
saniye,61022,38
scump,60781,42
Natsumiii,60600,2
PietSmiet,60504,35
maxim,60327,35
SummonersInnLive,60195,35
PUBG,60086,18
PAGO3,60056,44
Lobanjicaa,60043,58
Loeya,60015,13
NAKOO_Fn,59611,12
ddahyoni,59544,0
Pengu,59321,62
QTCinderella,58672,51
RTGame,58581,51
Dosia_csgo,58497,43
Elwind,58302,38
nyanners,58297,3
DeuceAce,58271,56
Agraelus,58022,61
ZONY,57818,44
cyr,57738,57
FPSThailand,57291,24
HutchMF,57152,57
BoomerNA,57138,15
Voyboy,57086,10
Rain,57018,13
Savjz,56985,23
DuendePablo,56875,40
MatteoHS,56632,32
noahreyli,56557,13
PaymoneyWubby,56388,7
pjs9073,56358,0
Kiaraakitty,56106,8
SackziTV,55923,36
Distortion2,55838,3
ThomeFN,55823,74
JannisZ,55779,13
okyyy,55759,40
MasteerXd,55681,74
Sweet_Anita,55603,7
calango,55390,74
adolfz,55326,74
Elajjaz,55276,3
kkatamina,55154,2
TheStockGuy,55017,7
bysTaXx,55001,12
JaggerPrincesa,54839,12
a_babybay,54468,18
JustGaBBo,54428,32
MacieJay,54230,62
AdrianaChechik_,53981,8
kinstaar,53908,36
MYM_ALKAPONE,53756,12
dda_ju,53554,0
Milan926_,53494,12
2chamcham2,53457,0
Ssaab,53253,57
chocoTaco,53183,18
TheDarkness,53164,74
TheRealMarzaa,53001,32
FarfadoxVEVO,52972,12
koil,52844,57
DarkViperAU,52567,51
KingGeorge,52521,62
WankilStudio,52510,36
modestal,52510,43
JonVlogs,52479,74
Daxak,52461,43
miniminter,52259,34
dakotaz,52220,2
Rizzo,52045,62
just_ns,52031,43
CobaltStreak,51938,3
SovietWomble,51904,3
Magic,51879,23
imviolet_,51767,32
ESL_CSGOb,51752,58
ZeROBADASS,51751,74
Kaceytron,51655,15
Teuf,51499,36
blusewilly_retry,51379,19
DarioMocciaTwitch,51377,32
bmkibler,51135,23
sleepy,50960,2
LittleBigWhale,50953,36
ziGueira,50766,74
Vinesauce,50542,3
joskiyokda,50267,43
C_a_k_e,50221,43
RiotGamesTurkish,50195,38
aXoZer,50184,12
yapyap30,50070,0
ironmouse,50047,3
natalan,50015,12
Beaulo,49940,62
IWillDominate,49936,10
unicornio,49842,40
pankylol,49704,38
PCH3LK1N,49607,43
NateHill,49601,13
mokrivskyi,49556,43
akaNemsko,49521,44
SmiteGame,49505,41
runthefutmarket,49438,34
JesusAVGN,49436,43
nokduro,49435,0
DannyGoonzalez,49406,15
GronkhTV,49373,35
DisguisedToast,49367,2
sal_gu,49327,0
blanchitooo,49301,12
ricoy23,48947,12
DatModz,48858,14
Vadeal,48837,35
chefstrobel,48625,35
ElRichMC,48575,12
Nixjke,48568,43
lol_ambition,48547,0
actingliketommy,48475,13
melharucos,48410,43
Reborn_Live,48409,12
Loserfruit,48393,13
AverageJonas,48231,18
PapiGaviTV,48231,12
dwjft,48121,57
VooDooSh,48064,43
polsatgames,48053,44
kimdoe,47907,0
Videoyun,47720,38
SquishyMuffinz,47689,62
Replays,47680,13
agurin,47652,35
Tixinhadois,47431,74
Rumathra,47371,35
NeZaK_,47246,32
peterparkTV,47122,2
Ray__C,47062,57
TpaBoMaH,46980,43
dafran,46972,26
Vlesk,46893,35
yayahuz,46755,74
Shaunz,46696,36
Eray,46678,38
xth0rek,46603,44
Hirona,46547,57
VERNI_SHAVERMY,46424,43
Crystalst,46389,57
woowakgood,46307,0
jdm2088,46134,0
CzechCloud,46105,61
AussieAntics,46062,13
GamesDoneQuick,46048,3
tarzaned,45964,10
Gnu_Live,45953,35
DylanteroLIVE,45942,12
aminematue,45832,36
Unboxholics,45750,56
AgenteMaxo,45743,12
hJune,45681,2
Shiphtur,45626,2
Athena,45606,62
del1ght,45464,43
JustCooman,45450,43
Mushway,45430,36
s0mcs,45355,18
Sh4dowehhh,45309,43
Skyyart,45288,36
NiklasWilson,45180,35
Reetlol,45059,13
BrookeAB,45026,2
VonDice,44971,56
Five0AnthO,44831,57
uzra,44775,19
Jasper7se,44759,17
Anas_Off,44758,36
Gabi,44648,74
Solaaaa,44633,35
NymN,44434,7
Berry0314,44340,8
ChilledChaos,44309,2
Fruktozka,44292,43
hastad,44202,74
DansGaming,44130,3
esAcarry,44073,74
Tonton,43973,36
iZeroplus,43951,17
Efesto96,43891,32
TrilluXe,43864,35
zxcursed,43783,43
Klean,43701,18
Rekinss,43664,32
Joueur_du_Grenier,43638,36
PurpleBixi,43547,38
Zizaran,43442,14
Rezo,43299,35
Jolavanille,43228,36
Naguura,43227,14
Emongg,43221,26
B1ackSai1s,43104,242
bateson87,42995,34
Bonjwa,42952,35
keiozin,42891,74
Pink_Sparkles,42861,8
Japczan,42828,44
Jirayalecochon,42769,36
tvandeR,42768,12
Ditrxx,42725,35
imaqtpie,42545,10
A1taOda,42361,43
Toqtir,42358,38
SidneyEweka,42313,35
bananabrea,42272,57
H2P_Gucio,42261,44
singsing,42186,6
runner0608,42022,0
KayzahR,42010,35
Felps,41978,74
Mangel,41953,12
SolaryHS,41923,36
katoo,41830,35
by_Owl,41810,43
skippypoppin,41669,14
chessbrah,41653,44
mch_AGG,41283,74
GodHunt,41277,43
Smoke,41232,18
Sommerset,41111,13
ALOHADANCETV,41096,43
pacific8815,41089,0
Arab,41079,13
xHankyy,41075,35
rooftopcat99,40945,0
Conterstine,40921,12
Alderiate,40837,36
aXtLOL,40835,74
tropa_lucca,40810,74
Wismichu,40735,12
BlitzStream,40669,36
Arcadum,40648,3
zEkO,40605,40
Shotz,40603,57
raderaderader,40527,17
UberHaxorNova,40503,57
HBomb94,40491,15
Sequisha,40460,18
CallMeKevin,40431,51
gskianto,40422,32
drututt,40407,10
yeTz,40398,74
gratis150ml,40393,74
DreadzTV,40377,43
ZLOYn,40249,43
Shurjoka,40204,35
Forky,40089,62
iLame,40015,43
AsmodaiTV,39991,23
Jacob4TV,39970,44
RocketBaguette,39769,36
brothers_baseball,39694,19
Jay3,39677,26
MenosTrece,39644,12
NeVeR_LosEs,39520,19
Jiozi,39395,32
cdewx,39359,14
xargon0731,39337,19
RakanooLive,39290,236
Bidule,39229,36
XcaliburYe,39220,6
Herdyn,39179,61
RatoBorrachudo,39145,74
Crystal_LoL,39080,38
HOLLYWOOD285,39046,32
Alixxa,38927,13
panetty,38904,32
coreanofps,38902,74
Mathil1,38848,14
Kennzy,38775,74
PUBGKorea,38751,0
Marcy7,38731,32
ayellol,38715,74
RocketBeansTV,38712,35
Harmii,38660,35
uhSnow,38557,57
chigre,38304,12
Uthenera,38221,38
blackelespanolito,38197,12
CaptainSparklez,38164,15
Diables,38145,44
russfpsz,38123,38
DanucD,38114,18
lolpacifictw,38090,19
LetsGameItOut,38087,51
des0ut,38076,43
KamoLRF,38011,35
ImKaiCenat,37971,13
gllobet25,37925,12
Ranger,37923,13
Trick2g,37920,10
dunkstream,37901,7
Mickalow,37880,36
Destiny,37879,7
Popo,37879,44
sam1268,37845,19
evaanna,37820,8
TSM_Viss,37683,17
ElMariana,37619,12
m0xyy,37580,7
BananaSlamJamma,37560,6
GernaderJake,37483,31
masondota2,37434,6
Marzz_Ow,37427,13
paulagonu,37107,12
Broeki1,36998,35
Tommey,36991,42
Kiyoon,36953,10
mL7support,36894,26
PainLivestream,36607,35
GD_booya,36558,42
xTheSolutionTV,36451,35
ClassyBeef,36449,56
ibabyrainbow,36441,8
resttpowered,36416,61
Jukeyz,36332,42
SwaggerSouls,36308,15
thedanirep,36308,12
KristoferYee,36133,2
SteelBree,36093,35
Pikabooirl,36041,14
FoxenKin,36004,8
RRaenee,35926,38
VGBootCamp,35910,51
willneff,35899,57
Silithur,35880,12
Alkaizerx,35843,14
TobiasFate,35829,10
xandfps,35819,74
Delux,35761,32
smqcked,35727,13
KarasMai,35714,10
Kubxz,35598,44
BebuElPri,35596,40
Towelliee,35551,14
FollowGrubby,35485,14
Aa9skillz,35439,34
Meikodboy_,35409,74
LosPollosTV,35405,13
Syndicate,35389,42
keife_,35336,13
ESL_CSGOc,35297,58
CDNThe3rd,35243,18
BerriTV,35231,32
ElisabeteTV,35215,8
FlowPodcast,35200,74
mobilmobil,35160,19
k3soju,35011,10
Staiy,34974,35
KYR_SP33DY,34888,51
AlphaCast,34798,36
PablitoRan,34789,40
Kalei,34755,42
Tiagovski555YT,34743,58
The_Happy_Hob,34579,3
Naowh,34568,14
BTMC,34552,51
godjj,34327,19
WELOVEGAMES,34279,43
TrU3Ta1ent,34261,47
ANGRYPUG,34249,47
yd0821,34192,0
Strippin,34189,3
IFrostBolt,34143,31
BruceGrannec,34127,36
wkgml,34088,0
GMNaroditsky,34062,44
Paoloidolo,33984,32
sips_,33822,3
SpectateTyler1,33810,10
Nick28T,33795,34
jinu6734,33750,0
Jayce,33708,57
Low4n,33702,36
stormen,33697,17
obm1025,33627,0
AkumaGirrl,33623,12
ItsLomba,33540,32
suetam1v4,33527,74
Fierik,33525,32
StolenBR,33439,74
Zade,33417,38
SNEUX,33413,12
OfficialAndyPyro,33400,58
TheGuill84,33394,36
ESL_Australia,33299,62
KAANFLIX,33256,38
ajehr,33242,0
jccaylen,33103,51
sonycast_,32949,0
rezonfn,32948,35
ZubatLEL,32923,47
Repullze,32907,42
Simply,32890,7
FvstFoodTV,32889,242
zrush,32844,19
Anna_Chess,32827,44
PokemonChallenges,32786,51
Sacriel,32743,3
Kandyland,32739,8
Testyment,32739,42
oTakuVision,32732,242
AriaSaki,32729,2
Daniels,32713,74
KayaYanar,32672,35
EnriqueRamosGamer,32650,12
Snifferish,32583,15
TrueGeordie,32548,34
fl0m,32517,58
JASONR,32434,18
TEBtvRU,32398,43
Momo,32395,3
Eret,32392,15
Sereda,32345,8
Cufffem,32343,13
Shisheyu_Mayamoto,32322,36
1DrakoNz,32322,74
Naru,32268,38
Day9tv,32226,3
iinwafqht,32195,236
sweetcampercs,32147,19
Chess,32143,44
RybsonLoL_,32099,44
GENSYXA,32080,43
paulanobre,32019,74
sashagrey,32008,8
Crocodyle_lol,31966,36
et_1231,31942,19
mang0,31906,51
LuckyChamu,31838,42
pimpimenta,31833,74
DashDucks,31691,51
Dyrus,31656,17
w0xic,31653,38
MathoX,31641,36
jovirone,31604,74
AvoidingThePuddle,31457,3
butterflyouo,31449,19
Metaphor,31448,42
Grossie_Gore,31445,10
Deadlyslob,31409,31
imorr,31358,38
Whaazz,31343,14
WeAreTheVR,31338,45
PimpCSGO,31311,58
cristianghost,31214,12
SoyFelipez360,31156,12
Wolfabelle,31072,2
Drjayfisto,30993,14
Weak3n,30967,41
yumyumyu77,30943,0
Steelmage,30846,14
Move_Mind,30828,58
s1032204,30812,0
TheLivia,30809,74
Grimmmz,30760,18
Aunkere,30749,43
muse_tw,30693,19
B0aty,30680,55
JeelTV,30624,36
sakuramiko_hololive,30559,19
DavyJones,30523,74
orangemorange,30482,35
G4G_REVENANT,30423,12
drb7h,30416,236
KarmikKoala,30380,43
RoyalPhunk,30337,35
nodolly,30298,0
maitoz,30289,14
T90Official,30279,58
Dilera,30261,74
Ashi,30179,57
CooLifeGame,30152,12
Caedrel,30036,10
OhTofu,30003,47
Surefour,29951,26
PECET0,29850,40
AlpTV,29837,38
BruceDropEmOff,29754,13
shuteye_orange,29733,19
JLBichouu,29725,36
ConnorEatsPants,29682,15
kyliebitkin,29624,57
RazaH,29591,62
aircool,29544,13
Annoying,29495,13
BaboAbe,29444,2
xCry,29396,12
Shlorox,29347,35
zorlaKOKA,29272,58
GloriaMatvien,29239,8
twlevewinsHS,29196,23
XBOCT,29169,43
keanelol,29146,10
Cerbero_Podcast,29123,32
FuuRy_Off,29107,36
HeyStan,29094,35
SopFix,29057,236
Nexe_,29035,44
biyin_,29009,12
Mylonzete,29004,74
MEKABEAR,28984,57
lilsimsie,28936,51
AyarBaffo,28921,32
Spraggy,28909,56
WillerZ,28896,31
johnny3047258,28838,0
Nokokopuffs,28792,17
TolunayOren,28773,38
littleragergirl,28749,12
QuickyBaby,28716,66
Swelyy,28660,236
marshallgreed,28656,242
Sabaku_no_Sutoriimaa,28618,32
dmf_kyochan,28527,17
DumbDog,28526,2
JLAmaru,28490,36
Spaceboy,28458,57
Mendo,28419,18
Hungrybox,28411,51
Overpow,28406,44
KriszhAdvice,28375,45
tiburciand0,28323,74
rhobalas_lol,28264,36
Smzinho,28232,74
sacy,28212,74
sasatikk,28202,17
HITBOXKING,28166,12
sutanmi,28122,17
lck_challengers,28115,0
ImSoFresh,28103,36
Daannyy,28101,35
Winghaven,28057,42
Saiiren,27955,57
TommyKayLIVE,27945,51
Yamikazexz,27927,10
CarritosKami,27888,12
Atrioc,27819,51
Limmy,27801,51
iaaraS2,27709,12
DrIgo,27698,40
Posty,27654,18
SnikWins,27628,56
Rainbow6DE,27626,62
Maghla,27618,36
westonkoury,27615,15
Yoshi93,27517,32
watchcartoonnetwork4free,27512,15
Caprimint,27507,12
Biotoxz_,27431,57
xoAeriel,27428,8
EnzoKnol,27405,246
Quantum,27404,10
IKeepItTaco,27387,10
BarbarousKing,27386,51
abu_abeer16,27362,34
nanayango3o,27335,0
archangel_hs,27292,43
MAAU,27238,12
JuliaBayonetta_,27175,36
Kephrii,27173,26
Natarsha,27167,42
Sintica,26992,35
Alinity,26972,8
DerKellerYT,26936,35
Rivenzi,26897,36
Wallibear,26851,15
IceManIsaac,26828,42
Baso,26826,35
aleks,26799,57
GunnarDotA2,26695,6
rudbeckia7,26682,0
skill4ltu,26650,66
SanderJoga,26626,74
FanumTV,26584,13
OkCode,26573,9
Calebhart42,26529,3
Targamas1,26506,36
boyMinORu,26493,24
itmeJP,26458,3
Snowmixy,26357,14
kutcherlol,26345,35
superjj102,26273,23
NickDaBooM,26263,12
boltz,26244,74
rkdwl12,26228,0
Mahluna,26223,35
qttsix,26219,19
guit88man,26216,43
DieHahn,26216,35
lovelyyeon,26181,0
PsheroTV,26176,14
CoconutB,26143,18
Linkus7,26076,51
stevewillsendit,26017,56
BlackUFA,25999,43
MsTeamKK,25963,57
ItsLeslie,25912,2
oniyadayo,25899,17
DanTDM,25898,15
SoloRenektonOnly,25890,10
QRUSHcsgo,25881,43
RiotGamesJP,25833,17
julien,25799,2
Genburten,25786,17
nahzinhaa,25783,74
Rakyz,25778,12
Ultia,25777,36
pikra10,25769,0
ElChurches,25729,12
BobbyPoffGaming,25702,42
pilavpowa,25698,14
Slick,25676,12
never_tryy,25675,242
BurkeBlack,25648,3
portialyn,25619,0
Lacari,25582,7
fasoollka,25535,43
MokrySuchar,25535,44
FeelFIFAandGamingTV,25455,35
beryl_lulu,25360,19
STYLERZ,25271,35
notmes,25259,14
Mynthos,25144,36
dinablin,25068,43
yointerneto,25014,12
Burn,24972,57
kragiee,24960,26
JERICHO,24953,58
JeanMassietAccropolis,24936,36
TenekeKafalar_TK,24874,38
H0llyLP,24851,35
BeyondTheSummit,24779,6
LLA,24755,12
Ziggy,24688,57
Chap,24577,13
MiltonTPike1,24464,57
TheRealzBlueWater,24420,57
EternaLEnVyy,24395,6
xkwhd,24381,0
Xnapycz,24378,61
JoshOG,24332,18
Kubon_,24306,44
snuffy,24299,3
oestagiario,24278,74
Enkk,24273,32
Sick_Nerd,24237,55
Zeling,24234,12
MarexLoL,24230,36
dasoku_aniki,24222,17
ESL_csgo_es,24215,12
Hayashii,24214,74
DrFeelgood,24195,36
GingiTV,24134,14
VALORANT_Esports_TR,24103,38
Kurumx,24091,10
naseongkim,24080,0
Xaryu,24019,14
grafo,24011,40
souless,24006,10
karchez,23934,12
snoodyboo,23929,12
hexy,23918,47
FK_ORCA,23889,49
Lasqa,23843,43
Nephtunie,23836,12
loud_voltan,23800,74
Sweatcicle,23762,31
Phyzikk,23760,36
ses836,23739,0
TEBtv3,23736,58
Shadoune666,23733,12
robcdee,23640,7
Nikof,23638,36
larsahan,23626,38
TaliaMar,23598,2
zwebackhd,23594,34
imjasmine,23555,8
Odablock,23551,7
GTimeTV,23486,35
PG_Esports,23453,32
sgares,23407,18
bebelolz,23355,19
TheKAIRI78,23340,36
Nissaxter,23288,12
NeverSayYesTwitch,23270,36
wtf_winds123,23175,19
109ace,23165,0
ovotz,23158,74
SofiKimmy,23019,12
FlexZ,23013,42
Criken,22964,3
riotgames,22934,10
ubeka_,22896,38
Gingerliness,22892,31
kengleevargas,22886,83
dangelno,22860,15
phoodu,22811,15
shibuyahal,22741,17
Minos,22708,36
JEFFAOCS,22681,74
mrBlaszka,22588,44
Tomato,22580,3
HAchubby,22575,7
TenhaTV,22545,9
kumikomii,22518,0
P4wnyhof,22461,42
ZEON,22450,38
MANvsGAME,22445,3
Surskity,22433,74
DaigoTheBeasTV,22420,17
IslandGrown,22418,15
esl_csgo_pl,22418,44
nanajam777,22358,0
DessT3,22350,12
LPGjustJohnny,22346,35
cherrypach,22341,0
bnans,22329,2
Esportmaniacos,22308,12
FenoHS,22290,23
patriziomorellato_,22256,32
Glorious_E,22253,31
10000DAYS,22156,38
SZ_Taisheen,22096,17
dogswellfish,22071,0
d_obby,22052,0
Lily_Off_Valley,22039,8
01bd02,22016,0
RiotGamesRU,21988,10
Cachorro1337c,21908,74
Plushys,21869,2
ShnaggyHose,21848,13
failverde,21847,19
TheViper,21841,58
Altair,21835,36
ErenAktan,21815,38
ArQuel,21808,44
PointCrow,21665,51
alelu,21664,17
tteuw,21649,74
projektmelody,21618,3
bbbb87,21614,19
ESL_CSGO_FR,21607,36
teknoyd,21596,32
valorant_kr,21581,0
Giantwaffle,21577,3
BULLSEYE,21554,43
COQTO,21515,36
FattyPillow,21489,61
silphtv,21481,0
Aurateur,21470,51
qSnake,21450,43
MiiKeLMsT,21395,12
Couriway,21342,51
yulla,21322,74
crokeyz,21319,23
NeutrooYT,21307,83
JSmoothHD,21251,42
QuattroAce,21207,31
Pelegrino1993,21171,74
LeBouseuh,21168,36
mlchoins,21159,0
SamSaberi,21149,49
PLKDAMIAN,21135,44
R6EsportsBR2,21135,62
sixwong,21119,19
ZED99_lol,21110,10
iskall85,21092,15
Zemie,21011,13
Putupau,20996,12
Recuerd0p,20987,12
Raeyei,20970,6
Creed,20932,38
lol_cuvee,20914,0
DizzyKitten,20865,8
GeT_RiGhT,20865,58
Andilextv,20829,36
Carlitus,20819,12
Heelmike,20803,13
mortenroyale,20796,35
makataO,20752,43
MoMaN,20719,36
Sydeon,20716,2
flurry1989,20702,0
batora324,20698,17
TANZVERBOT,20673,35
Tylerootd,20673,23
Pun1shers_TV,20632,56
qq7925168,20626,19
Berlinotv,20611,32
takesipon,20594,19
TheExaL04,20587,12
ChutyVks,20531,12
FarhadXRay,20503,49
JOliveira10,20503,58
PlayHearthstone,20425,23
xPandorya,20332,35
PatoPapao,20329,74
iGeStarK,20308,12
TheRunningManZ,20285,18
sunbaking,20266,0
Adekvat,20213,43
dakchyo,20205,0
nayte,20192,36
Ivan_Grieco,20129,32
LightFuryLF,20122,24
GarridoFN,20084,12
Bawkbasoup,20064,3
LakshartNia,20010,12
Ayrun,19973,47
SirhcEz,19953,10
kanetv8,19936,0
VeRsuta,19908,43
Agustabell212,19812,12
Moondye7,19807,35
Kruzadar,19790,51
faxuty,19767,13
Colas_Bim,19706,36
Baptistao,19661,12
9impulse,19630,17
qcnb123,19629,0
gaulestv,19607,74
Nateos,19568,36
iNoiizY,19558,35
AnneMunition,19542,31
HyperRatTV,19507,31
ATT_OficiaL,19505,74
KoalaCrockie,19492,62
D3stri,19489,12
Crayator,19484,13
MANTARRAYA,19440,12
bebe872,19428,10
sn400ja,19390,0
RaizQT,19368,14
Nervarien,19367,44
jcorko_,19349,12
dereknlmb,19339,13
blake,19283,13
Yogscast,19279,3
L4HMADJU,19278,242
AGBIN3R,19228,12
sooflower,19186,0
guanweiboy,19091,19
bobqinxd,19090,10
Euriece,19062,17
Fenya,19053,43
SuperEvan,19040,42
momo_sports,19033,19
NimbleNeuron,18965,0
keznit1,18937,12
KennyStream,18923,36
Artosis,18897,3
steel_tv,18889,18
StreamerHouse,18873,3
Halien,18833,61
LVPes2,18816,12
DougisRaw,18799,42
Pace22,18792,57
Xhiet0,18786,42
bbonge_,18766,0
Morryeej,18732,61
RebirthzTV,18731,24
awesamdude,18731,15
Olsior,18710,43
Patriota,18671,74
crazzyccat,18666,0
zironicdk,18631,62
Incon,18596,41
Drainys,18575,43
JamieDrakeHD,18568,58
ut7_danipitbull98,18550,32
Bronx,18523,47
restya_tw,18500,19
peVoR13,18500,44
Mews,18491,13
Corobizar,18490,36
ZakvielChannel,18472,43
om0322,18459,0
Crowder,18439,42
venruki,18417,14
Walid,18412,36
Zwave69,18407,36
SmittyW,18401,12
oKINGBR,18339,74
Mourtha,18339,40
Slysssa,18311,23
valorant_la,18282,12
Xlice,18278,9
YourPelagea,18278,8
abokyan,18276,236
Aiekillu,18273,36
kyo1984123,18253,19
mistafaker,18252,43
KC_Double61,18202,36
WagamamaTV,18188,6
Amaz,18142,23
Tourva,18123,42
dojacattington,18118,15
csgomc_ru2,18095,43
Mande,18070,17
KC_Adam,18066,36
Kiva,18064,57
tioorochitwitch,17916,74
erobb221,17899,7
Fitzyhere,17888,26
Raptor,17879,35
mailand,17840,66
duckmanzch,17808,24
ookina,17781,74
Zapman,17758,41
zoodasa,17711,0
Lagonis,17707,62
kennybeats,17696,51
2SekundovyMato,17683,61
jungtaejune,17644,0
shadder2k,17640,26
BikeMan,17629,3
GoBGG,17613,36
Vargskelethor,17584,3
TSM_Reps,17533,17
Lethalfrag,17506,3
TeosGame,17489,51
PotasticP,17468,3
HITPOINTCZ,17455,61
leechunhyang,17450,0
Buozzi,17403,74
nanfps1,17377,74
collet11,17347,0
follentass,17309,43
Keeoh,17277,18
JonBams,17215,51
DoktorFroid,17170,35
ONSCREEN,17155,18
Hydramist,17154,14
zzamtiger0310,17149,0
Apryze,17145,17
MasterSnakou,17134,36
AdcShiiro,17121,12
CasinoDaddy,17116,56
MywTheKing,17091,36
Twaryna,17069,43
DeeThane,17055,61
t1_keria,17045,0
IzunaTOP,17021,32
elevensportstw,17020,19
ipav999,17010,10
elwycco,16963,162
dangerlyoha,16962,43
Sologesang,16958,35
hejin0_0,16958,0
DrekzeNN,16923,35
Dragneel_FH,16916,43
VivaLaFazza,16908,32
Ezektoor,16878,32
saintvicious,16851,2
Jaydvn,16848,13
GabSmolders,16833,2
ESAMarathon,16828,3
MSStudio,16824,43
Xixo,16759,23
GMKrikor,16708,74
Mabzouel,16698,36
BTSBrasilTV,16676,74
akaStinger,16669,43
Goes_x,16663,12
Spt083,16624,43
PUVLOO,16604,12
OgamingLoL,16558,36
LobosJr,16536,3
facudiazt,16507,12
chess24,16505,44
IsVolcano,16500,12
loopooyt,16496,36
JohnPitterTV,16486,74
iddqd,16481,26
SixenTv,16408,36
robert87000,16404,36
BoxyFresh,16383,57
JenNyan,16349,35
MrSavage,16303,13
magenta62,16300,0
HealthyGamer_GG,16279,7
HellYeahPlay,16244,43
Cydonia_Chiara,16210,32
q158688920,16209,19
Proze,16200,36
ChaseShaco,16162,10
Mmorpg,16157,55
xXxTheFocuSxXx,16137,12
CSRfps,16130,74
jenntacles,16126,31
saken_lol,16107,36
cNed,16094,38
so_urf,16034,0
BorasLegend,16024,34
Dexbonus,16012,3
olyashaa,15974,43
LuisOrmenoa27,15968,83
douglas_tv,15956,32
Fortnite,15896,13
Back2Warcraft,15855,14
GrandPOObear,15837,51
NebelNiek,15806,35
Zmok,15798,14
runitup247,15775,56
wagnificent,15775,42
iamSometimes,15700,24
Acie,15689,17
santidead,15681,12
TheAlvaro845,15679,12
a541021,15667,19
WolfeyVGC,15666,51
UncleBjorn,15642,43
KRL_STREAM,15641,36
SilentSentry,15622,57
Pato,15506,40
72hrs,15496,42
kangqui,15481,0
NerfTankTV,15467,14
kimdduddi,15466,0
RandomBruceTV,15439,44
kitohhhh,15434,12
AdamKissAK,15432,45
Faux,15410,55
SparkofPhoenixTV,15397,35
jorbs,15350,3
MiaPlaysss,15305,49
Wackyjacky101,15279,18
Welyn,15276,18
Akytio,15275,36
23x59,15188,43
POKAMOLODOY,15163,43
SaltyBet,15145,51
OfficialTaco,15139,57
Preachlfw,15129,14
Rainbow6FR,15125,62
s1rpent,15102,58
NeneCreative,15041,12
XEWER,15034,36
Merk,14991,42
jimmytulip,14974,57
mertabimula,14874,35
datboicellii,14868,57
LadyAhriadna,14847,12
gearbaby1010,14795,19
TwoSync,14788,34
Leopard,14777,31
wltn4765,14777,0
SoyPan,14773,12
swimstrim,14759,101
Tuli_acosta,14753,40
SheriffEli,14694,18
hatsalsal,14691,0
PiazzTwitch,14613,32
GMBenjaminFinegold,14597,44
Rapturrs,14589,12
segall,14587,43
frttt,14562,74
rkdthdus930,14554,0
Sarinha_3,14496,12
Halifax,14481,18
Brizz94,14466,32
BrowJey,14461,43
Hotted89,14435,57
AsianGuyStream,14403,9
NiteNightKid,14401,57
Taourrr1030,14356,36
GustafGabel,14350,35
AzunyanOzge,14339,38
CPentagon,14337,35
WorldofWarships,14337,50
Ezekiel_III,14275,3
fifakillvizualz,14268,42
TEBtvRU2,14260,43
rdo1337,14256,61
Lightee7,14246,14
iltw1,14202,43
GoldGlove,14150,42
HarukaKaribu,14145,3
Tanxlive,14117,24
Flanalistaa,14115,74
dua3362,14072,0
JOEYKAOTYK,14070,7
rootthegamer,14063,38
flamuu,14033,50
klauslol1,13990,74
SirMaza,13988,12
F1ashko,13979,43
AyeZee,13972,56
MarweX,13960,61
BigSpinCR,13946,35
sah_yang,13944,0
ItsSlikeR,13927,7
inet_saju,13917,44
TRILLEBARTOM,13905,14
BruisedByGod,13887,101
delaruetv,13857,35
freyzplayz,13850,2
JustJamie,13850,57
Stratus,13849,12
Rated,13807,42
easywithaces,13797,56
Robbaz,13792,3
syndereN,13790,6
THINND,13783,42
JLFakemonster,13718,36
iziprime,13660,13
9ambler,13590,0
ESKc,13529,36
fragolaqt,13525,32
dragon3652,13517,0
Jaidefinichon,13494,12
Dekarldent,13482,35
Ekuegan,13423,31
RetroGaijin,13346,3
watchmeblink,13333,7
Redshell,13317,26
rAx1337,13317,35
FifaTargrean,13311,24
lalem,13289,13
afriendRS,13287,55
Stewie2K,13282,58
DQA_TFT,13269,10
AbuSwe7l,13236,236
zunksoyyo,13227,12
kianlawley,13223,51
ROBN,13221,31
realMoji,13179,35
YasserM55,13155,236
fobm4ster,13140,9
DMGPOLAND,13097,44
MasterTay,13094,35
paracetamor,13090,12
HALtv,13074,32
Mouzakrobat,13073,66
FORMAL,13048,42
nicklink,13046,74
kuiki771,13011,0
JojoHF,12973,43
orkpod,12971,43
GrappLr,12914,101
oraxe,12907,36
PUBG_Taiwan,12898,19
yosoyricklive,12881,35
yumytv,12860,14
saleenerz,12789,13
Punisher,12788,13
Timit,12783,35
DisbeArex,12763,57
Alex_Zedra,12749,42
Reverse2k,12737,13
wuskindash,12736,42
BreaK,12699,18
ElLeon,12678,41
itsRaikz,12651,12
Akademiks,12648,13
Jaxstyle,12615,58
Attrix,12575,32
RuDex,12571,236
Dunduk,12563,43
Send0o,12562,12
TROPS4,12561,35
tutopolistv,12508,35
PUBGTVTurkiye,12472,38
cuky222,12439,61
CalebDMTG,12434,23
viperdemon,12425,24
MrBboy45,12411,36
GrandVice8,12411,10
TORRO,12403,35
CeMka,12394,162
febbydoto,12388,6
RealKraftyy,12375,17
EgeArseven,12355,38
skswhdkgo1,12351,0
9QOQ,12329,19
c9judite,12323,74
TES_csgo,12284,58
SpiukBS,12274,12
fritterus,12272,43
Cr1tdota,12214,6
Rainbow6KR,12212,62
Deansocool,12208,13
Dakillzor,12199,66
Sloot,12181,14
Cesarvsc,12179,58
Doigby,12176,36
AnnieFuchsia,12166,14
m989876525,12142,19
wzuia,12084,74
ds_lily,12082,14
Danteh,12073,26
dazrbn,12057,12
vsmzin,12010,74
bighead033,11969,0
sukiyuki3,11954,8
FanHOTS,11954,14
AlperBicen,11945,38
Pauleta_Youtubeur,11936,36
THump,11905,18
EXBC,11886,7
GeneraL_HS_,11881,10
marty_vole,11816,61
Afro,11777,57
beznickos,11773,44
HoneyMad,11718,43
MembTV,11710,58
CrReaM,11702,3
99Damage,11680,35
Cedduzzo,11651,57
HashtagTom_,11588,34
Fairlight_Excalibur,11555,3
SalvDali,11542,14
MurderCrumpet,11522,14
LoganZz,11508,12
Flambass,11505,50
iateyourpie,11494,3
LucyYT10,11457,83
qlnek,11414,44
BlackFIreIce,11392,44
korpick2,11352,0
DolphinChemist,11343,3
Zombie_Barricades,11327,57
GN_GG,11316,43
veibae,11295,3
RenanSouzones,11293,74
Valorant_Esports_NA,11225,18
armateam,11156,36
sorimcaster,11146,0
Zrool,11142,58
Dada,11132,32
Spikevegeta,11092,3
asuna_qt,11067,14
alfrea,11064,17
Smurf_tv,11034,10
AlanzqTFT,11025,101
puncayshun,10999,7
Bonkol,10996,44
purple_hs,10954,23
seucreysonreborn,10899,74
NoHandGamingYT,10885,35
loud_bradoock,10883,74
tranth,10874,0
Kamikatze,10871,35
kekkobomba,10863,32
MYMTUMTUM69,10827,12
DSKoopa,10825,7
syaruru3,10813,17
OSAMAH,10749,236
Serpentgameplay,10734,51
HellLighT111,10728,43
Mirza_Jahic,10709,35
loud_lasers,10703,74
Kroatomist,10674,32
Alfie,10662,55
SparcMac,10661,55
ArcadeBulls,10641,61
Gluhammer,10607,43
Blazt,10605,42
linfufu,10575,19
Ko0416,10568,19
UnRationaL,10560,42
KING_spb,10533,43
Everyeyeit,10532,32
he0901,10526,0
imDBRAZ,10507,74
Delt4Forc3,10451,12
Ness,10423,74
yellowhat,10391,23
ogmeik,10363,12
Wingsofdeath,10359,10
yamatonjp,10351,17
Elesky25,10345,12
RokKeks,10284,36
z60411,10275,19
VALORANT_Esports_EU,10230,38
Kotton,10219,18
SkyshockTV,10195,12
TrymacsKaktusKoenig,10192,35
CaMaK,10187,36
WeThePeople1,10184,17
bommi__,10175,0
TinaDames,10169,13
KSWINNIIE,10165,36
milanknol,10093,246
TaeRss,10074,162
Juice,10073,43
nugiyen,10043,14
jpctheman_,10029,14
tcleantv,9952,42
Oonolive,9940,36
LSV,9859,23
XaKoH,9839,43
vela,9804,12
LaeppaStream,9796,58
KalathrasLolweapon,9771,12
selfish77,9749,19
95pingman,9745,0
Saullo,9720,74
FantaBobShow,9628,36
DTN_KH,9548,17
game2eye,9527,0
mr_wuco,9519,19
fuji720x,9516,34
canceldota,9512,6
Murda,9497,57
MyLandThailand,9493,35
gsmVoiD,9482,51
kr1stw,9475,19
NumotTheNummy,9475,23
luckraok,9455,40
xixauxas,9452,12
slwalekoP,9447,7
franchiseglobalart,9435,19
Sr_ThuliuM,9426,74
Granny,9367,2
TheAdapting,9360,41
LAGTVMaximusBlack,9357,57
Central_Committee,9307,57
Fallaron,9271,15
LynxCerezLoL,9266,38
yoowooyang,9254,0
wayne75525,9209,19
Jackeyy,9180,24
SmittyStone,9178,31
DeqiuV,9161,12
PUBGJAPAN,9136,17
demonzz1,9117,44
Slayproxx,9107,44
trausi,9080,18
Zblito,9079,32
momochoco,9043,17
harbleu,9025,26
GassyMexican,9023,3
itswill,9018,55
PUBGEsportsMap,9011,18
SodaKite,8999,57
t1esports,8990,0
Nuke73,8977,43
SnaggyMo,8957,13
markoLASSO,8903,56
Carmen,8880,7
sees360,8833,0
Lapi,8827,36
PUBG_BR,8793,74
Adapt,8791,13
nukkye,8780,18
stanyyy_,8739,17
KSPKSP,8706,19
BigEx,8656,13
dtn_mukai,8612,17
snow_hite,8596,0
Alliance_Hakis,8555,17
jmjdoc,8552,0
Smokaloke,8548,51
Maty,8496,35
LAXHAWTHORN007,8473,18
tanukininja,8459,17
ekatze007,8413,43
vivi0z1,8374,19
lovelymomo,8326,3
albislol,8317,19
SgtGrafoyni,8306,162
HontasG,8296,32
Leyla,8252,56
Mr__Gibbins,8239,50
TorwaK,8209,38
iProMx,8196,36
thejocraft_live,8190,35
BeBePtv,8185,43
rtparenacsgo,8184,58
tarik,8163,58
Daskelelele,8162,56
Valle,8024,35
edizderbreite,8024,35
innocents,7952,13
PUBG_CIS,7902,43
Rainbow6IT,7840,62
Umplify,7816,13
slrabbit99,7808,19
Mowkyfox,7808,35
MOTOR,7807,13
jorgegoorgo,7770,12
crackbabe,7706,0
Harryo,7684,57
Meteos,7676,10
SaltyTeemo,7663,10
CastCrafter,7661,35
Yotobi,7636,32
Zhmil,7627,43
Yan1,7598,74
Cringer,7594,3
AdamBomb,7486,13
Fanta,7391,13
SULAIMAN_iAi,7365,236
insano_rj,7332,74
t1_teddy,7268,0
FrostyJayy,7209,13
KiiNGS,7194,31
iceiceice,7167,6
loud_caiox,7163,74
ElShiringuitoDeJugones,7149,12
sukidingels,7114,35
giganterichard,7068,74
shiguangji_wvhpwdpb,7012,19
Kertus,6996,32
MuMiNo,6953,43
cented,6952,13
LhCloudy27,6933,26
zaayonyt,6886,13
yassuo,6846,10
laribasgal,6814,74
rhffkddl96,6803,0
HappyThoughts,6741,14
rangerlol1,6741,74
Babynikki,6726,17
Carreraaa,6720,40
theLGX,6691,57
SocialBoomTV,6670,32
Guaxinim,6516,74
Seals311,6432,58
Bieldomaul,6430,74
Relyks,6406,18
hekokitaiworld,6354,17
derShakes,6352,35
My_Zone_,6309,202
pathofexilebota,6251,43
ANTILIPSI,6212,56
NeveRossa,6159,51
sparkey1226,6137,0
KrzychuBaza,6128,202
zackey,6118,45
FittipaldiBrothers,6111,74
kingseola,6084,0
acro_land,6072,0
airshowerse,6012,0
SicK_cs,5973,18
Fyzicul,5953,2
Wrugb,5850,17
Chappie,5760,17
E5esw,5693,17
foodVW,5650,18
richwcampbell,5637,9
JTeam,5608,19
ToneEUW,5430,36
Satoru_GP,5396,74
genzin,5393,17
TNTSportsBr,5317,74
RebeuDeter,5290,36
taxi2g,5251,17
Silvervale,5201,3
AlessiaSanteramo,5190,44
robergalati,5142,40
dizzy,5112,18
itskaysan,5063,13
GunsWorld,4969,13
Vovo,4931,74
mamabenjyfishy1,4874,13
UnRooolie,4868,3
DRAK0OLA,4833,236
alixmert,4643,38
tonkaaaaP,4611,56
InygonTV1,4599,10
FabulousN,4598,38
iWe11y,4519,34
islatentaciones,4518,12
HGmony,4433,43
uccleague4,4394,43
Rillo,4392,42
Badlinu,4372,15
TurunPug,4298,58
emilyywang,4296,10
Virtyyyy,4141,18
claraatwork,4115,17
chortys,4107,15
NanniTwitch,4055,32
STANISLAW9,4000,43
maioneseeff,3939,74
lolfazesway,3895,13
Esportal,3746,58
Juanjogameplay,3617,12
Dankin,3574,7
ernesBarbeQ,3397,12
Dashy,3391,42
armutlol,3354,38
gutitubo,3325,17
dandogg9,3318,13
loud_thaiga,3080,74
its_WiKeD,3025,18
fps_leia,2886,17
seeyunxd,2852,12
Garek,2841,57
DRLLAA,2758,13
QUICKHUNTIK,2740,43
LovinRz,2650,74
FTREFORMED,2524,12
Flavorr,2392,38
TannerSlays,2354,31
Juniorr,2306,13
