Streamer,Unique Viewers,Community ID
xQcOW,932473,11
ibai,882296,32
Rubius,787632,32
shroud,733810,9
auronplay,727219,32
ESL_CSGO,687353,13
Trymacs,678572,169
tommyinnit,660344,4
NICKMERCS,644974,0
RanbooLive,605500,4
Tubbo,589066,4
MontanaBlack88,573836,169
TheGrefg,531197,32
LEC,511240,10
loltyler1,504751,10
TimTheTatman,483421,0
Gaules,475894,1
karljacobs,473201,4
Clix,458863,0
loud_bak,448028,1
summit1g,446566,11
Philza,443507,4
LCS,435722,10
QuackityHQ,430187,4
GeorgeNotFound,428156,4
pokimane,417247,29
dreamwastaken,403251,4
Sykkuno,399012,29
Chess,395935,107
RocketLeague,389701,53
juansguarnizo,384911,32
csgomc_ru,377967,13
Ninja,374235,9
sodapoppin,366658,11
ludwig,364035,107
GMHikaru,359460,107
loud_coringa,348181,1
BLASTPremier,346349,13
Symfuhny,337643,0
Tfue,330352,0
WilburSoot,315792,4
LCK_Korea,307701,15
Jelty,306581,32
LCK,306140,10
boxbox,301837,8
alanzoka,294736,1
Swagg,292831,0
Ray__C,292012,8
dota2mc_ru,285531,13
YoDa,282899,1
buddha,282287,8
HasanAbi,280709,11
Sapnap,278012,4
buster,274157,13
Ash_on_LoL,273641,8
StableRonaldo_,270627,0
Dyannatv,270085,8
Bugha,261275,0
Gotaga,261029,53
Papaplatte,260643,169
SerWinterOfficial,258583,8
moistcr1tikal,253011,107
AdinRoss,249177,0
TSM_ImperialHal,247477,9
hJune,247220,8
bchillz,247108,8
Hutnik,244081,8
Hiko,243613,9
Mizkif,238111,11
Aydan,234995,0
Elraenn,233522,143
CohhCarnage,231885,11
EmadGG,231076,0
Castro_1021,230590,138
LIRIK,229916,11
ZanoXVII,223948,155
HusKerrs,222794,0
ShivFPS,219911,9
Mongraal,212212,0
NickEh30,209994,0
forsen,205936,11
Posty,205736,8
Rekkles,204711,10
aceu,201767,9
trausi,201468,8
Mammoth,201324,8
k1ng,200135,32
pokelawls,199469,11
BadBoyHalo,199119,4
Domingo,197673,53
UNLOSTV,197667,143
JackManifoldTV,197501,4
DreamLeague,195785,13
CoconutB,193053,8
LVNDMARK,192738,11
Rogue,188224,9
KendineMuzisyen,188055,143
Maya,187721,11
benjyfishy,187617,0
TenZ,185444,9
Doublelift,184117,10
Fortnite,183897,0
EsfandTV,183577,11
wtcN,180807,143
Yassuo,178318,10
Nihachu,178227,4
Kamet0,174703,53
otplol_,173359,53
Blizzard,172902,11
winstrike_tv,172438,13
Greekgodx,171390,11
NOBRU,170982,1
elded,170150,32
RiotGamesBrazil,164189,1
Amar,162960,169
Sequisha,162632,8
SypherPK,162618,0
fps_shaka,162180,156
Lifestomper,161312,8
DrLupo,158127,11
ROSHTEIN,157593,169
Mayichi,157033,32
Fresh,156089,0
MOONMOON,155620,11
codemiko,154667,11
eliasn97,154235,169
ops1x,154180,0
Myth,154162,9
BotezLive,153559,107
CaptainPuffy,153475,4
itsHafu,152377,29
kato_junichi0817,151936,156
lilypichu,149317,29
MckyTV,149306,169
Welyn,148808,8
Fextralife,148614,11
cloakzy,148324,0
AustinShow,148231,4
Jahrein,147785,143
Squeezie,147472,53
Beaulo,147377,27
GRONKH,145144,169
Faker,144691,10
Quin69,144403,11
IlloJuan,143470,32
Ponce,141350,53
stylishnoob4,141085,156
TFBlade,140972,10
Jankos,139890,10
ELoTRiX,139031,169
Stray228,139004,13
Foolish__Gamers,138989,4
elxokas,137577,32
Trainwreckstv,136965,11
LyonWGFLive,136351,155
Alexby11,136013,32
mrstiventc,135721,32
PapoMC,134959,32
ESL_CSGOb,133694,13
MuTeX,133636,0
x2Twins,133267,0
Nmplol,133142,11
FlowPodcast,132724,1
DanTDM,132693,4
Maximilian_DOOD,131887,11
s1mple,131501,13
RiceGum,130678,0
Scarra,129316,29
lestream,128611,53
knekro,128370,32
5uppp,127697,29
LuluLuvely,127512,9
KingGeorge,127466,27
jean_mago,125850,1
Pestily,125820,11
nerdstgamers,125777,9
Llobeti4,123002,32
deercheerup,122887,1
Punz,122396,4
WARDELL,122024,9
fuslie,121305,29
TheStockGuy,120831,11
its_iron,120703,0
Sardoche,119911,53
sinatraa,118934,9
Kaydop,118037,53
Peereira7,117658,32
Locklear,117446,53
LEGOO,117168,143
coscu,116693,32
Flight23white,116320,0
IamCristinini,115683,32
tmxk319,115613,15
loud_thurzin,115288,1
FolagorLives,115117,32
imls,115014,10
Tumblurr,114783,155
Rainbow6,114073,27
EASPORTSFIFA,114046,138
RATIRL,113684,10
hanryang1125,112893,15
NoWay4u_Sir,112477,169
SilverName,111550,13
jukes,111417,1
Letshe,110633,0
awesamdude,109517,4
pqueen,108628,143
39daph,108625,29
TeeGrizzley,108482,0
csgomc_ru2,108178,13
Fundy,107572,4
sujagg,107215,32
handongsuk,106766,15
GothamChess,106398,107
LeBouseuh,106371,53
Gorgc,106136,13
Vicens,105996,32
Warframe,105169,11
NiKo,104934,13
unsympathisch_tv,104235,169
PUBG,103758,13
nl_Kripp,103374,10
SHADOWFRAX,102951,8
Dhalucard,102918,169
Cellbit,102448,1
Brawlhalla,101338,53
MissaSinfonia,100903,32
Natsumiii,99504,29
sneakylol,99487,10
LVPes,99392,32
Baiano,98685,1
dafran,98199,9
blanchitooo,98017,32
Recrent,97951,13
NASA,96680,11
Mandzio,96570,13
ZeratoR,94699,53
JaggerPrincesa,93370,32
saddummy,92320,15
peterparkTV,91762,29
mistermv,90709,53
DropsByPonk,90688,4
MarkiLokurasY,90383,32
Werlyb,89945,32
AntoineDanielLive,89614,53
ESL_DOTA2,89584,13
blxckoutz,89331,1
LPL,89253,10
dopa24,89008,15
scump,88973,0
Perxitaa,88798,32
dasMEHDI,88661,11
pgod,87900,32
roflgator,87855,11
Pimpeano,87844,32
Kitboga,87565,11
CriticalRole,86739,11
alexelcapo,86653,32
casimito,86203,1
TinaKitten,86039,29
Mois_Kid,85617,169
Hype,85211,143
loud_babi,85106,1
QuarterJade,84505,29
FaZeBlaze,84470,0
POW3Rtv,84457,155
TheRealKnossi,84334,169
Homyatol,83668,155
sapnapalt,83664,4
JLTomy,83421,53
chowh1,83131,53
JustaMinx,82697,4
Pieface23,82645,138
ElmiilloR,82093,32
xChocoBars,82023,29
AdmiralBahroo,81710,11
aircool,81656,0
scoped,81154,0
WankilStudio,80923,53
lol_woolf,80848,15
aroyitt,80724,32
XANTAREScN,80245,143
Etoiles,80203,53
EWROON,80197,13
aba4647,77885,15
gllobet25,77284,32
MarkitoNavaja,76990,32
ElcanaldeJoaco,76853,32
kkatamina,76691,29
biyin_,76679,32
fer,76659,1
k3soju,75917,10
FPSThailand,75769,235
miniminter,75608,138
Pengu,75567,27
W2S,75350,138
RevedTV,75132,169
CBLOL,75103,1
Moonryde,74359,155
Indiefoxx,74058,11
MacieJay,73975,27
yourragegaming,73168,0
paka9999,72665,15
BeyondTheSummit,72612,13
ReventXz,72574,32
SkyrrozTV,72205,53
Enviosity,72192,29
samueletienne,71988,53
PietSmiet,71892,169
goncho,71731,32
SPYGEA,71658,156
VALORANT,71544,9
Amouranth,71461,11
Mithrain,71367,143
Renata_Giovanna,71049,1
ESL_SC2,70818,10
Thijs,70685,10
dogdog,70683,10
orslok,70460,32
mcflyetcarlito,70242,53
SmallAnt,69382,107
caps,68559,10
Otzdarva,68433,31
HealthyGamer_GG,68420,11
Elwind,68108,143
hannahxxrose,67996,4
zilioner,67919,15
Staryuuki,67778,32
midbeast,67590,10
Jerma985,67010,11
Subroza,66047,9
westonkoury,65997,4
INSCOPE21TV,65806,169
SteveSuptic,65746,29
MYM_ALKAPONE,65360,32
ScreaM,65302,9
TeePee,65146,0
bateson87,65114,138
VALORANT_Esports_TR,65094,143
relaxing234,64550,132
Brunenger,64468,32
gafallen,64377,1
Freneh,64153,155
bRaTiShKiNoFf,64050,13
ElSpreen,63610,32
AdmiralBulldog,63319,13
Nightblue3,63044,10
repazmois,63016,169
Markiplier,62954,4
anders_vejrgang,62867,138
SolaryFortnite,62853,53
Syndicate,62681,0
PAGO3,62434,13
Anna_Chess,62345,107
AnthonyZ,62305,11
Xari,62199,53
koil,61829,11
PaymoneyWubby,61288,11
rewinside,61243,169
ybicanoooobov,61210,13
PGL_Dota2,60303,13
JoeWo,60302,0
Im_Dontai,60120,0
MenosTrece,59969,32
dinablin,59514,13
xTheSolutionTV,59430,169
Dmitry_Lixxx,59389,13
ChristianVieriOfficial,59047,155
quackitytoo,58961,4
Shaunz,58636,53
Joueur_du_Grenier,58555,53
AussieAntics,58550,0
Tectone,57947,29
DeuceAce,57874,169
jdm2088,57424,15
noahreyli,57141,0
ricoy23,57131,32
Grossie_Gore,57091,10
Loeya,57060,0
2chamcham2,56926,15
Daxak,56703,13
JrokezFTW,56630,143
Ramee,56462,11
SummonersInnLive,56173,169
AriaSaki,55924,29
Co1azo,55546,0
sleepy,55385,9
MrSavage,54849,0
liminhag0d,54791,1
sips_,54635,11
melharucos,54633,13
Loserfruit,54532,0
cyr,54291,11
DuendePablo,54198,32
MiltonTPike1,54142,11
NiceWigg,53932,9
Eret,53793,4
Solary,53639,53
karavay46,53360,13
masondota2,53191,13
esl_csgo_pl,53184,13
SmiteGame,53177,11
woowakgood,53153,15
NymN,53050,11
okyyy,53032,32
RatedEpicz,53025,11
limit_maximum,52992,11
bt0tv,52985,1
RduLIVE,52796,10
Masayoshi,52747,29
nokduro,52406,15
Unboxholics,52144,169
jacksepticeye,52014,29
supertf,51880,9
tarzaned,51712,10
boltz,51629,1
maiconkusterkay,51565,1
modestal,51391,13
Mixwell,51202,9
yd0821,51152,15
Kyle,51053,11
hoshizora7,51053,8
Alderiate,51012,53
watchcartoonnetwork4free,50905,4
Japczan,50834,10
VALORANT_BR,50833,1
JohnnyBoi_i,50692,53
Vinesauce,50687,11
TEBtv,50605,13
daltoosh,50587,9
Vlesk,50432,169
Elajjaz,50250,11
C_a_k_e,50235,13
Reborn_Live,50235,32
DarioMocciaTwitch,50199,155
Jacob4TV,50027,13
dunkstream,49907,11
SidneyEweka,49735,169
kinstaar,49544,53
TheLivia,49444,1
just_ns,49428,13
pacific8815,49351,15
PCH3LK1N,49343,13
Toqtir,49324,143
JesusAVGN,48983,13
XBOCT,48953,13
xth0rek,48631,13
aimdll__,48492,143
lol_ambition,48329,15
Mathil1,48076,11
lolpacifictw,48050,132
PUBGKorea,47709,15
NeVeR_LosEs,47706,132
singsing,47604,13
CDNThe3rd,47503,11
x6FlipiN,47351,32
SwaggerSouls,47333,4
Doigby,47163,53
PurpleBixi,47068,143
Aa9skillz,46954,138
UberHaxorNova,46933,11
maxim,46867,169
berkriptepe,46733,143
Nintendo,46651,11
jovirone,46547,1
BaboAbe,46547,29
mokouliszt1,46440,156
Jinnytty,46296,11
yapyap30,46072,15
NAKOO_Fn,45864,32
pijack11,45817,1
Xposed,45732,169
kimdoe,45576,15
sal_gu,45480,15
Pikabooirl,45369,11
PUVLOO,45179,32
dizzy,44906,9
PENTA,44797,11
Northernlion,44591,107
VooDooSh,44412,13
RiotGamesTurkish,44371,143
BarcaGamer,44284,32
Rakin,44135,1
iiTzTimmy,43934,9
ESAMarathon,43758,11
SovietWomble,43746,11
adolfz,43450,1
Agraelus,43131,105
sam1268,43078,132
AlphaCast,43015,53
ESL_CSGOc,42902,13
sweetdreams,42766,9
IWillDominate,42751,10
ilMasseo,42546,155
rooftopcat99,42390,15
Bidule,42384,53
tvandeR,42351,32
Tonton,42054,53
LosPollosTV,41924,0
RobertoCein,41872,32
pjs9073,41863,15
starsmitten,41715,29
Xiuder_,41688,155
polsatgames,41671,10
RebeuDeter,41521,53
TwitchRivals,41474,10
russfpsz,41001,143
tuanzy,40983,29
dakotaz,40941,29
Alliege,40836,32
NateHill,40821,0
Chica,40762,0
Thebausffs,40438,10
melina,40291,11
SackziTV,40289,53
Diables,40248,13
zironicdk,40240,27
KristoferYee,40237,29
GMNaroditsky,40236,107
Sanchovies,40035,10
bysTaXx,39817,32
cdewx,39623,11
StRoGo,39492,13
lol_nemesis,39491,10
yvonnie,39480,29
BobRoss,39467,4
RocketBaguette,39396,53
Warcraft,39210,11
GD_booya,39133,0
Purpled,38847,4
gaulestv,38797,1
godjj,38719,132
thedanirep,38635,32
mobilmobil,38610,132
Forky,38402,53
landonorris,38263,13
Saiiren,38158,11
Albralelie,37986,9
willneff,37966,11
momoladinastia,37754,32
blusewilly_retry,37695,132
Shotz,37501,11
uhSnow,37498,11
FCF,37456,0
pizfn,37409,155
Arcadum,37247,11
agurin,37229,169
DaigoTheBeasTV,37109,156
butterflyouo,37002,132
Silky,36982,0
KYR_SP33DY,36975,0
zEkO,36895,32
AgenteMaxo,36801,32
ironmouse,36622,30
flurry1989,36604,15
yumyumyu77,36475,15
ddahyoni,36399,15
runthefutmarket,36349,138
ShubbleYT,36347,4
Gladd,36294,9
Nadeshot,36103,9
zrush,35962,132
Bwipolol,35919,10
CapcomFighters,35725,11
VERNI_SHAVERMY,35671,13
01bd02,35657,15
Marzz_Ow,35634,0
Milan926_,35443,32
velox,35353,155
RRaenee,35233,143
Vadeal,35126,0
pokanoname,35101,13
esAcarry,35018,1
DiazBiffle,34950,0
raderaderader,34768,156
uzra,34641,132
AhriNyan,34363,13
ChilledChaos,34351,29
Steelmage,34258,11
BruceDropEmOff,33982,0
iskall85,33940,4
swab85,33842,15
realMoji,33826,169
JeelTV,33793,53
Whippy,33767,11
Adapt,33763,0
Zizaran,33621,11
Anomaly,33597,13
DavidDobrik,33502,0
chessbrah,33364,107
GR63,33320,13
JessGOAT,33229,27
VonDice,33215,169
ThisIsNotGeorgeNotFound,33141,4
FarfadoxVEVO,33139,32
GamesDoneQuick,33040,11
BigEx,32859,0
VALORANT_Esports_EU,32612,9
BlitzStream,32569,53
TrashTastePodcast,32504,107
HoneyMad,32498,13
gamergirl,32472,10
DarkViperAU,32396,11
Destiny,32309,11
ernesBarbeQ,32267,32
Sacriel,32152,11
ANGRYPUG,32146,31
T90Official,32078,107
ekatze007,32013,13
PimpCSGO,32004,13
Tuli_acosta,31912,32
Reetlol,31893,0
jccaylen,31772,5
Th3Antonio,31745,32
et_1231,31732,132
Eray,31325,143
Tixinhadois,31204,1
Smoke,31135,11
JulienBam,31049,169
Lasqa,30990,13
nyanners,30909,30
Pauleta_Youtubeur,30820,53
chigre,30791,32
primeleague,30430,169
Popo,30170,10
Pink_Sparkles,29811,11
mch_AGG,29751,1
SNEUX,29679,32
Diegosaurs,29628,9
portialyn,29606,15
luckraok,29580,32
nerdstgamers2,29556,9
skeppylive,29513,4
DylanteroLIVE,29508,32
CH14,29475,32
QTCinderella,29362,107
KiXSTAR,29283,27
aXoZer,29282,32
GENSYXA,29135,13
boyMinORu,29130,235
MmarianaAlpha,29062,1
valorant_jpn,29018,156
dmf_kyochan,29010,156
AnniTheDuck,28968,169
GTAWiseGuy,28797,11
ChutyVks,28774,32
akaNemsko,28719,107
RybsonLoL_,28686,10
harbleu,28666,9
LLA,28657,32
pulgaboy,28654,1
Staiy,28653,169
roger9527,28543,132
SLAKUN10,28516,32
PapiGaviTV,28430,32
Teuf,28422,53
Move_Mind,28332,13
chesscomfr,28246,53
Ditrxx,28176,169
BastiGHG,28120,169
VarsityGaming,28021,27
Caprimint,27964,32
TheViper,27731,107
AsmodaiTV,27684,10
numeiro_,27655,13
smqcked,27633,0
CallMeKevin,27489,107
punzlmao,27390,4
topdog_ru,27351,13
iinwafqht,27267,137
jungtaejune,27247,15
dasoku_aniki,27197,156
Jirayalecochon,27166,53
EnzoKnol,27152,292
OkCode,27098,29
MiaPlaysss,27046,47
Annoying,27007,0
Burn,26942,11
IzakOOO,26923,13
CzechCloud,26901,105
ImKaiCenat,26842,0
sonycast_,26709,15
eaJParkOfficial,26663,29
TapL,26569,4
valorant_esports_tr,26480,143
wkgml,26379,15
qq7925168,26291,132
Mangel,26231,32
ziGueira,26052,1
109ace,25945,15
Voyboy,25904,10
Naguura,25767,11
RiotGamesJP,25562,156
Mylonzete,25550,1
TrueGeordie,25425,138
MAAU,25356,32
rezonfn,25273,0
TrilluXe,25269,169
AlpTV,25237,143
BarbarousKing,25217,28
Opat04,25134,105
CarlosDLeon,25063,32
steel_tv,25045,9
itsRyanHiga,24965,29
calango,24864,1
Slushpuppy,24842,8
HarryHesketh,24746,138
obm1025,24719,15
Nexe_,24674,13
twlevewinsHS,24661,10
jinu6734,24582,15
grenbaud,24502,155
rhobalas_lol,24411,53
Hirona,24325,11
nanayango3o,24315,15
DavyJones,24246,1
twitchgaming,24222,9
The_Happy_Hob,24213,11
aminematue,24192,53
skswhdkgo1,24178,15
eldemente,24159,32
AvoidingThePuddle,23870,11
DreadzTV,23791,13
Sixquatre,23747,27
mokrivskyi,23729,13
amustycow,23694,53
dda_ju,23634,15
NikitonipongoTV,23557,32
bbonge_,23510,15
Serenexo,23489,32
ZONY,23402,13
Lagonis,23267,27
rtparenacsgo,23245,13
Wismichu,23202,32
runner0608,23075,15
natalan,22975,32
Felps,22949,1
BurkeBlack,22843,11
Chigua,22641,32
Ahmed_show,22635,138
OverpoweredOW,22627,8
BikiniBodhi,22429,27
Lannik1,22384,1
QUICKHUNTIK,22287,13
LexVeldhuis,22257,107
Agustabell212,22165,32
TaySon,22119,0
OGADotaPIT,22096,13
Timmac,22067,11
wtf_winds123,22067,132
DuckyW,22050,8
pankylol,22019,143
stevewillsendit,22000,169
TEBtvRU,21891,13
Solaaaa,21804,169
bratishkinoff,21793,13
Cerbero_Podcast,21785,155
ErenAktan,21728,143
ONSCREEN,21701,9
CashApp,21692,11
xkwhd,21603,15
ajehr,21590,15
LiminhaPlay,21541,1
KayzahR,21464,169
Snip3down,21442,9
GUANYAR,21414,32
chefstrobel,21396,169
shuteye_orange,21295,132
Crunchyroll,21258,11
WillerZ,21233,11
95pingman,21198,15
EAMaddenNFL,21146,233
Socksfor1,21075,4
chocoTaco,21026,9
TheRealMarzaa,21013,155
MercR6,20996,27
Terracid,20940,53
nooneboss,20934,13
OhTofu,20807,31
RTGameCrowd,20776,107
Bonjwa,20745,169
skippypoppin,20697,11
Kiyoon,20693,10
playapex,20673,9
Grimmmz,20633,11
robergalati,20620,32
wavyjacob,20597,0
Hayashii,20593,1
GronkhTV,20512,169
PrimeLeague,20485,169
zackrawrr,20452,11
RollingLoud,20370,0
Shurjoka,20209,169
RocKy_,20167,53
TwoSync,20134,138
Tommey,20060,0
AverageJonas,20036,9
Zerkaa,20025,138
orangemorange,19925,169
Mushway,19690,53
Momo,19648,11
yointerneto,19608,32
elwycco,19304,13
mitr0,19250,0
Zade,19237,143
GMHess,19234,107
BananaSlamJamma,19201,13
Academy,19138,10
yayahuz,19130,1
AdrianFartade,19070,155
RatoBorrachudo,19038,1
Sick_Nerd,19031,11
just9n,19013,9
TheNicoleT,18990,11
alinaarose,18761,0
SnikWins,18597,169
GodHunt,18528,13
Cydonia_Chiara,18513,155
AyarBaffo,18489,155
MrSoki,18388,32
bbbb87,18381,132
vsmzin,18311,1
CSRuHub,18279,13
hmattTV,18268,155
dota2mc_ru2,18257,13
LuckyChamu,18250,0
OgamingSC2,18188,53
rkdwl12,18049,15
Tomato,18007,11
iltw1,17979,13
JojoHF,17876,13
Repullze,17873,0
ZeROBADASS,17833,1
Heelmike,17793,0
Rezo,17781,169
deathwingua,17706,8
Kaellyn,17706,11
Nick28T,17696,138
ZLOYn,17673,13
kimdduddi,17667,15
santidead,17624,32
Sjow,17494,10
Hungrybox,17423,11
ZakvielChannel,17404,13
sweetcampercs,17394,132
sooflower,17370,15
Atrioc,17290,107
Ssaab,17226,11
ofmanny,17204,138
Distortion2,17123,11
michou_twitch,17096,53
Nokokopuffs,17089,9
FORMAL,17064,0
Surskity,17043,1
keanelol,16984,10
pikra10,16876,15
RDCgaming,16864,0
Surefour,16775,11
Silithur,16767,32
Mendo,16745,9
avoplus,16739,13
Rillo,16730,0
LaIslaDeLasTentaciones,16716,32
sutanmi,16692,156
thecaiox,16629,1
LVPes2,16585,9
Dexbonus,16571,11
NimbleNeuron,16568,15
Zeeyadx,16563,137
PG_Esports,16562,10
tropa_lucca,16481,1
Crocodyle_lol,16454,53
BobbyPoffGaming,16426,0
Gragolandia1,16413,1
TwitchKR,16384,15
lucasteles2,16283,1
Porgiee,16205,8
GarrettG,16205,53
Deadlyslob,16108,11
Rumathra,16097,169
torona1,16062,15
sn400ja,16058,15
PUBG_Taiwan,16008,132
msmsms213,15931,15
cidcidoso,15877,1
cristianghost,15876,32
heybigmike,15821,0
pelaajatcom,15816,13
Aurateur,15814,28
gravesen_1,15716,32
TheLateNightSlots,15685,169
HugoDecrypte,15673,53
loopooyt,15595,53
eskay,15557,8
Tiagovski555YT,15510,13
Calebhart42,15494,11
guanweiboy,15482,132
TheBigMeech,15427,11
MoAuba,15307,169
RebirthzTV,15303,235
MateoZ,15272,32
Destroy,15239,0
lol_cuvee,15215,15
RiotGamesRU,15209,10
Blaustoise,15148,11
G4G_REVENANT,15126,32
Sintica,15099,169
Xlice,15096,29
EnriqueRamosGamer,15047,32
kianlawley,14972,5
Dota2RuHub,14969,13
EdenEsports,14953,13
Slimecicle,14947,4
LaraLoft,14927,169
Kiwo,14896,11
LittleBigWhale,14886,53
chess24,14881,107
CollegeCarball,14767,53
Pato,14709,32
demisux,14697,32
GN_GG,14690,13
SquishyMuffinz,14678,53
imjasmine,14670,11
superjj102,14662,10
tinowns,14616,1
HITBOXKING,14608,9
AnnaCramling,14593,107
CaptainSparklez,14569,4
BudLight,14369,10
Crayator,14245,0
Closer,14205,143
LPMassive,14202,169
Duke,14141,0
AndyMilonakis,14133,11
zwebackhd,14120,138
takesipon,14043,132
snoodyboo,13977,32
MLS,13964,138
illumina1337,13962,4
camsoda,13923,8
pashaBiceps,13873,13
1PVCS,13826,53
keiozin,13752,1
oniyadayo,13739,156
DrIgo,13712,32
PlayOverwatch,13672,11
karchez,13667,32
segall,13566,13
katoo,13533,169
LanuSky,13525,4
Anton,13520,11
NarcolepticNugget,13514,27
xHankyy,13488,169
snuffy,13486,30
Anas_Off,13475,53
Sydeon,13437,29
ClassyBeef,13423,169
Pengwin,13393,11
Replays,13393,0
failverde,13352,132
Adal,13337,143
notmes,13333,11
naseongkim,13302,15
resttpowered,13285,105
GradyWhite_,13262,32
Harstem,13253,10
xargon0731,13239,132
Antfrost,13172,4
rootthegamer,13158,143
kimnamsoon,13154,15
armutlol,13067,143
MrRapolas,13034,126
Carreraaa,12929,32
lck_challengers,12926,10
RTAinJapan,12900,156
Yotobi,12804,155
gearbaby1010,12797,132
PSG,12787,53
Lobanjicaa,12722,13
Bronx,12696,31
JeremyFrieser,12610,292
ConnorEatsPants,12600,4
miamalkova,12472,138
FabulousN,12463,143
JLAmaru,12394,53
yuniko0720,12353,132
MiiKeLMsT,12291,32
Frankkaster,12280,32
WCBC_RL,12271,53
ubeka_,12244,143
keife_,12171,0
robertpg,12108,32
SilentSentry,12103,11
rkdthdus930,12063,15
ookina,12062,1
YasserM55,12058,137
TheRocketRB,12001,53
RazaH,11997,27
gutitubo,11935,156
PWRDEsports1,11901,13
kinstaar92i,11845,53
Shlorox,11825,169
kyedae_,11772,9
duckmanzch,11716,235
NiteNightKid,11673,11
Nikof,11652,53
TaliaMar,11570,138
CyberRulzTv,11566,143
sashagrey,11561,11
AcezProduction,11543,27
JustCooman,11461,13
theneedledrop,11406,11
Savjz,11401,10
NeutrooYT,11292,32
FittipaldiBrothers,11287,1
TEBtv3,11279,13
xChaaai,11242,8
LynxCerezLoL,11239,143
Linkus7,11191,107
FENGRUSH,11161,9
yo_boy_roy,11124,27
TROPS4,11092,169
MuMiNo,11086,13
POKAMOLODOY,11074,13
a60426042,11057,15
Silvervale,11039,30
muse_tw,10992,132
Jayce,10983,11
lngliveofficial,10890,132
ethos,10886,9
Swales94,10716,8
Arab,10699,0
AkumaGirrl,10634,32
des0ut,10629,13
luquitarodriguez,10619,32
Kolderiu,10617,32
gratis150ml,10548,1
agueppo,10547,15
ElRichMC,10492,32
anaocsgo,10484,1
Selly55,10359,156
loud_voltan,10313,1
oestagiario,10282,1
CuteDog_,10248,11
rhdgurwns,10245,15
dhtekkz,10242,138
Flights1,10208,9
grafo,10207,32
S2_Missy,10135,1
sah_yang,10121,15
Technoblood_eSports,10121,156
itsSpoit,10088,27
b1tcs,10027,13
DatModz,10012,11
BrookeAB,9960,29
IceManIsaac,9930,0
moonstudio_ru,9903,13
GoodGame_League,9901,13
SopFix,9893,137
ESL_csgo_es,9860,32
shivfps,9858,9
Minion777,9845,4
Akademiks,9823,0
Navajas_Barbershop,9798,32
MurderCrumpet,9715,11
Holo,9698,9
alelu,9677,156
Baddie,9674,8
Berry0314,9660,11
JLBichouu,9649,53
Formula1,9645,13
frantita7,9625,89
Daisy,9567,0
Roxmiral,9491,11
Gabi,9480,1
m0NESYoF,9474,13
aXtLOL,9470,1
Vargskelethor,9463,11
PotionShopTV,9383,126
IFrostBolt,9376,9
collet11,9373,15
fl0m,9356,13
loirinpiveterp,9286,1
ThePowerOfEvil,9283,10
SkyshockTV,9240,32
unicornio,9236,32
Crystal_LoL,9229,143
rodsquare,9196,32
JEFFAOCS,9181,1
iziprimee,9166,0
Ivan_Grieco,9147,155
spiritzr6s,9082,27
D3stri,9041,32
Maghla,9036,53
Brasil_Fortnite,9026,1
TwitchTW,9014,132
CDawg_VA,9012,107
TEBtvDotaRU,9003,13
Anaisableal,8971,13
GernaderJake,8873,9
AresHD,8839,13
freiraumreh,8822,169
mlchoins,8815,15
GunnarDotA2,8813,13
Sajam,8790,11
imorr,8790,143
Videoyun,8755,143
Kurumx,8740,10
ShawkR6,8713,27
Chap,8695,0
justicastro,8677,89
space,8677,9
DoktorFroid,8654,169
foodVW,8652,9
FPSThailand2,8628,235
rangerlol1,8619,1
PUBGJAPAN,8595,156
rudbeckia7,8575,15
Xisuma,8570,4
AsunaWEEB,8558,9
elchiringuitodejugones_tv,8558,32
twitchrivals_es,8511,32
DashDucks,8497,4
ColgadisimosDelAro,8494,32
Kandyland,8450,11
hastad,8429,1
ut7_danipitbull98,8362,155
VaushVidya,8355,11
Jasper7se,8345,156
moonstudio_en,8330,13
bebelolz,8315,132
FeelFIFAandGamingTV,8290,169
Harmii,8283,169
lilypi2,8265,29
RaizQT,8213,11
Yann,8204,53
CoreJJ,8181,10
Snax,8181,13
DMGPOLAND,8154,13
roboolol,8121,1
kangqui,8120,15
Jukeyz,8120,0
projektmelody,8085,30
sasatikk,8067,156
Dairygold,8029,8
iLuTVLIVE,8000,32
TommyPervan,7967,32
Caedrel,7967,10
ESL_CSGO_FR,7899,53
99Damage,7889,13
Rakyz,7863,32
RizenBR,7847,9
TeamSp00ky,7831,11
mount,7831,1
saleenerz,7831,0
StolenBR,7817,1
nanajam777,7790,15
BoomerNA,7768,4
ItsLeslie,7766,11
Day9tv,7764,11
Gingerliness,7762,11
diegolahoz,7742,32
iateyourpie,7736,11
Wineist,7727,143
NiklasWilson,7699,169
stormen,7691,9
CemBNGL,7661,143
LightFuryLF,7661,235
Crystalst,7657,11
momochoco,7638,156
dada_0124,7606,132
Fruktozka,7577,13
BikeMan,7551,11
so_urf,7536,15
islatentaciones,7515,32
DerKellerYT,7486,169
EvrimShinka,7471,143
DessT3,7470,32
9ambler,7466,15
Flexinja,7433,9
Putupau,7431,32
PUBGTVTurkiye,7426,143
BruceGrannec,7379,53
lol_selfmade,7351,10
STYLERZ,7303,169
t1_teddy,7271,15
ItsJSTN,7216,53
DavidHenrichs,7180,169
Afro,7167,11
DubDot,7166,233
Biotoxz_,7160,11
nahzinhaa,7100,1
hejin0_0,7042,15
TPAIN,7012,11
Gosu,7010,10
bobqinxd,6999,10
HAchubby,6997,11
Duncan,6994,292
Kinamazing,6983,11
cellinrj,6976,1
AusOpen,6961,0
KarasMai,6945,10
joystickr6,6936,27
RwinShow,6925,47
Maven,6918,0
PeteZahHutt,6901,0
FairyPeak,6888,53
olyashaa,6875,13
KC_Adam,6871,10
Hotted89,6863,11
Captainflowers22,6834,10
Dekarldent,6824,169
innocents,6821,0
Rustyk,6776,32
SanderJoga,6765,1
SmittyW,6758,32
aleks,6752,11
sylveey,6749,4
iWe11y,6701,138
s1032204,6693,15
Nattank,6690,1
Diablo,6686,11
GAECHKATM,6684,13
csgomc_ru3,6679,13
Five0AnthO,6668,11
hexy,6656,31
looksam,6613,15
tvcrank,6594,15
SteelBree,6568,169
HBomb94,6562,4
Uthenera,6541,143
DansGaming,6534,11
esstree,6531,15
LukiSteve,6506,10
Snedger,6460,27
LAISLADELASTENTACIONES,6439,32
lethamyr_rl,6439,53
nayte,6434,53
TrymacsKaktusKoenig,6395,169
Hajime,6349,30
ALOHADANCETV,6326,13
sacy,6284,1
ATT_OficiaL,6265,1
Mande,6232,9
Spraggy,6229,107
Criken,6213,11
aquav2_,6209,0
CarolAzuos,6186,1
ESL_SC2b,6146,10
Giantwaffle,6133,11
ramzes,6109,13
a541021,6104,132
BretmanRocky,6101,29
Mickalow,6082,53
Mikolsikk,6081,13
PatoPapao,6080,1
UncleBjorn,6022,13
wayne75525,6010,132
itscrawfordcollins,5976,5
nesua,5969,11
d_obby,5961,15
SnaggyMo,5945,0
sakonoko_game,5939,156
abu_abeer16,5886,138
napierak_official,5881,13
Zander,5730,27
Rivenzi,5721,53
Salve,5718,1
TORRO,5682,169
NotRyanAbe,5674,5
EvilShatner,5668,11
jungryeok,5651,15
Sivelle,5641,9
LeeboyJunior,5640,1
leechunhyang,5622,15
Valley_Games,5616,8
ClovaoBengala,5589,1
panetty,5579,155
silphtv,5557,15
bvb_official,5535,169
IslandGrown,5534,107
RaveCards,5533,169
w0xic,5531,143
RealMadrid,5525,32
capturesca,5520,5
PANDEKK,5516,169
iLame,5516,13
Daannyy,5511,169
Crowder,5506,0
Irenealing,5498,29
LRojo_,5498,9
cherrypach,5483,15
erobb221,5480,11
Voltariux,5469,53
xqcisoffline,5447,11
Keeoh,5438,9
AGBIN3R,5423,32
Http_Rafahg,5403,1
ster,5402,11
m00sician,5397,169
TinaDames,5382,0
souljaboy,5366,0
Michaelmcchill,5343,4
IruMinaTi,5338,53
CrReaM,5329,11
NotDyce_,5314,9
ElChiringuitoTV,5277,32
titanlol1,5251,1
Zeling,5240,32
Empyriangaming,5236,11
Everyeyeit,5231,155
realbenex,5213,4
Rainbow6KR,5210,15
edisonparklive,5184,29
Jolavanille,5154,53
lilchiipmunk,5141,11
TheDocil,5128,1
Esportmaniacos,5109,32
ShnaggyHose,5091,0
Ultia,5087,53
iZeroplus,5076,9
Wolfabelle,5075,29
Jussetain,5065,53
dereknlmb,5054,0
ShahZaM,5042,9
Simply,5040,11
LinusTech,5035,11
Frepz,5022,1
Athieno,5018,27
ch1ckenkun,4985,15
Stanz,4913,107
MattHDGamer,4878,138
Enkk,4873,155
manurapaline,4865,32
Spaceboy,4861,11
BrowJey,4849,13
kross_fusionz,4834,0
mrBlaszka,4832,13
Yann_Cj23,4828,53
gebauermarc,4815,169
GMBenjaminFinegold,4813,107
Transation,4809,9
CreepaCreech,4777,4
Overpow,4776,10
wuskindash,4776,0
OgamingLoL,4775,53
Valorant_Esports_NA,4772,9
juanbo__,4772,0
ok_ja,4767,15
zachmazer,4747,9
wenlobong,4731,132
TSM_Viss,4723,9
HugoDelire,4701,53
Sh4dowehhh,4672,13
facudiazt,4670,32
StarCraft,4659,10
Karma,4645,0
by_Owl,4632,13
Tortita,4631,32
SparkofPhoenixTV,4626,169
jorgegoorgo,4615,32
RyyFyy,4604,27
surrenderhs,4598,15
BASETRADETV,4590,4
CyberFocus,4583,13
sido,4580,169
LaniKindaScared,4564,4
HutchMF,4557,11
yueko,4547,29
EasilyyR6,4544,27
dapr,4522,9
SkainLoL,4505,32
AbuSwe7l,4497,137
BniteZ,4463,32
TwistzzTV,4458,13
ElChiringuitoDeJugonesHD,4420,32
LaariVieeira,4417,1
alfrea,4413,156
ImSoFresh,4397,53
MillyVT,4391,0
lovelyyeon,4353,15
Vorwenn,4339,32
RetroReyna,4337,0
forg1,4328,32
seeyunxd,4324,32
Kerimhan,4291,143
TheRunningManZ,4193,11
DiogoJotaEsports,4173,138
tranth,4168,15
Wolfiez,4143,0
Hitchariide,4138,0
Castlehead,4061,11
Baso,4058,169
Fyzicul,4054,11
Taishxxn,4054,9
Brother_Enoch,4050,9
Broeki1,4049,169
iceiceice,4038,13
kevinjordan,4037,8
cheese,4002,11
RaufBaba25,3958,143
Browelo,3953,53
elBokeron,3905,32
kite61,3905,11
NanniTwitch,3886,155
Rapturrs,3847,32
FastAnne,3824,27
ses836,3820,15
amaRhana,3781,4
raquelly_,3781,9
SoyFelipez360,3761,32
TANZVERBOT,3760,169
Vakin,3700,10
Bren_TM2,3672,53
crazzyccat,3652,15
hatsalsal,3617,15
Delux,3610,155
NolleyRCC,3603,32
Javaaaa,3602,107
FortyOne,3548,11
Xyclopz,3504,13
LPGjustJohnny,3500,169
omitojohnny,3452,11
Cau7ioN,3441,9
GMBenjaminBok,3440,107
Ottomated,3436,29
MSStudio,3429,13
yeTz,3424,1
KAYN,3414,0
brokybrawkstv,3374,53
maioneseeff,3368,1
yoojin,3366,29
pimpimenta,3358,1
Mynthos,3349,53
SodaKite,3339,11
Nephtunie,3330,32
Gentrifyinq,3321,9
littleragergirl,3306,32
Yuggie_TV,3274,11
Zentreya,3274,30
fnxLNTC,3268,1
kehmicais,3263,9
z60411,3241,132
preslyy,3223,9
CaittiacLive,3221,4
Gnaske_Lone,3214,9
blake,3185,0
AllanahVAFitzy,3174,4
SammyGreen,3166,4
nubulswamp,3134,15
foreverxcvi,3093,9
UnRooolie,3055,11
DRAK0OLA,3028,137
Efesto96,3016,155
JoblessGarrett,2949,11
Hedisaurus,2914,11
TheZeroOfTime,2895,169
BraindeadBernie,2871,0
Lightsfire,2869,0
cNed,2849,143
sabz_bear,2845,9
Garek,2840,11
claraatwork,2839,9
Smil0ve,2829,1
CripsyTV,2796,138
Thekine,2762,9
iNoiizY,2729,169
Chelxie,2721,53
ayellol,2672,1
diegosalvadori,2662,1
Apryze,2637,9
ArturuziTV,2624,1
DexwearHD,2619,169
akaScoots,2604,107
AaronOnAir,2588,11
fobm4ster,2588,29
hakisxd,2539,9
GirlGamerChas,2496,0
xLegendaryDollx,2469,9
gurkalicious,2437,11
Shrimp_,2398,11
BayouMonsta,2371,11
JustJamieHDG,2223,11
DoktorHuse,2176,169
