Id,Label,timeset,count,modularity_class
blxckoutz,blxckoutz,,89331,1
maiconkusterkay,maiconkusterkay,,51565,1
Gaules,Gaules,,475894,1
k1ng,k1ng,,200135,32
Letshe,Letshe,,110633,0
pijack11,pijack11,,45817,1
fer,fer,,76659,1
benjyfishy,benjyfishy,,187617,0
calango,calango,,24864,1
casimito,casimito,,86203,1
SNEUX,SNEUX,,29679,32
StableRonaldo_,StableRonaldo_,,270627,0
boltz,boltz,,51629,1
noahreyli,noahreyli,,57141,0
loud_babi,loud_babi,,85106,1
Tiagovski555YT,Tiagovski555YT,,15510,13
shroud,shroud,,733810,9
ops1x,ops1x,,154180,0
NOBRU,NOBRU,,170982,1
FlowPodcast,FlowPodcast,,132724,1
alanzoka,alanzoka,,294736,1
RocketLeague,RocketLeague,,389701,53
x2Twins,x2Twins,,133267,0
jukes,jukes,,111417,1
bt0tv,bt0tv,,52985,1
loud_bak,loud_bak,,448028,1
EmadGG,EmadGG,,231076,0
TenZ,TenZ,,185444,9
adolfz,adolfz,,43450,1
ZeROBADASS,ZeROBADASS,,17833,1
RiotGamesBrazil,RiotGamesBrazil,,164189,1
DavyJones,DavyJones,,24246,1
Rakin,Rakin,,44135,1
YoDa,YoDa,,282899,1
jean_mago,jean_mago,,125850,1
VALORANT_BR,VALORANT_BR,,50833,1
Marzz_Ow,Marzz_Ow,,35634,0
Baiano,Baiano,,98685,1
MmarianaAlpha,MmarianaAlpha,,29062,1
Castro_1021,Castro_1021,,230590,138
gafallen,gafallen,,64377,1
Fresh,Fresh,,156089,0
loud_coringa,loud_coringa,,348181,1
TheLivia,TheLivia,,49444,1
Bugha,Bugha,,261275,0
Ninja,Ninja,,374235,9
Tfue,Tfue,,330352,0
Cellbit,Cellbit,,102448,1
Clix,Clix,,458863,0
deercheerup,deercheerup,,122887,1
liminhag0d,liminhag0d,,54791,1
pulgaboy,pulgaboy,,28654,1
Mongraal,Mongraal,,212212,0
ESL_CSGO,ESL_CSGO,,687353,13
scoped,scoped,,81154,0
Tixinhadois,Tixinhadois,,31204,1
Jelty,Jelty,,306581,32
loud_thurzin,loud_thurzin,,115288,1
TheGrefg,TheGrefg,,531197,32
mch_AGG,mch_AGG,,29751,1
Renata_Giovanna,Renata_Giovanna,,71049,1
NickEh30,NickEh30,,209994,0
Fortnite,Fortnite,,183897,0
thecaiox,thecaiox,,16629,1
gaulestv,gaulestv,,38797,1
vsmzin,vsmzin,,18311,1
Lagonis,Lagonis,,23267,27
Brasil_Fortnite,Brasil_Fortnite,,9026,1
seeyunxd,seeyunxd,,4324,32
Meikodboy_,Meikodboy_,,2246,2
MrSavage,MrSavage,,54849,0
jovirone,jovirone,,46547,1
ovotz,ovotz,,1276,3
CBLOL,CBLOL,,75103,1
hastad,hastad,,8429,1
xHankyy,xHankyy,,13488,169
maxim,maxim,,46867,169
JulienBam,JulienBam,,31049,169
unsympathisch_tv,unsympathisch_tv,,104235,169
Mois_Kid,Mois_Kid,,85617,169
TheRealKnossi,TheRealKnossi,,84334,169
MontanaBlack88,MontanaBlack88,,573836,169
repazmois,repazmois,,63016,169
NoWay4u_Sir,NoWay4u_Sir,,112477,169
KayzahR,KayzahR,,21464,169
Trymacs,Trymacs,,678572,169
Rumathra,Rumathra,,16097,169
Papaplatte,Papaplatte,,260643,169
Dhalucard,Dhalucard,,102918,169
GRONKH,GRONKH,,145144,169
rewinside,rewinside,,61243,169
ELoTRiX,ELoTRiX,,139031,169
eliasn97,eliasn97,,154235,169
MckyTV,MckyTV,,149306,169
NICKMERCS,NICKMERCS,,644974,0
SidneyEweka,SidneyEweka,,49735,169
Ditrxx,Ditrxx,,28176,169
Amar,Amar,,162960,169
xQcOW,xQcOW,,932473,11
ROSHTEIN,ROSHTEIN,,157593,169
xTheSolutionTV,xTheSolutionTV,,59430,169
STYLERZ,STYLERZ,,7303,169
INSCOPE21TV,INSCOPE21TV,,65806,169
RevedTV,RevedTV,,75132,169
chefstrobel,chefstrobel,,21396,169
jccaylen,jccaylen,,31772,5
NotRyanAbe,NotRyanAbe,,5674,5
fuslie,fuslie,,121305,29
QuackityHQ,QuackityHQ,,430187,4
GeorgeNotFound,GeorgeNotFound,,428156,4
RanbooLive,RanbooLive,,605500,4
ludwig,ludwig,,364035,107
westonkoury,westonkoury,,65997,4
BadBoyHalo,BadBoyHalo,,199119,4
Sykkuno,Sykkuno,,399012,29
Tubbo,Tubbo,,589066,4
tommyinnit,tommyinnit,,660344,4
DavidDobrik,DavidDobrik,,33502,0
Sapnap,Sapnap,,278012,4
karljacobs,karljacobs,,473201,4
pokimane,pokimane,,417247,29
kianlawley,kianlawley,,14972,5
capturesca,capturesca,,5520,5
itscrawfordcollins,itscrawfordcollins,,5976,5
dreamwastaken,dreamwastaken,,403251,4
brianteradababy,brianteradababy,,1829,6
reggiewebberr,reggiewebberr,,1986,7
AdmiralBulldog,AdmiralBulldog,,63319,13
just_ns,just_ns,,49428,13
Maximilian_DOOD,Maximilian_DOOD,,131887,11
Elajjaz,Elajjaz,,50250,11
Sjow,Sjow,,17494,10
cdewx,cdewx,,39623,11
Natsumiii,Natsumiii,,99504,29
Steelmage,Steelmage,,34258,11
sodapoppin,sodapoppin,,366658,11
CohhCarnage,CohhCarnage,,231885,11
dasMEHDI,dasMEHDI,,88661,11
NymN,NymN,,53050,11
moistcr1tikal,moistcr1tikal,,253011,107
AnthonyZ,AnthonyZ,,62305,11
HusKerrs,HusKerrs,,222794,0
LCS,LCS,,435722,10
Quin69,Quin69,,144403,11
imls,imls,,115014,10
Arcadum,Arcadum,,37247,11
Distortion2,Distortion2,,17123,11
Nmplol,Nmplol,,133142,11
loltyler1,loltyler1,,504751,10
nerdstgamers,nerdstgamers,,125777,9
moonstudio_en,moonstudio_en,,8330,13
Whippy,Whippy,,33767,11
Gorgc,Gorgc,,106136,13
GunnarDotA2,GunnarDotA2,,8813,13
Myth,Myth,,154162,9
pokelawls,pokelawls,,199469,11
singsing,singsing,,47604,13
buster,buster,,274157,13
UberHaxorNova,UberHaxorNova,,46933,11
Ramee,Ramee,,56462,11
summit1g,summit1g,,446566,11
T90Official,T90Official,,32078,107
Rogue,Rogue,,188224,9
HealthyGamer_GG,HealthyGamer_GG,,68420,11
Pestily,Pestily,,125820,11
ShivFPS,ShivFPS,,219911,9
cyr,cyr,,54291,11
Scarra,Scarra,,129316,29
PENTA,PENTA,,44797,11
codemiko,codemiko,,154667,11
Jahrein,Jahrein,,147785,143
lilypichu,lilypichu,,149317,29
roflgator,roflgator,,87855,11
Ash_on_LoL,Ash_on_LoL,,273641,8
OGADotaPIT,OGADotaPIT,,22096,13
buddha,buddha,,282287,8
Maya,Maya,,187721,11
ESAMarathon,ESAMarathon,,43758,11
LIRIK,LIRIK,,229916,11
Kyle,Kyle,,51053,11
AriaSaki,AriaSaki,,55924,29
Saiiren,Saiiren,,38158,11
DreamLeague,DreamLeague,,195785,13
Doublelift,Doublelift,,184117,10
GMNaroditsky,GMNaroditsky,,40236,107
AvoidingThePuddle,AvoidingThePuddle,,23870,11
boxbox,boxbox,,301837,8
Stray228,Stray228,,139004,13
melharucos,melharucos,,54633,13
WARDELL,WARDELL,,122024,9
HasanAbi,HasanAbi,,280709,11
avoplus,avoplus,,16739,13
koil,koil,,61829,11
sinatraa,sinatraa,,118934,9
Trainwreckstv,Trainwreckstv,,136965,11
TimTheTatman,TimTheTatman,,483421,0
LCK,LCK,,306140,10
TSM_ImperialHal,TSM_ImperialHal,,247477,9
Thijs,Thijs,,70685,10
Enviosity,Enviosity,,72192,29
Indiefoxx,Indiefoxx,,74058,11
TEBtv,TEBtv,,50605,13
aceu,aceu,,201767,9
dunkstream,dunkstream,,49907,11
BotezLive,BotezLive,,153559,107
Rekkles,Rekkles,,204711,10
Greekgodx,Greekgodx,,171390,11
Vinesauce,Vinesauce,,50687,11
sips_,sips_,,54635,11
39daph,39daph,,108625,29
BeyondTheSummit,BeyondTheSummit,,72612,13
sneakylol,sneakylol,,99487,10
hJune,hJune,,247220,8
Symfuhny,Symfuhny,,337643,0
melina,melina,,40291,11
ybicanoooobov,ybicanoooobov,,61210,13
Destiny,Destiny,,32309,11
RduLIVE,RduLIVE,,52796,10
Jankos,Jankos,,139890,10
Kitboga,Kitboga,,87565,11
Sequisha,Sequisha,,162632,8
DrLupo,DrLupo,,158127,11
Mathil1,Mathil1,,48076,11
uhSnow,uhSnow,,37498,11
RATIRL,RATIRL,,113684,10
chessbrah,chessbrah,,33364,107
ESL_SC2,ESL_SC2,,70818,10
Hiko,Hiko,,243613,9
Zizaran,Zizaran,,33621,11
AdmiralBahroo,AdmiralBahroo,,81710,11
forsen,forsen,,205936,11
BananaSlamJamma,BananaSlamJamma,,19201,13
willneff,willneff,,37966,11
SovietWomble,SovietWomble,,43746,11
xChocoBars,xChocoBars,,82023,29
TFBlade,TFBlade,,140972,10
Hirona,Hirona,,24325,11
dafran,dafran,,98199,9
itsHafu,itsHafu,,152377,29
twlevewinsHS,twlevewinsHS,,24661,10
Amouranth,Amouranth,,71461,11
AsmodaiTV,AsmodaiTV,,27684,10
SilverName,SilverName,,111550,13
nl_Kripp,nl_Kripp,,103374,10
Fextralife,Fextralife,,148614,11
LEC,LEC,,511240,10
Chess,Chess,,395935,107
GMHikaru,GMHikaru,,359460,107
C_a_k_e,C_a_k_e,,50235,13
skippypoppin,skippypoppin,,20697,11
GothamChess,GothamChess,,106398,107
dogdog,dogdog,,70683,10
ESL_DOTA2,ESL_DOTA2,,89584,13
limit_maximum,limit_maximum,,52992,11
PUBG,PUBG,,103758,13
NiKo,NiKo,,104934,13
Daxak,Daxak,,56703,13
OkCode,OkCode,,27098,29
Anna_Chess,Anna_Chess,,62345,107
MiltonTPike1,MiltonTPike1,,54142,11
masondota2,masondota2,,53191,13
Yassuo,Yassuo,,178318,10
TheStockGuy,TheStockGuy,,120831,11
MOONMOON,MOONMOON,,155620,11
TheViper,TheViper,,27731,107
EsfandTV,EsfandTV,,183577,11
LVNDMARK,LVNDMARK,,192738,11
Jerma985,Jerma985,,67010,11
Ray__C,Ray__C,,292012,8
csgomc_ru,csgomc_ru,,377967,13
LPL,LPL,,89253,10
Mizkif,Mizkif,,238111,11
dota2mc_ru,dota2mc_ru,,285531,13
ESL_CSGOb,ESL_CSGOb,,133694,13
Warcraft,Warcraft,,39210,11
NASA,NASA,,96680,11
Blizzard,Blizzard,,172902,11
nooneboss,nooneboss,,20934,13
zackrawrr,zackrawrr,,20452,11
Dyannatv,Dyannatv,,270085,8
XBOCT,XBOCT,,48953,13
AustinShow,AustinShow,,148231,4
PWRDEsports1,PWRDEsports1,,11901,13
PGL_Dota2,PGL_Dota2,,60303,13
s1mple,s1mple,,131501,13
iceiceice,iceiceice,,4038,13
CoconutB,CoconutB,,193053,8
AresHD,AresHD,,8839,13
ESL_CSGOc,ESL_CSGOc,,42902,13
iltw1,iltw1,,17979,13
Jinnytty,Jinnytty,,46296,11
Lacari,Lacari,,3174,12
BLASTPremier,BLASTPremier,,346349,13
SerWinterOfficial,SerWinterOfficial,,258583,8
Hutnik,Hutnik,,244081,8
GTAWiseGuy,GTAWiseGuy,,28797,11
KheZu,KheZu,,2542,14
Posty,Posty,,205736,8
DreadzTV,DreadzTV,,23791,13
trausi,trausi,,201468,8
Burn,Burn,,26942,11
runner0608,runner0608,,23075,15
yumyumyu77,yumyumyu77,,36475,15
paka9999,paka9999,,72665,15
aba4647,aba4647,,77885,15
torona1,torona1,,16062,15
naseongkim,naseongkim,,13302,15
95pingman,95pingman,,21198,15
kangqui,kangqui,,8120,15
saddummy,saddummy,,92320,15
kimdduddi,kimdduddi,,17667,15
nokduro,nokduro,,52406,15
yapyap30,yapyap30,,46072,15
2chamcham2,2chamcham2,,56926,15
pacific8815,pacific8815,,49351,15
kimnamsoon,kimnamsoon,,13154,15
ajehr,ajehr,,21590,15
dopa24,dopa24,,89008,15
obm1025,obm1025,,24719,15
jdm2088,jdm2088,,57424,15
handongsuk,handongsuk,,106766,15
01bd02,01bd02,,35657,15
yd0821,yd0821,,51152,15
flurry1989,flurry1989,,36604,15
dda_ju,dda_ju,,23634,15
109ace,109ace,,25945,15
rooftopcat99,rooftopcat99,,42390,15
lol_woolf,lol_woolf,,80848,15
zilioner,zilioner,,67919,15
sonycast_,sonycast_,,26709,15
ddahyoni,ddahyoni,,36399,15
swab85,swab85,,33842,15
bbonge_,bbonge_,,23510,15
rkdthdus930,rkdthdus930,,12063,15
om0322,om0322,,5896,16
rhdgurwns,rhdgurwns,,10245,15
portialyn,portialyn,,29606,15
rkdwl12,rkdwl12,,18049,15
pjs9073,pjs9073,,41863,15
lol_cuvee,lol_cuvee,,15215,15
tmxk319,tmxk319,,115613,15
hanryang1125,hanryang1125,,112893,15
lol_ambition,lol_ambition,,48329,15
woowakgood,woowakgood,,53153,15
msmsms213,msmsms213,,15931,15
sal_gu,sal_gu,,45480,15
Faker,Faker,,144691,10
PUBGKorea,PUBGKorea,,47709,15
nanayango3o,nanayango3o,,24315,15
sn400ja,sn400ja,,16058,15
ok_ja,ok_ja,,4767,15
sooflower,sooflower,,17370,15
so_urf,so_urf,,7536,15
pikra10,pikra10,,16876,15
kimdoe,kimdoe,,45576,15
jungtaejune,jungtaejune,,27247,15
skswhdkgo1,skswhdkgo1,,24178,15
LCK_Korea,LCK_Korea,,307701,15
crazzyccat,crazzyccat,,3652,15
xkwhd,xkwhd,,21603,15
a60426042,a60426042,,11057,15
beyou0728,beyou0728,,2296,17
ch1ckenkun,ch1ckenkun,,4985,15
kingseola,kingseola,,1877,18
jinu6734,jinu6734,,24582,15
nanajam777,nanajam777,,7790,15
TwitchKR,TwitchKR,,16384,15
mlchoins,mlchoins,,8815,15
d_obby,d_obby,,5961,15
wkgml,wkgml,,26379,15
collet11,collet11,,9373,15
leechunhyang,leechunhyang,,5622,15
dogswellfish,dogswellfish,,2051,19
ses836,ses836,,3820,15
lovelyyeon,lovelyyeon,,4353,15
looksam,looksam,,6613,15
NimbleNeuron,NimbleNeuron,,16568,15
VooDooSh,VooDooSh,,44412,13
BeBePtv,BeBePtv,,2731,20
moonstudio_ru,moonstudio_ru,,9903,13
MuMiNo,MuMiNo,,11086,13
karavay46,karavay46,,53360,13
dota2mc_ru2,dota2mc_ru2,,18257,13
Dota2RuHub,Dota2RuHub,,14969,13
pokanoname,pokanoname,,35101,13
bRaTiShKiNoFf,bRaTiShKiNoFf,,64050,13
Lasqa,Lasqa,,30990,13
modestal,modestal,,51391,13
XaKoH,XaKoH,,2350,21
VERNI_SHAVERMY,VERNI_SHAVERMY,,35671,13
csgomc_ru2,csgomc_ru2,,108178,13
GN_GG,GN_GG,,14690,13
JesusAVGN,JesusAVGN,,48983,13
ekatze007,ekatze007,,32013,13
PCH3LK1N,PCH3LK1N,,49343,13
segall,segall,,13566,13
olyashaa,olyashaa,,6875,13
AhriNyan,AhriNyan,,34363,13
Dmitry_Lixxx,Dmitry_Lixxx,,59389,13
TEBtvDotaRU,TEBtvDotaRU,,9003,13
Recrent,Recrent,,97951,13
dinablin,dinablin,,59514,13
QUICKHUNTIK,QUICKHUNTIK,,22287,13
StRoGo,StRoGo,,39492,13
Dragneel_FH,Dragneel_FH,,1628,22
A1taOda,A1taOda,,2077,23
ramzes,ramzes,,6109,13
winstrike_tv,winstrike_tv,,172438,13
Olsior,Olsior,,3134,24
ALOHADANCETV,ALOHADANCETV,,6326,13
POKAMOLODOY,POKAMOLODOY,,11074,13
ZLOYn,ZLOYn,,17673,13
elwycco,elwycco,,19304,13
BlackUFA,BlackUFA,,18024,25
UncleBjorn,UncleBjorn,,6022,13
HoneyMad,HoneyMad,,32498,13
GENSYXA,GENSYXA,,29135,13
GodHunt,GodHunt,,18528,13
Sh4dowehhh,Sh4dowehhh,,4672,13
JustCooman,JustCooman,,11461,13
mokrivskyi,mokrivskyi,,23729,13
IWillDominate,IWillDominate,,42751,10
Im_Dontai,Im_Dontai,,60120,0
Surefour,Surefour,,16775,11
blusewilly_retry,blusewilly_retry,,37695,132
Sacriel,Sacriel,,32152,11
starsmitten,starsmitten,,41715,29
ironmouse,ironmouse,,36622,30
BaboAbe,BaboAbe,,46547,29
PaymoneyWubby,PaymoneyWubby,,61288,11
tarzaned,tarzaned,,51712,10
Grimmmz,Grimmmz,,20633,11
BurkeBlack,BurkeBlack,,22843,11
Tomato,Tomato,,18007,11
Syndicate,Syndicate,,62681,0
momochoco,momochoco,,7638,156
Warframe,Warframe,,105169,11
Loserfruit,Loserfruit,,54532,0
KristoferYee,KristoferYee,,40237,29
TheBigMeech,TheBigMeech,,15427,11
knekro,knekro,,128370,32
Smoke,Smoke,,31135,11
Swagg,Swagg,,292831,0
imjasmine,imjasmine,,14670,11
Nightblue3,Nightblue3,,63044,10
Grossie_Gore,Grossie_Gore,,57091,10
TeePee,TeePee,,65146,0
TeeGrizzley,TeeGrizzley,,108482,0
Silvervale,Silvervale,,11039,30
Pikabooirl,Pikabooirl,,45369,11
Ponce,Ponce,,141350,53
shofu,shofu,,9772,26
DaigoTheBeasTV,DaigoTheBeasTV,,37109,156
stylishnoob4,stylishnoob4,,141085,156
midbeast,midbeast,,67590,10
harbleu,harbleu,,28666,9
Gladd,Gladd,,36294,9
Calebhart42,Calebhart42,,15494,11
MuTeX,MuTeX,,133636,0
TinaKitten,TinaKitten,,86039,29
Northernlion,Northernlion,,44591,107
Aurateur,Aurateur,,15814,28
CapcomFighters,CapcomFighters,,35725,11
Otzdarva,Otzdarva,,68433,31
iateyourpie,iateyourpie,,7736,11
ANGRYPUG,ANGRYPUG,,32146,31
Sanchovies,Sanchovies,,40035,10
Loeya,Loeya,,57060,0
KingGeorge,KingGeorge,,127466,27
Hungrybox,Hungrybox,,17423,11
SypherPK,SypherPK,,162618,0
Beaulo,Beaulo,,147377,27
QuarterJade,QuarterJade,,84505,29
fps_shaka,fps_shaka,,162180,156
supertf,supertf,,51880,9
SmallAnt,SmallAnt,,69382,107
LuluLuvely,LuluLuvely,,127512,9
yourragegaming,yourragegaming,,73168,0
CriticalRole,CriticalRole,,86739,11
lestream,lestream,,128611,53
Timmac,Timmac,,22067,11
daltoosh,daltoosh,,50587,9
BarbarousKing,BarbarousKing,,25217,28
CDNThe3rd,CDNThe3rd,,47503,11
BruceDropEmOff,BruceDropEmOff,,33982,0
Tectone,Tectone,,57947,29
cloakzy,cloakzy,,148324,0
Shotz,Shotz,,37501,11
sleepy,sleepy,,55385,9
mistermv,mistermv,,90709,53
AdinRoss,AdinRoss,,249177,0
RatedEpicz,RatedEpicz,,53025,11
sakonoko_game,sakonoko_game,,5939,156
peterparkTV,peterparkTV,,91762,29
kkatamina,kkatamina,,76691,29
nyanners,nyanners,,30909,30
twitchgaming,twitchgaming,,24222,9
Masayoshi,Masayoshi,,52747,29
VALORANT,VALORANT,,71544,9
k3soju,k3soju,,75917,10
yvonnie,yvonnie,,39480,29
The_Happy_Hob,The_Happy_Hob,,24213,11
BobRoss,BobRoss,,39467,4
OhTofu,OhTofu,,20807,31
SmiteGame,SmiteGame,,53177,11
ChilledChaos,ChilledChaos,,34351,29
5uppp,5uppp,,127697,29
NiceWigg,NiceWigg,,53932,9
scump,scump,,88973,0
Rubius,Rubius,,787632,32
Momo,Momo,,19648,11
Sajam,Sajam,,8790,11
dizzy,dizzy,,44906,9
MacieJay,MacieJay,,73975,27
iiTzTimmy,iiTzTimmy,,43934,9
Aydan,Aydan,,234995,0
Diegosaurs,Diegosaurs,,29628,9
alexelcapo,alexelcapo,,86653,32
snuffy,snuffy,,13486,30
ibai,ibai,,882296,32
PlayOverwatch,PlayOverwatch,,13672,11
Crunchyroll,Crunchyroll,,21258,11
ArcSystemWorksU,ArcSystemWorksU,,4359,33
omitojohnny,omitojohnny,,3452,11
TrashTastePodcast,TrashTastePodcast,,32504,107
KingJae,KingJae,,1368,34
Rainbow6,Rainbow6,,114073,27
Dexbonus,Dexbonus,,16571,11
eduardo_hook,eduardo_hook,,1959,35
AssistMeDoom,AssistMeDoom,,1296,36
BANDAINAMCOUS,BANDAINAMCOUS,,6411,37
INFINITE_SGE,INFINITE_SGE,,1558,38
Bawkbasoup,Bawkbasoup,,4226,39
Xlice,Xlice,,15096,29
TwitchRivals,TwitchRivals,,41474,10
Pink_Sparkles,Pink_Sparkles,,29811,11
caps,caps,,68559,10
Voyboy,Voyboy,,25904,10
SonicFox,SonicFox,,1839,40
Ssaab,Ssaab,,17226,11
GamesDoneQuick,GamesDoneQuick,,33040,11
DansGaming,DansGaming,,6534,11
Markiplier,Markiplier,,62954,4
Day9tv,Day9tv,,7764,11
Criken,Criken,,6213,11
Kiwo,Kiwo,,14896,11
its_iron,its_iron,,120703,0
BikeMan,BikeMan,,7551,11
UnRooolie,UnRooolie,,3055,11
Flight23white,Flight23white,,116320,0
Nintendo,Nintendo,,46651,11
JesseCox,JesseCox,,2662,41
Vargskelethor,Vargskelethor,,9463,11
DuelLinksMeta,DuelLinksMeta,,12853,42
Pengwin,Pengwin,,13393,11
projektmelody,projektmelody,,8085,30
TeamSp00ky,TeamSp00ky,,7831,11
RDCgaming,RDCgaming,,16864,0
ANIMEILLUMINATI,ANIMEILLUMINATI,,2230,43
chigre,chigre,,30791,32
coscu,coscu,,116693,32
auronplay,auronplay,,727219,32
EASPORTSFIFA,EASPORTSFIFA,,114046,138
IlloJuan,IlloJuan,,143470,32
NAKOO_Fn,NAKOO_Fn,,45864,32
sujagg,sujagg,,107215,32
Llobeti4,Llobeti4,,123002,32
Peereira7,Peereira7,,117658,32
FolagorLives,FolagorLives,,115117,32
Vicens,Vicens,,105996,32
blanchitooo,blanchitooo,,98017,32
Mayichi,Mayichi,,157033,32
IamCristinini,IamCristinini,,115683,32
Alexby11,Alexby11,,136013,32
elxokas,elxokas,,137577,32
MiiKeLMsT,MiiKeLMsT,,12291,32
juansguarnizo,juansguarnizo,,384911,32
PapoMC,PapoMC,,134959,32
Kolderiu,Kolderiu,,10617,32
ReventXz,ReventXz,,72574,32
MarkiLokurasY,MarkiLokurasY,,90383,32
gllobet25,gllobet25,,77284,32
PapiGaviTV,PapiGaviTV,,28430,32
anders_vejrgang,anders_vejrgang,,62867,138
GUANYAR,GUANYAR,,21414,32
MiaPlaysss,MiaPlaysss,,27046,47
bigezmoge,bigezmoge,,5443,44
FarhadXRay,FarhadXRay,,4571,45
Ranger,Ranger,,3028,46
RwinShow,RwinShow,,6925,47
SamSaberi,SamSaberi,,2528,48
Nexe_,Nexe_,,24674,13
polsatgames,polsatgames,,41671,10
PAGO3,PAGO3,,62434,13
Mandzio,Mandzio,,96570,13
xth0rek,xth0rek,,48631,13
EWROON,EWROON,,80197,13
Jacob4TV,Jacob4TV,,50027,13
IzakOOO,IzakOOO,,26923,13
RybsonLoL_,RybsonLoL_,,28686,10
Japczan,Japczan,,50834,10
Popo,Popo,,30170,10
Diables,Diables,,40248,13
esl_csgo_pl,esl_csgo_pl,,53184,13
mrBlaszka,mrBlaszka,,4832,13
Mikolsikk,Mikolsikk,,6081,13
ZONY,ZONY,,23402,13
DMGPOLAND,DMGPOLAND,,8154,13
napierak_official,napierak_official,,5881,13
ElmiilloR,ElmiilloR,,82093,32
ElSpreen,ElSpreen,,63610,32
bysTaXx,bysTaXx,,39817,32
Tuli_acosta,Tuli_acosta,,31912,32
DylanteroLIVE,DylanteroLIVE,,29508,32
gamergirl,gamergirl,,32472,10
ChutyVks,ChutyVks,,28774,32
ColgadisimosDelAro,ColgadisimosDelAro,,8494,32
ESL_csgo_es,ESL_csgo_es,,9860,32
LLA,LLA,,28657,32
Mixwell,Mixwell,,51202,9
ScreaM,ScreaM,,65302,9
aroyitt,aroyitt,,80724,32
ricoy23,ricoy23,,57131,32
SmittyW,SmittyW,,6758,32
Perxitaa,Perxitaa,,88798,32
goncho,goncho,,71731,32
Brunenger,Brunenger,,64468,32
MYM_ALKAPONE,MYM_ALKAPONE,,65360,32
lol_nemesis,lol_nemesis,,39491,10
SLAKUN10,SLAKUN10,,28516,32
Reborn_Live,Reborn_Live,,50235,32
Staryuuki,Staryuuki,,67778,32
ernesBarbeQ,ernesBarbeQ,,32267,32
Thebausffs,Thebausffs,,40438,10
okyyy,okyyy,,53032,32
LVPes2,LVPes2,,16585,9
FarfadoxVEVO,FarfadoxVEVO,,33139,32
momoladinastia,momoladinastia,,37754,32
tvandeR,tvandeR,,42351,32
PUVLOO,PUVLOO,,45179,32
DuendePablo,DuendePablo,,54198,32
Pimpeano,Pimpeano,,87844,32
iLuTVLIVE,iLuTVLIVE,,8000,32
Rakyz,Rakyz,,7863,32
luckraok,luckraok,,29580,32
elded,elded,,170150,32
yointerneto,yointerneto,,19608,32
Frankkaster,Frankkaster,,12280,32
LVPes,LVPes,,99392,32
Chigua,Chigua,,22641,32
zEkO,zEkO,,36895,32
MenosTrece,MenosTrece,,59969,32
HITBOXKING,HITBOXKING,,14608,9
Agustabell212,Agustabell212,,22165,32
orslok,orslok,,70460,32
biyin_,biyin_,,76679,32
MarkitoNavaja,MarkitoNavaja,,76990,32
snoodyboo,snoodyboo,,13977,32
Bwipolol,Bwipolol,,35919,10
Caprimint,Caprimint,,27964,32
LAISLADELASTENTACIONES,LAISLADELASTENTACIONES,,6439,32
ElOjoNinja,ElOjoNinja,,3248,49
demisux,demisux,,14697,32
islatentaciones,islatentaciones,,7515,32
ElRichMC,ElRichMC,,10492,32
Welyn,Welyn,,148808,8
AkumaGirrl,AkumaGirrl,,10634,32
Werlyb,Werlyb,,89945,32
littleragergirl,littleragergirl,,3306,32
ElcanaldeJoaco,ElcanaldeJoaco,,76853,32
Th3Antonio,Th3Antonio,,31745,32
elBokeron,elBokeron,,3905,32
JaggerPrincesa,JaggerPrincesa,,93370,32
Serenexo,Serenexo,,23489,32
AgenteMaxo,AgenteMaxo,,36801,32
G4G_REVENANT,G4G_REVENANT,,15126,32
robergalati,robergalati,,20620,32
Silithur,Silithur,,16767,32
bchillz,bchillz,,247108,8
TommyPervan,TommyPervan,,7967,32
Esportmaniacos,Esportmaniacos,,5109,32
grafo,grafo,,10207,32
MissaSinfonia,MissaSinfonia,,100903,32
Zeling,Zeling,,5240,32
gravesen_1,gravesen_1,,15716,32
LaIslaDeLasTentaciones,LaIslaDeLasTentaciones,,16716,32
SoyFelipez360,SoyFelipez360,,3761,32
Lifestomper,Lifestomper,,161312,8
Mammoth,Mammoth,,201324,8
Mangel,Mangel,,26231,32
x6FlipiN,x6FlipiN,,47351,32
SkainLoL,SkainLoL,,4505,32
Wismichu,Wismichu,,23202,32
s1032204,s1032204,,6693,15
hejin0_0,hejin0_0,,7042,15
rudbeckia7,rudbeckia7,,8575,15
lck_challengers,lck_challengers,,12926,10
surrenderhs,surrenderhs,,4598,15
agueppo,agueppo,,10547,15
hatsalsal,hatsalsal,,3617,15
pparkshy,pparkshy,,3408,50
eaJParkOfficial,eaJParkOfficial,,26663,29
SteveSuptic,SteveSuptic,,65746,29
Sydeon,Sydeon,,13437,29
DuckyW,DuckyW,,22050,8
tuanzy,tuanzy,,40983,29
itsRyanHiga,itsRyanHiga,,24965,29
jacksepticeye,jacksepticeye,,52014,29
sah_yang,sah_yang,,10121,15
rlgus1006,rlgus1006,,3135,51
t1_teddy,t1_teddy,,7271,15
Gragolandia1,Gragolandia1,,16413,1
Mylonzete,Mylonzete,,25550,1
Surskity,Surskity,,17043,1
RatoBorrachudo,RatoBorrachudo,,19038,1
cidcidoso,cidcidoso,,15877,1
Felps,Felps,,22949,1
esAcarry,esAcarry,,35018,1
keiozin,keiozin,,13752,1
ziGueira,ziGueira,,26052,1
mount,mount,,7831,1
aXtLOL,aXtLOL,,9470,1
Hayashii,Hayashii,,20593,1
yayahuz,yayahuz,,19130,1
lucasteles2,lucasteles2,,16283,1
Lannik1,Lannik1,,22384,1
Gabi,Gabi,,9480,1
tioorochitwitch,tioorochitwitch,,6339,52
otplol_,otplol_,,173359,53
Academy,Academy,,19138,10
agurin,agurin,,37229,169
ThePowerOfEvil,ThePowerOfEvil,,9283,10
bobqinxd,bobqinxd,,6999,10
Kiyoon,Kiyoon,,20693,10
BudLight,BudLight,,14369,10
Captainflowers22,Captainflowers22,,6834,10
lol_selfmade,lol_selfmade,,7351,10
Caedrel,Caedrel,,7967,10
primeleague,primeleague,,30430,169
Vakin,Vakin,,3700,10
CoreJJ,CoreJJ,,8181,10
Gotaga,Gotaga,,261029,53
kinstaar,kinstaar,,49544,53
chesscomfr,chesscomfr,,28246,53
sweetdreams,sweetdreams,,42766,9
Kamet0,Kamet0,,174703,53
aminematue,aminematue,,24192,53
rhobalas_lol,rhobalas_lol,,24411,53
Terracid,Terracid,,20940,53
FairyPeak,FairyPeak,,6888,53
BruceGrannec,BruceGrannec,,7379,53
Etoiles,Etoiles,,80203,53
OgamingLoL,OgamingLoL,,4775,53
samueletienne,samueletienne,,71988,53
SolaryFortnite,SolaryFortnite,,62853,53
Jirayalecochon,Jirayalecochon,,27166,53
Teuf,Teuf,,28422,53
Pengu,Pengu,,75567,27
Mickalow,Mickalow,,6082,53
JLTomy,JLTomy,,83421,53
akaNemsko,akaNemsko,,28719,107
Domingo,Domingo,,197673,53
JLAmaru,JLAmaru,,12394,53
Joueur_du_Grenier,Joueur_du_Grenier,,58555,53
Locklear,Locklear,,117446,53
Shaunz,Shaunz,,58636,53
Kaydop,Kaydop,,118037,53
AlphaCast,AlphaCast,,43015,53
LeBouseuh,LeBouseuh,,106371,53
AntoineDanielLive,AntoineDanielLive,,89614,53
WankilStudio,WankilStudio,,80923,53
JeelTV,JeelTV,,33793,53
Tonton,Tonton,,42054,53
Albralelie,Albralelie,,37986,9
Philza,Philza,,443507,4
SackziTV,SackziTV,,40289,53
Solary,Solary,,53639,53
Mushway,Mushway,,19690,53
Bidule,Bidule,,42384,53
Xari,Xari,,62199,53
Pauleta_Youtubeur,Pauleta_Youtubeur,,30820,53
RebeuDeter,RebeuDeter,,41521,53
chowh1,chowh1,,83131,53
JLBichouu,JLBichouu,,9649,53
Squeezie,Squeezie,,147472,53
ZeratoR,ZeratoR,,94699,53
RocKy_,RocKy_,,20167,53
RocketBaguette,RocketBaguette,,39396,53
Alderiate,Alderiate,,51012,53
DeuceAce,DeuceAce,,57874,169
Sardoche,Sardoche,,119911,53
OgamingSC2,OgamingSC2,,18188,53
LittleBigWhale,LittleBigWhale,,14886,53
Laink,Laink,,4302,54
ImSoFresh,ImSoFresh,,4397,53
CNES_France,CNES_France,,4727,55
ESL_CSGO_FR,ESL_CSGO_FR,,7899,53
Joyca,Joyca,,3921,56
Yann,Yann,,8204,53
nayte,nayte,,6434,53
GR63,GR63,,33320,13
HugoDelire,HugoDelire,,4701,53
kinstaar92i,kinstaar92i,,11845,53
BlitzStream,BlitzStream,,32569,53
mcflyetcarlito,mcflyetcarlito,,70242,53
KC_Adam,KC_Adam,,6871,10
Jolavanille,Jolavanille,,5154,53
Ultia,Ultia,,5087,53
Anas_Off,Anas_Off,,13475,53
michou_twitch,michou_twitch,,17096,53
Sixquatre,Sixquatre,,23747,27
Voltariux,Voltariux,,5469,53
IruMinaTi,IruMinaTi,,5338,53
PSG,PSG,,12787,53
1PVCS,1PVCS,,13826,53
Rivenzi,Rivenzi,,5721,53
Crocodyle_lol,Crocodyle_lol,,16454,53
JohnnyBoi_i,JohnnyBoi_i,,50692,53
Nikof,Nikof,,11652,53
Maghla,Maghla,,9036,53
YoMax,YoMax,,6294,57
Chelxie,Chelxie,,2721,53
Bren_TM2,Bren_TM2,,3672,53
SkyrrozTV,SkyrrozTV,,72205,53
HugoDecrypte,HugoDecrypte,,15673,53
robert87000,robert87000,,3050,58
loopooyt,loopooyt,,15595,53
Doigby,Doigby,,47163,53
Jussetain,Jussetain,,5065,53
GabrielAttal,GabrielAttal,,3163,59
Yann_Cj23,Yann_Cj23,,4828,53
brokybrawkstv,brokybrawkstv,,3374,53
Browelo,Browelo,,3953,53
Savjz,Savjz,,11401,10
superjj102,superjj102,,14662,10
PlayHearthstone,PlayHearthstone,,7212,60
Xixo,Xixo,,2359,61
Qewbite,Qewbite,,7694,62
notmes,notmes,,13333,11
Naguura,Naguura,,25767,11
GingiTV,GingiTV,,5885,63
Snowmixy,Snowmixy,,3855,64
Xaryu,Xaryu,,2217,65
hannahxxrose,hannahxxrose,,67996,4
CaptainPuffy,CaptainPuffy,,153475,4
BretmanRocky,BretmanRocky,,6101,29
TapL,TapL,,26569,4
Mendo,Mendo,,16745,9
awesamdude,awesamdude,,109517,4
steel_tv,steel_tv,,25045,9
TaliaMar,TaliaMar,,11570,138
DropsByPonk,DropsByPonk,,90688,4
Subroza,Subroza,,66047,9
nerdstgamers2,nerdstgamers2,,29556,9
quackitytoo,quackitytoo,,58961,4
miniminter,miniminter,,75608,138
Nadeshot,Nadeshot,,36103,9
Linkus7,Linkus7,,11191,107
QTCinderella,QTCinderella,,29362,107
AnnaCramling,AnnaCramling,,14593,107
Atrioc,Atrioc,,17290,107
BrookeAB,BrookeAB,,9960,29
RiceGum,RiceGum,,130678,0
Nihachu,Nihachu,,178227,4
WilburSoot,WilburSoot,,315792,4
JackManifoldTV,JackManifoldTV,,197501,4
watchcartoonnetwork4free,watchcartoonnetwork4free,,50905,4
DanTDM,DanTDM,,132693,4
Foolish__Gamers,Foolish__Gamers,,138989,4
JustaMinx,JustaMinx,,82697,4
Punz,Punz,,122396,4
dakotaz,dakotaz,,40941,29
yoojin,yoojin,,3366,29
Holo,Holo,,9698,9
Eret,Eret,,53793,4
Ottomated,Ottomated,,3436,29
ethos,ethos,,10886,9
ImRhinne,ImRhinne,,1965,66
SHADOWFRAX,SHADOWFRAX,,102951,8
Wolfabelle,Wolfabelle,,5075,29
Flexinja,Flexinja,,7433,9
edisonparklive,edisonparklive,,5184,29
AverageJonas,AverageJonas,,20036,9
Swales94,Swales94,,10716,8
Stanz,Stanz,,4913,107
SwaggerSouls,SwaggerSouls,,47333,4
just9n,just9n,,19013,9
camsoda,camsoda,,13923,8
Baddie,Baddie,,9674,8
HAchubby,HAchubby,,6997,11
punzlmao,punzlmao,,27390,4
hoshizora7,hoshizora7,,51053,8
yueko,yueko,,4547,29
eskay,eskay,,15557,8
Dairygold,Dairygold,,8029,8
Sivelle,Sivelle,,5641,9
Blaustoise,Blaustoise,,15148,11
IslandGrown,IslandGrown,,5534,107
ShubbleYT,ShubbleYT,,36347,4
Irenealing,Irenealing,,5498,29
Porgiee,Porgiee,,16205,8
sapnapalt,sapnapalt,,83664,4
Slushpuppy,Slushpuppy,,24842,8
Fundy,Fundy,,107572,4
kyedae_,kyedae_,,11772,9
AndyMilonakis,AndyMilonakis,,14133,11
xChaaai,xChaaai,,11242,8
OverpoweredOW,OverpoweredOW,,22627,8
lilypi2,lilypi2,,8265,29
deathwingua,deathwingua,,17706,8
GMHess,GMHess,,19234,107
rodsquare,rodsquare,,9196,32
cristianghost,cristianghost,,15876,32
PimpCSGO,PimpCSGO,,32004,13
oestagiario,oestagiario,,10282,1
bateson87,bateson87,,65114,138
JEFFAOCS,JEFFAOCS,,9181,1
XANTAREScN,XANTAREScN,,80245,143
KiXSTAR,KiXSTAR,,29283,27
Anomaly,Anomaly,,33597,13
Brawlhalla,Brawlhalla,,101338,53
gratis150ml,gratis150ml,,10548,1
tropa_lucca,tropa_lucca,,16481,1
Move_Mind,Move_Mind,,28332,13
landonorris,landonorris,,38263,13
nahzinhaa,nahzinhaa,,7100,1
rtparenacsgo,rtparenacsgo,,23245,13
CSRuHub,CSRuHub,,18279,13
Lobanjicaa,Lobanjicaa,,12722,13
BatalhaDaAldeia,BatalhaDaAldeia,,3107,67
S2_Missy,S2_Missy,,10135,1
VALORANT_Esports_EU,VALORANT_Esports_EU,,32612,9
pimpimenta,pimpimenta,,3358,1
TheDocil,TheDocil,,5128,1
duffyfps,duffyfps,,651,68
Anaisableal,Anaisableal,,8971,13
xandfps,xandfps,,2680,69
VelhoVamp1,VelhoVamp1,,1504,70
yulla,yulla,,2789,71
fnxLNTC,fnxLNTC,,3268,1
LaariVieeira,LaariVieeira,,4417,1
PUBG_BR,PUBG_BR,,1796,72
rangerlol1,rangerlol1,,8619,1
biroPJL,biroPJL,,2447,73
LeeboyJunior,LeeboyJunior,,5640,1
numeiro_,numeiro_,,27655,13
Frepz,Frepz,,5022,1
tinowns,tinowns,,14616,1
Salve,Salve,,5718,1
roboolol,roboolol,,8121,1
twitchrivals_pt,twitchrivals_pt,,3666,74
PatoPapao,PatoPapao,,6080,1
Cherrygumms,Cherrygumms,,3061,75
FittipaldiBrothers,FittipaldiBrothers,,11287,1
loud_voltan,loud_voltan,,10313,1
LexVeldhuis,LexVeldhuis,,22257,107
TEBtvRU,TEBtvRU,,21891,13
Smil0ve,Smil0ve,,2829,1
RazaH,RazaH,,11997,27
ArturuziTV,ArturuziTV,,2624,1
LiminhaPlay,LiminhaPlay,,21541,1
maioneseeff,maioneseeff,,3368,1
yeTz,yeTz,,3424,1
StolenBR,StolenBR,,7817,1
ayellol,ayellol,,2672,1
Nattank,Nattank,,6690,1
callesports,callesports,,2724,76
TonyKanaan,TonyKanaan,,1770,77
CRIOLO,CRIOLO,,1965,78
ATT_OficiaL,ATT_OficiaL,,6265,1
anaocsgo,anaocsgo,,10484,1
sacy,sacy,,6284,1
TwistzzTV,TwistzzTV,,4458,13
sksfps1,sksfps1,,1129,79
4LaNlol,4LaNlol,,1836,80
ookina,ookina,,12062,1
MandyLia,MandyLia,,3554,81
loirinpiveterp,loirinpiveterp,,9286,1
cellinrj,cellinrj,,6976,1
EdenEsports,EdenEsports,,14953,13
titanlol1,titanlol1,,5251,1
MLS,MLS,,13964,138
BunkerNerd,BunkerNerd,,2045,82
gamexpoficial,gamexpoficial,,2340,83
c9judite,c9judite,,2706,84
Formula1,Formula1,,9645,13
TEBtv3,TEBtv3,,11279,13
ClovaoBengala,ClovaoBengala,,5589,1
BigEx,BigEx,,32859,0
FaZeBlaze,FaZeBlaze,,84470,0
ImKaiCenat,ImKaiCenat,,26842,0
W2S,W2S,,75350,138
LosPollosTV,LosPollosTV,,41924,0
Duke,Duke,,14141,0
SnaggyMo,SnaggyMo,,5945,0
aircool,aircool,,81656,0
Adapt,Adapt,,33763,0
Silky,Silky,,36982,0
RetroReyna,RetroReyna,,4337,0
RollingLoud,RollingLoud,,20370,0
iziprimee,iziprimee,,9166,0
Akademiks,Akademiks,,9823,0
Annoying,Annoying,,27007,0
3MGLIVE,3MGLIVE,,2150,85
ShnaggyHose,ShnaggyHose,,5091,0
DrIgo,DrIgo,,13712,32
Reetlol,Reetlol,,31893,0
wavyjacob,wavyjacob,,20597,0
AussieAntics,AussieAntics,,58550,0
Co1azo,Co1azo,,55546,0
mrstiventc,mrstiventc,,135721,32
RobertoCein,RobertoCein,,41872,32
unicornio,unicornio,,9236,32
rezonfn,rezonfn,,25273,0
pizfn,pizfn,,37409,155
NateHill,NateHill,,40821,0
santidead,santidead,,17624,32
Alliege,Alliege,,40836,32
luquitarodriguez,luquitarodriguez,,10619,32
pgod,pgod,,87900,32
Milan926_,Milan926_,,35443,32
CH14,CH14,,29475,32
BarcaGamer,BarcaGamer,,44284,32
smqcked,smqcked,,27633,0
BniteZ,BniteZ,,4463,32
CarlosDLeon,CarlosDLeon,,25063,32
diegolahoz,diegolahoz,,7742,32
Wolfiez,Wolfiez,,4143,0
forg1,forg1,,4328,32
aquav2_,aquav2_,,6209,0
NikitonipongoTV,NikitonipongoTV,,23557,32
manurapaline,manurapaline,,4865,32
justicastro,justicastro,,8677,89
thedanirep,thedanirep,,38635,32
Vadeal,Vadeal,,35126,0
EnriqueRamosGamer,EnriqueRamosGamer,,15047,32
mitr0,mitr0,,19250,0
Pato,Pato,,14709,32
NeneCreative,NeneCreative,,5296,86
Navajas_Barbershop,Navajas_Barbershop,,9798,32
Forweark,Forweark,,1710,87
eldemente,eldemente,,24159,32
LITkillah,LITkillah,,8173,88
Tortita,Tortita,,4631,32
frantita7,frantita7,,9625,89
Ceice,Ceice,,1914,90
Rustyk,Rustyk,,6776,32
MateoZ,MateoZ,,15272,32
Arab,Arab,,10699,0
Vorwenn,Vorwenn,,4339,32
Carreraaa,Carreraaa,,12929,32
TaySon,TaySon,,22119,0
Empyriangaming,Empyriangaming,,5236,11
CuteDog_,CuteDog_,,10248,11
DatModz,DatModz,,10012,11
nugiyen,nugiyen,,1872,91
RaizQT,RaizQT,,8213,11
havoc616,havoc616,,1274,92
MurderCrumpet,MurderCrumpet,,9715,11
space,space,,8677,9
Five0AnthO,Five0AnthO,,6668,11
Kinamazing,Kinamazing,,6983,11
SteelBree,SteelBree,,6568,169
Replays,Replays,,13393,0
AusOpen,AusOpen,,6961,0
orangemorange,orangemorange,,19925,169
Heelmike,Heelmike,,17793,0
Rezo,Rezo,,17781,169
Xiuder_,Xiuder_,,41688,155
MoAuba,MoAuba,,15307,169
Pieface23,Pieface23,,82645,138
Forky,Forky,,38402,53
katoo,katoo,,13533,169
AyarBaffo,AyarBaffo,,18489,155
Chica,Chica,,40762,0
Chap,Chap,,8695,0
KamoLRF,KamoLRF,,2411,93
innocents,innocents,,6821,0
Harmii,Harmii,,8283,169
blake,blake,,3185,0
HeyStan,HeyStan,,5160,94
crrr,crrr,,2045,95
nicklink,nicklink,,1995,96
Xposed,Xposed,,45732,169
VonDice,VonDice,,33215,169
JoeWo,JoeWo,,60302,0
FORMAL,FORMAL,,17064,0
TheLateNightSlots,TheLateNightSlots,,15685,169
ClassyBeef,ClassyBeef,,13423,169
stevewillsendit,stevewillsendit,,22000,169
Aa9skillz,Aa9skillz,,46954,138
heybigmike,heybigmike,,15821,0
ZanoXVII,ZanoXVII,,223948,155
Daisy,Daisy,,9567,0
TwoSync,TwoSync,,20134,138
DiazBiffle,DiazBiffle,,34950,0
HarryHesketh,HarryHesketh,,24746,138
POW3Rtv,POW3Rtv,,84457,155
actingliketommy,actingliketommy,,3181,97
dereknlmb,dereknlmb,,5054,0
faxuty,faxuty,,2416,98
amustycow,amustycow,,23694,53
Skailereu,Skailereu,,6060,99
volx,volx,,2555,100
ZakvielChannel,ZakvielChannel,,17404,13
bratishkinoff,bratishkinoff,,21793,13
UFC,UFC,,5257,101
KendineMuzisyen,KendineMuzisyen,,188055,143
evaanna,evaanna,,12473,102
Crystalst,Crystalst,,7657,11
Insomniac,Insomniac,,15985,103
AdrianaChechik_,AdrianaChechik_,,14943,104
Agraelus,Agraelus,,43131,105
DarkViperAU,DarkViperAU,,32396,11
aleks,aleks,,6752,11
NiteNightKid,NiteNightKid,,11673,11
RTGameCrowd,RTGameCrowd,,20776,107
SilentSentry,SilentSentry,,12103,11
PietSmiet,PietSmiet,,71892,169
ONSCREEN,ONSCREEN,,21701,9
Staiy,Staiy,,28653,169
TrueGeordie,TrueGeordie,,25425,138
CzechCloud,CzechCloud,,26901,105
Kurumx,Kurumx,,8740,10
SummonersInnLive,SummonersInnLive,,56173,169
Sick_Nerd,Sick_Nerd,,19031,11
Snip3down,Snip3down,,21442,9
GarrettG,GarrettG,,16205,53
runthefutmarket,runthefutmarket,,36349,138
Deadlyslob,Deadlyslob,,16108,11
BobbyPoffGaming,BobbyPoffGaming,,16426,0
theneedledrop,theneedledrop,,11406,11
Biotoxz_,Biotoxz_,,7160,11
FCF,FCF,,37456,0
Kaellyn,Kaellyn,,17706,11
sashagrey,sashagrey,,11561,11
Limmy,Limmy,,7044,106
Afro,Afro,,7167,11
chocoTaco,chocoTaco,,21026,9
CallMeKevin,CallMeKevin,,27489,107
ItsLeslie,ItsLeslie,,7766,11
iskall85,iskall85,,33940,4
LuckyChamu,LuckyChamu,,18250,0
CrReaM,CrReaM,,5329,11
BikiniBodhi,BikiniBodhi,,22429,27
djrayraytaiwan,djrayraytaiwan,,7348,108
keanelol,keanelol,,16984,10
xoAeriel,xoAeriel,,15813,109
hexy,hexy,,6656,31
KYR_SP33DY,KYR_SP33DY,,36975,0
WillerZ,WillerZ,,21233,11
TrilluXe,TrilluXe,,25269,169
TheNicoleT,TheNicoleT,,18990,11
Crayator,Crayator,,14245,0
Anton,Anton,,13520,11
FENGRUSH,FENGRUSH,,11161,9
miamalkova,miamalkova,,12472,138
LinusTech,LinusTech,,5035,11
Diablo,Diablo,,6686,11
Preachlfw,Preachlfw,,6944,110
Fyzicul,Fyzicul,,4054,11
CDawgVA,CDawgVA,,7759,111
DisbeArex,DisbeArex,,2756,112
Twitch,Twitch,,4443,113
EvilShatner,EvilShatner,,5668,11
playapex,playapex,,20673,9
Hotted89,Hotted89,,6863,11
Giantwaffle,Giantwaffle,,6133,11
Javaaaa,Javaaaa,,3602,107
veibae,veibae,,4136,114
JERICHO,JERICHO,,3429,115
Nidas,Nidas,,2010,116
SodaKite,SodaKite,,3339,11
fl0m,fl0m,,9356,13
Kandyland,Kandyland,,8450,11
CDawg_VA,CDawg_VA,,9012,107
chess24,chess24,,14881,107
Jayce,Jayce,,10983,11
lilchiipmunk,lilchiipmunk,,5141,11
crokeyz,crokeyz,,9140,117
CashApp,CashApp,,21692,11
LAGTVMaximusBlack,LAGTVMaximusBlack,,1841,118
Spaceboy,Spaceboy,,4861,11
ConnorEatsPants,ConnorEatsPants,,12600,4
DizzyKitten,DizzyKitten,,6408,119
JustJamieHDG,JustJamieHDG,,2223,11
pelaajatcom,pelaajatcom,,15816,13
kross_fusionz,kross_fusionz,,4834,0
PotionShopTV,PotionShopTV,,9383,126
Transation,Transation,,4809,9
AaronOnAir,AaronOnAir,,2588,11
kite61,kite61,,3905,11
SquishyMuffinz,SquishyMuffinz,,14678,53
Nokokopuffs,Nokokopuffs,,17089,9
erobb221,erobb221,,5480,11
trihex,trihex,,2066,120
PrimeCayes,PrimeCayes,,2472,121
sennyk4,sennyk4,,960,122
robcdee,robcdee,,2782,123
souljaboy,souljaboy,,5366,0
Garek,Garek,,2840,11
ster,ster,,5402,11
Yuggie_TV,Yuggie_TV,,3274,11
Roxmiral,Roxmiral,,9491,11
cheese,cheese,,4002,11
RizenBR,RizenBR,,7847,9
Gingerliness,Gingerliness,,7762,11
Simply,Simply,,5040,11
alinaarose,alinaarose,,18761,0
TPAIN,TPAIN,,7012,11
Castlehead,Castlehead,,4061,11
SOZZLEPOPP,SOZZLEPOPP,,8848,124
nesua,nesua,,5969,11
jakenbakeLIVE,jakenbakeLIVE,,4466,125
Berry0314,Berry0314,,9660,11
FortyOne,FortyOne,,3548,11
Shrimp_,Shrimp_,,2398,11
MrRapolas,MrRapolas,,13034,126
laty1337,laty1337,,4587,127
AvaGG,AvaGG,,2577,128
resttpowered,resttpowered,,13285,105
Bronx,Bronx,,12696,31
OldSchoolRS,OldSchoolRS,,11760,129
Rillo,Rillo,,16730,0
VaushVidya,VaushVidya,,8355,11
AbdulHD,AbdulHD,,3468,130
JoblessGarrett,JoblessGarrett,,2949,11
HutchMF,HutchMF,,4557,11
zironicdk,zironicdk,,40240,27
xqcisoffline,xqcisoffline,,5447,11
Hedisaurus,Hedisaurus,,2914,11
lolpacifictw,lolpacifictw,,48050,132
sweetcampercs,sweetcampercs,,17394,132
guanweiboy,guanweiboy,,15482,132
mobilmobil,mobilmobil,,38610,132
wtf_winds123,wtf_winds123,,22067,132
bebelolz,bebelolz,,8315,132
shuteye_orange,shuteye_orange,,21295,132
relaxing234,relaxing234,,64550,132
zrush,zrush,,35962,132
lilballzlolz,lilballzlolz,,3804,131
et_1231,et_1231,,31732,132
PUBG_Taiwan,PUBG_Taiwan,,16008,132
xargon0731,xargon0731,,13239,132
NeVeR_LosEs,NeVeR_LosEs,,47706,132
sam1268,sam1268,,43078,132
bbbb87,bbbb87,,18381,132
yuniko0720,yuniko0720,,12353,132
gearbaby1010,gearbaby1010,,12797,132
butterflyouo,butterflyouo,,37002,132
qq7925168,qq7925168,,26291,132
godjj,godjj,,38719,132
uzra,uzra,,34641,132
wenlobong,wenlobong,,4731,132
wayne75525,wayne75525,,6010,132
TwitchTW,TwitchTW,,9014,132
muse_tw,muse_tw,,10992,132
linfufu,linfufu,,2957,133
lngliveofficial,lngliveofficial,,10890,132
takesipon,takesipon,,14043,132
roger9527,roger9527,,28543,132
beryl_lulu,beryl_lulu,,2937,134
a541021,a541021,,6104,132
z60411,z60411,,3241,132
dada_0124,dada_0124,,7606,132
failverde,failverde,,13352,132
pashaBiceps,pashaBiceps,,13873,13
YasserM55,YasserM55,,12058,137
iinwafqht,iinwafqht,,27267,137
drb7h,drb7h,,12330,135
RakanooLive,RakanooLive,,11415,136
Zeeyadx,Zeeyadx,,16563,137
Ahmed_show,Ahmed_show,,22635,138
DRAK0OLA,DRAK0OLA,,3028,137
SopFix,SopFix,,9893,137
AbuSwe7l,AbuSwe7l,,4497,137
ixxYjYxxi,ixxYjYxxi,,6726,139
iABS,iABS,,2369,140
RiotGamesRU,RiotGamesRU,,15209,10
amieloo,amieloo,,1701,141
BrowJey,BrowJey,,4849,13
MSStudio,MSStudio,,3429,13
Ohmwrecker,Ohmwrecker,,10607,142
Harstem,Harstem,,13253,10
Elraenn,Elraenn,,233522,143
Unboxholics,Unboxholics,,52144,169
GronkhTV,GronkhTV,,20512,169
Toqtir,Toqtir,,49324,143
wtcN,wtcN,,180807,143
jorbs,jorbs,,4686,144
LarianStudios,LarianStudios,,5249,145
Anthony_Kongphan,Anthony_Kongphan,,2847,146
Artosis,Artosis,,2906,147
Robbaz,Robbaz,,2544,148
GreenishMonkey,GreenishMonkey,,1140,149
OfficialTaco,OfficialTaco,,1492,150
MAAU,MAAU,,25356,32
natalan,natalan,,22975,32
GradyWhite_,GradyWhite_,,13262,32
PrimeLeague,PrimeLeague,,20485,169
RiotGamesTurkish,RiotGamesTurkish,,44371,143
Mynthos,Mynthos,,3349,53
Solaaaa,Solaaaa,,21804,169
Dekarldent,Dekarldent,,6824,169
Sintica,Sintica,,15099,169
Bonjwa,Bonjwa,,20745,169
einPapo,einPapo,,6460,151
freiraumreh,freiraumreh,,8822,169
BastiGHG,BastiGHG,,28120,169
Vlesk,Vlesk,,50432,169
realMoji,realMoji,,33826,169
Shurjoka,Shurjoka,,20209,169
DoktorFroid,DoktorFroid,,8654,169
LaraLoft,LaraLoft,,14927,169
TROPS4,TROPS4,,11092,169
Baso,Baso,,4058,169
Shlorox,Shlorox,,11825,169
AnniTheDuck,AnniTheDuck,,28968,169
Broeki1,Broeki1,,4049,169
Mahluna,Mahluna,,2436,152
LPGjustJohnny,LPGjustJohnny,,3500,169
CaptainSparklez,CaptainSparklez,,14569,4
julien,julien,,15868,153
GMBenjaminBok,GMBenjaminBok,,3440,107
Purpled,Purpled,,38847,4
GMBenjaminFinegold,GMBenjaminFinegold,,4813,107
Minion777,Minion777,,9845,4
skeppylive,skeppylive,,29513,4
Slimecicle,Slimecicle,,14947,4
VarsityGaming,VarsityGaming,,28021,27
illumina1337,illumina1337,,13962,4
akaScoots,akaScoots,,2604,107
mister903,mister903,,7416,154
ErenAktan,ErenAktan,,21728,143
Elwind,Elwind,,68108,143
russfpsz,russfpsz,,41001,143
LynxCerezLoL,LynxCerezLoL,,11239,143
Uthenera,Uthenera,,6541,143
aimdll__,aimdll__,,48492,143
FabulousN,FabulousN,,12463,143
armutlol,armutlol,,13067,143
pqueen,pqueen,,108628,143
pankylol,pankylol,,22019,143
Zade,Zade,,19237,143
UNLOSTV,UNLOSTV,,197667,143
JrokezFTW,JrokezFTW,,56630,143
RRaenee,RRaenee,,35233,143
PurpleBixi,PurpleBixi,,47068,143
Hype,Hype,,85211,143
berkriptepe,berkriptepe,,46733,143
LEGOO,LEGOO,,117168,143
Mithrain,Mithrain,,71367,143
Eray,Eray,,31325,143
valorant_esports_tr,valorant_esports_tr,,26480,143
VALORANT_Esports_TR,VALORANT_Esports_TR,,65094,143
Videoyun,Videoyun,,8755,143
LyonWGFLive,LyonWGFLive,,136351,155
Freneh,Freneh,,64153,155
DarioMocciaTwitch,DarioMocciaTwitch,,50199,155
Moonryde,Moonryde,,74359,155
Homyatol,Homyatol,,83668,155
grenbaud,grenbaud,,24502,155
ilMasseo,ilMasseo,,42546,155
Tumblurr,Tumblurr,,114783,155
TheRealMarzaa,TheRealMarzaa,,21013,155
gutitubo,gutitubo,,11935,156
raderaderader,raderaderader,,34768,156
CyberRulzTv,CyberRulzTv,,11566,143
imorr,imorr,,8790,143
CemBNGL,CemBNGL,,7661,143
PUBGTVTurkiye,PUBGTVTurkiye,,7426,143
Crystal_LoL,Crystal_LoL,,9229,143
Wineist,Wineist,,7727,143
porcays,porcays,,4745,157
EvrimShinka,EvrimShinka,,7471,143
ubeka_,ubeka_,,12244,143
Kerimhan,Kerimhan,,4291,143
AlpTV,AlpTV,,25237,143
Closer,Closer,,14205,143
RaufBaba25,RaufBaba25,,3958,143
IlyasYalcintas,IlyasYalcintas,,3278,158
cNed,cNed,,2849,143
rootthegamer,rootthegamer,,13158,143
Adal,Adal,,13337,143
w0xic,w0xic,,5531,143
GoodGame_League,GoodGame_League,,9901,13
Overpow,Overpow,,4776,10
Snax,Snax,,8181,13
LukiSteve,LukiSteve,,6506,10
Antfrost,Antfrost,,13172,4
realbenex,realbenex,,5213,4
LaniKindaScared,LaniKindaScared,,4564,4
ThisIsNotGeorgeNotFound,ThisIsNotGeorgeNotFound,,33141,4
DevinNash,DevinNash,,3986,159
sylveey,sylveey,,6749,4
BASETRADETV,BASETRADETV,,4590,4
SammyGreen,SammyGreen,,3166,4
amaRhana,amaRhana,,3781,4
AllanahVAFitzy,AllanahVAFitzy,,3174,4
Michaelmcchill,Michaelmcchill,,5343,4
CaittiacLive,CaittiacLive,,3221,4
PeteZahHutt,PeteZahHutt,,6901,0
BoomerNA,BoomerNA,,7768,4
DashDucks,DashDucks,,8497,4
EasilyyR6,EasilyyR6,,4544,27
LanuSky,LanuSky,,13525,4
HBomb94,HBomb94,,6562,4
CreepaCreech,CreepaCreech,,4777,4
comando,comando,,662,160
Jukeyz,Jukeyz,,8120,0
Tommey,Tommey,,20060,0
GD_booya,GD_booya,,39133,0
Testyment,Testyment,,4598,161
velox,velox,,35353,155
Repullze,Repullze,,17873,0
p90princess,p90princess,,1337,162
SuperEvan,SuperEvan,,1776,163
Lightsfire,Lightsfire,,2869,0
Crowder,Crowder,,5506,0
MrSoki,MrSoki,,18388,32
Destroy,Destroy,,15239,0
P4wnyhof,P4wnyhof,,3563,164
Blazt,Blazt,,1493,165
IceManIsaac,IceManIsaac,,9930,0
Winghaven,Winghaven,,6101,166
BraindeadBernie,BraindeadBernie,,2871,0
Maven,Maven,,6918,0
wuskindash,wuskindash,,4776,0
Merk,Merk,,2605,167
HITPOINTCZ,HITPOINTCZ,,4466,168
SPYGEA,SPYGEA,,71658,156
valorant_jpn,valorant_jpn,,29018,156
sutanmi,sutanmi,,16692,156
PG_Esports,PG_Esports,,16562,10
kato_junichi0817,kato_junichi0817,,151936,156
SnikWins,SnikWins,,18597,169
AsunaWEEB,AsunaWEEB,,8558,9
LLStylish,LLStylish,,2649,170
foodVW,foodVW,,8652,9
Tactical,Tactical,,2712,171
PokemonChallenges,PokemonChallenges,,7924,172
Opat04,Opat04,,25134,105
alfrea,alfrea,,4413,156
KarasMai,KarasMai,,6945,10
Gosu,Gosu,,7010,10
Froggen,Froggen,,2913,173
Trick2g,Trick2g,,2479,174
SkyshockTV,SkyshockTV,,9240,32
AColdOne,AColdOne,,8241,175
TurboTax,TurboTax,,3507,176
RiotGamesJP,RiotGamesJP,,25562,156
Gumayusi,Gumayusi,,2820,177
drututt,drututt,,2430,178
GeneralSniperNA,GeneralSniperNA,,1897,179
LPMassive,LPMassive,,14202,169
stormen,stormen,,7691,9
Selly55,Selly55,,10359,156
claraatwork,claraatwork,,2839,9
Mande,Mande,,6232,9
Brother_Enoch,Brother_Enoch,,4050,9
iZeroplus,iZeroplus,,5076,9
Gnaske_Lone,Gnaske_Lone,,3214,9
sabz_bear,sabz_bear,,2845,9
Gentrifyinq,Gentrifyinq,,3321,9
raquelly_,raquelly_,,3781,9
shivfps,shivfps,,9858,9
Taishxxn,Taishxxn,,4054,9
Apryze,Apryze,,2637,9
TSM_Viss,TSM_Viss,,4723,9
Thekine,Thekine,,2762,9
hakisxd,hakisxd,,2539,9
zachmazer,zachmazer,,4747,9
xLegendaryDollx,xLegendaryDollx,,2469,9
Cau7ioN,Cau7ioN,,3441,9
preslyy,preslyy,,3223,9
MrLlamaSC,MrLlamaSC,,3805,180
csgomc_ru3,csgomc_ru3,,6679,13
Zerkaa,Zerkaa,,20025,138
keife_,keife_,,12171,0
ofmanny,ofmanny,,17204,138
ItsHighsky,ItsHighsky,,1006,181
cented,cented,,1451,182
OwlFN,OwlFN,,1335,183
MillyVT,MillyVT,,4391,0
saleenerz,saleenerz,,7831,0
TSM_ZexRow,TSM_ZexRow,,1797,184
TinaDames,TinaDames,,5382,0
NickDaBooM,NickDaBooM,,2375,185
martuboden,martuboden,,1800,186
AyluLo,AyluLo,,1911,187
DarkozTV,DarkozTV,,1733,188
WorldofWarships,WorldofWarships,,16108,189
Helrig,Helrig,,3616,190
tranth,tranth,,4168,15
micacoppola_,micacoppola_,,3879,191
lautygram_,lautygram_,,4031,192
Hajime,Hajime,,6349,30
Zentreya,Zentreya,,3274,30
esstree,esstree,,6531,15
Rainbow6KR,Rainbow6KR,,5210,15
cherrypach,cherrypach,,5483,15
kumikomii,kumikomii,,2794,193
9ambler,9ambler,,7466,15
nubulswamp,nubulswamp,,3134,15
jungryeok,jungryeok,,5651,15
silphtv,silphtv,,5557,15
NeutrooYT,NeutrooYT,,11292,32
facudiazt,facudiazt,,4670,32
Criticas_QLS,Criticas_QLS,,9804,194
Nephtunie,Nephtunie,,3330,32
StripMarvelTV,StripMarvelTV,,5222,195
RealMadrid,RealMadrid,,5525,32
twitchrivals_es,twitchrivals_es,,8511,32
AGBIN3R,AGBIN3R,,5423,32
aldobartra,aldobartra,,4941,196
NolleyRCC,NolleyRCC,,3603,32
jorgegoorgo,jorgegoorgo,,4615,32
Putupau,Putupau,,7431,32
RevolAimar,RevolAimar,,3751,197
robertpg,robertpg,,12108,32
ElChiringuitoDeJugonesHD,ElChiringuitoDeJugonesHD,,4420,32
VioletaG,VioletaG,,2307,198
ElChiringuitoTV,ElChiringuitoTV,,5277,32
LRojo_,LRojo_,,5498,9
MrKeroro10,MrKeroro10,,3987,199
karchez,karchez,,13667,32
elchiringuitodejugones_tv,elchiringuitodejugones_tv,,8558,32
YOLOAVENTURAS,YOLOAVENTURAS,,39761,200
aXoZer,aXoZer,,29282,32
DessT3,DessT3,,7470,32
Rapturrs,Rapturrs,,3847,32
D3stri,D3stri,,9041,32
DesertHeartsRecords,DesertHeartsRecords,,7003,201
zwebackhd,zwebackhd,,14120,138
ChristianVieriOfficial,ChristianVieriOfficial,,59047,155
dhtekkz,dhtekkz,,10242,138
DiogoJotaEsports,DiogoJotaEsports,,4173,138
Nick28T,Nick28T,,17696,138
England,England,,3334,202
ut7_danipitbull98,ut7_danipitbull98,,8362,155
FeelFIFAandGamingTV,FeelFIFAandGamingTV,,8290,169
MattHDGamer,MattHDGamer,,4878,138
CripsyTV,CripsyTV,,2796,138
des0ut,des0ut,,10629,13
JojoHF,JojoHF,,17876,13
m0NESYoF,m0NESYoF,,9474,13
Fruktozka,Fruktozka,,7577,13
by_Owl,by_Owl,,4632,13
b1tcs,b1tcs,,10027,13
GAECHKATM,GAECHKATM,,6684,13
TrymacsKaktusKoenig,TrymacsKaktusKoenig,,6395,169
Van_Hinten88,Van_Hinten88,,1817,203
Daannyy,Daannyy,,5511,169
PANDEKK,PANDEKK,,5516,169
NiklasWilson,NiklasWilson,,7699,169
DexwearHD,DexwearHD,,2619,169
RaveCards,RaveCards,,5533,169
DerKellerYT,DerKellerYT,,7486,169
iNoiizY,iNoiizY,,2729,169
TANZVERBOT,TANZVERBOT,,3760,169
sido,sido,,4580,169
DavidHenrichs,DavidHenrichs,,7180,169
bvb_official,bvb_official,,5535,169
DoktorHuse,DoktorHuse,,2176,169
Moondye7,Moondye7,,5149,204
gebauermarc,gebauermarc,,4815,169
TheZeroOfTime,TheZeroOfTime,,2895,169
real_MAESTRO,real_MAESTRO,,2032,205
flowergam0326,flowergam0326,,2261,206
e_saem,e_saem,,2122,207
FPSThailand,FPSThailand,,75769,235
WeAreTheVR,WeAreTheVR,,25778,208
MercR6,MercR6,,20996,27
NotDyce_,NotDyce_,,5314,9
Flights1,Flights1,,10208,9
BayouMonsta,BayouMonsta,,2371,11
Socksfor1,Socksfor1,,21075,4
Valorant_Esports_NA,Valorant_Esports_NA,,4772,9
PPGL_VCTPH,PPGL_VCTPH,,4207,209
Keeoh,Keeoh,,5438,9
foreverxcvi,foreverxcvi,,3093,9
ShahZaM,ShahZaM,,5042,9
dapr,dapr,,4522,9
Technoblood_eSports,Technoblood_eSports,,10121,156
kehmicais,kehmicais,,3263,9
Xyclopz,Xyclopz,,3504,13
PWRDEsports2,PWRDEsports2,,1891,210
TEBtvDOTA,TEBtvDOTA,,2068,211
m00sician,m00sician,,5397,169
capcomfighters_jp,capcomfighters_jp,,1818,212
RTAinJapan,RTAinJapan,,12900,156
markoLASSO,markoLASSO,,5384,213
brothers_baseball,brothers_baseball,,7047,214
ggbb528,ggbb528,,1702,215
limipiano,limipiano,,2164,216
wang35971104,wang35971104,,4257,217
zoe_0601,zoe_0601,,3405,218
yulihong22,yulihong22,,2737,219
Pimentinharp,Pimentinharp,,2311,220
CarolAzuos,CarolAzuos,,6186,1
diegosalvadori,diegosalvadori,,2662,1
SanderJoga,SanderJoga,,6765,1
Http_Rafahg,Http_Rafahg,,5403,1
GliAutogol,GliAutogol,,4894,221
Cerbero_Podcast,Cerbero_Podcast,,21785,155
Yotobi,Yotobi,,12804,155
MatteoHS,MatteoHS,,4359,222
AdrianFartade,AdrianFartade,,19070,155
Cydonia_Chiara,Cydonia_Chiara,,18513,155
Everyeyeit,Everyeyeit,,5231,155
MikeShowSha,MikeShowSha,,4905,223
Enkk,Enkk,,4873,155
NanniTwitch,NanniTwitch,,3886,155
Ivan_Grieco,Ivan_Grieco,,9147,155
Delux,Delux,,3610,155
hmattTV,hmattTV,,18268,155
panetty,panetty,,5579,155
tvcrank,tvcrank,,6594,15
noizemasta,noizemasta,,2120,224
sunbaking,sunbaking,,15793,225
ma_mwa,ma_mwa,,1880,226
sea_vtuber,sea_vtuber,,4416,227
nannanacho,nannanacho,,3926,228
kanetv8,kanetv8,,3264,229
playhearthstonekr,playhearthstonekr,,3481,230
TheRunningManZ,TheRunningManZ,,4193,11
Beardageddon,Beardageddon,,11307,231
EAMaddenNFL,EAMaddenNFL,,21146,233
ImMarksman,ImMarksman,,5200,232
Karma,Karma,,4645,0
DubDot,DubDot,,7166,233
juanbo__,juanbo__,,4772,0
orkpod,orkpod,,5784,234
topdog_ru,topdog_ru,,27351,13
iLame,iLame,,5516,13
CyberFocus,CyberFocus,,4583,13
Hitchariide,Hitchariide,,4138,0
IFrostBolt,IFrostBolt,,9376,9
dmf_kyochan,dmf_kyochan,,29010,156
RebirthzTV,RebirthzTV,,15303,235
dasoku_aniki,dasoku_aniki,,27197,156
mokouliszt1,mokouliszt1,,46440,156
boyMinORu,boyMinORu,,29130,235
mang0,mang0,,2546,236
joystickr6,joystickr6,,6936,27
AcezProduction,AcezProduction,,11543,27
spiritzr6s,spiritzr6s,,9082,27
lethamyr_rl,lethamyr_rl,,6439,53
Athieno,Athieno,,5018,27
sxlted,sxlted,,930,237
ItsJSTN,ItsJSTN,,7216,53
TGLTN,TGLTN,,2992,238
TheRocketRB,TheRocketRB,,12001,53
sukiyuki3,sukiyuki3,,6185,239
yo_boy_roy,yo_boy_roy,,11124,27
PUBGJAPAN,PUBGJAPAN,,8595,156
LightFuryLF,LightFuryLF,,7661,235
ShawkR6,ShawkR6,,8713,27
Jasper7se,Jasper7se,,8345,156
CollegeCarball,CollegeCarball,,14767,53
WCBC_RL,WCBC_RL,,12271,53
NarcolepticNugget,NarcolepticNugget,,13514,27
sasatikk,sasatikk,,8067,156
duckmanzch,duckmanzch,,11716,235
itsSpoit,itsSpoit,,10088,27
JessGOAT,JessGOAT,,33229,27
GirlGamerChas,GirlGamerChas,,2496,0
KAYN,KAYN,,3414,0
Mobuckets,Mobuckets,,2525,240
TheHiryu,TheHiryu,,2035,241
emin190766,emin190766,,8900,242
99Damage,99Damage,,7889,13
sChruppi,sChruppi,,1295,243
SparkofPhoenixTV,SparkofPhoenixTV,,4626,169
Gnu_Live,Gnu_Live,,3409,244
TORRO,TORRO,,5682,169
metashi12,metashi12,,3977,245
mailand,mailand,,9826,246
Zander,Zander,,5730,27
minimichegga,minimichegga,,3173,247
iCrimax,iCrimax,,2016,248
BossioYT,BossioYT,,1809,249
footballbromancetv,footballbromancetv,,6423,250
PIPE_CREW,PIPE_CREW,,2141,251
tabseN_cs,tabseN_cs,,1590,252
alelu,alelu,,9677,156
Genburten,Genburten,,2323,253
MaTaFe_,MaTaFe_,,2636,254
ImMadness,ImMadness,,2143,255
Dezignful,Dezignful,,1283,256
TBJZL,TBJZL,,1693,257
StarCraft,StarCraft,,4659,10
Wardiii,Wardiii,,2488,258
ESL_SC2b,ESL_SC2b,,6146,10
Snedger,Snedger,,6460,27
Fultz,Fultz,,2373,259
FastAnne,FastAnne,,3824,27
RyyFyy,RyyFyy,,4604,27
loud_kroonos,loud_kroonos,,1334,260
TheBlackHokage,TheBlackHokage,,4621,261
oniyadayo,oniyadayo,,13739,156
MahyarS,MahyarS,,2753,262
PLKDAMIAN,PLKDAMIAN,,5681,263
batora324,batora324,,3425,264
syaruru3,syaruru3,,1873,265
yamatonjp,yamatonjp,,1391,266
moth_ow,moth_ow,,2239,267
jake_ow,jake_ow,,2732,268
GernaderJake,GernaderJake,,8873,9
Ekuegan,Ekuegan,,2127,269
Dissrust,Dissrust,,1594,270
kevinjordan,kevinjordan,,4037,8
Valley_Games,Valley_Games,,5616,8
thaqil,thaqil,,1919,271
JHartShow,JHartShow,,7959,272
JadeyAnh,JadeyAnh,,1967,273
Zfg1,Zfg1,,3444,274
producerivanov,producerivanov,,5722,275
craftlyartesania,craftlyartesania,,861,276
AlessiaSanteramo,AlessiaSanteramo,,2030,277
Road2GM3000,Road2GM3000,,1610,278
Zwave69,Zwave69,,1000,279
Micode,Micode,,2105,280
AZRA,AZRA,,5615,281
Heitir,Heitir,,3697,282
qSnake,qSnake,,2162,283
SubParButInHD,SubParButInHD,,1621,284
TeamBeyondnet,TeamBeyondnet,,862,285
JavierMtz,JavierMtz,,1241,286
akim,akim,,2018,287
aldo_geo,aldo_geo,,1670,288
rociodta,rociodta,,1956,289
komanche,komanche,,1482,290
Umbra,Umbra,,4668,291
JeremyFrieser,JeremyFrieser,,12610,292
EnzoKnol,EnzoKnol,,27152,292
Duncan,Duncan,,6994,292
LinkTijger,LinkTijger,,4088,293
DannyGoonzalez,DannyGoonzalez,,2899,294
chapotraphouse,chapotraphouse,,2782,295
sokacito,sokacito,,1655,296
bekzzo,bekzzo,,1550,297
KindaFunnyGames,KindaFunnyGames,,4613,298
t1esports,t1esports,,1940,299
Xisuma,Xisuma,,8570,4
thaylhama,thaylhama,,1952,300
metaview,metaview,,1182,301
nba_topshot,nba_topshot,,5437,302
WowChakra,WowChakra,,2650,303
hamzahthefantastic,hamzahthefantastic,,1830,304
bigballerclaire,bigballerclaire,,2873,305
fobm4ster,fobm4ster,,2588,29
ZealsAmbitions,ZealsAmbitions,,2523,306
DemoneKim,DemoneKim,,2326,307
enotishka18,enotishka18,,5513,308
Lily_Off_Valley,Lily_Off_Valley,,6742,309
beznickos,beznickos,,1740,310
Efesto96,Efesto96,,3016,155
GoodTimesWithScar,GoodTimesWithScar,,5214,311
iWe11y,iWe11y,,6701,138
msdossary7,msdossary7,,3567,312
abu_abeer16,abu_abeer16,,5886,138
LLE_97,LLE_97,,4199,313
FPSThailand2,FPSThailand2,,8628,235
Educated_Collins,Educated_Collins,,1837,314
sleepground,sleepground,,6894,315
rulrudino,rulrudino,,2872,316
Esen_Kun,Esen_Kun,,1103,317
SoyPan,SoyPan,,2298,318
ElMariana,ElMariana,,1536,319
Kestico,Kestico,,5119,320
Sub2DBG,Sub2DBG,,4678,321
nba2k,nba2k,,5750,322
MMG69,MMG69,,3595,323
bebe872,bebe872,,2120,324
HGmony,HGmony,,1313,325
clarityG,clarityG,,961,326
ChessKid,ChessKid,,868,327
ImWaspy,ImWaspy,,1027,328
meyersleonard,meyersleonard,,1226,329
k4yfour,k4yfour,,2121,330
TheDeluxe4,TheDeluxe4,,2027,331
Bethesda,Bethesda,,8102,332
xMellowbagx,xMellowbagx,,1551,333
Spraggy,Spraggy,,6229,107
chess24GM,chess24GM,,1458,334
GMAshley,GMAshley,,649,335
gurkalicious,gurkalicious,,2437,11
BULLSEYE,BULLSEYE,,4154,336
PUBGEsportsMap,PUBGEsportsMap,,2102,337
vaxei_osu,vaxei_osu,,2353,338
heyimbee,heyimbee,,2089,339
aDrive,aDrive,,8443,340
YDCB,YDCB,,3962,341
MrTLexify,MrTLexify,,4542,342
iamSometimes,iamSometimes,,3774,343
rainblue37,rainblue37,,2672,344
mimiluckying,mimiluckying,,1091,345
MartinJensenTV,MartinJensenTV,,4203,346
Tragix7,Tragix7,,766,347
CRIIIZUX,CRIIIZUX,,1014,348
Weak3n,Weak3n,,4292,349
CollegeCoD,CollegeCoD,,1297,350
Toniki,Toniki,,4559,351
LiilQueen,LiilQueen,,2976,352
FlexVega,FlexVega,,6008,353
Adekvat,Adekvat,,1255,354
tarczynski_studio_live,tarczynski_studio_live,,915,355
KikoRivera,KikoRivera,,2332,356
Shibuya_Kaho,Shibuya_Kaho,,3069,357
apestylespoker,apestylespoker,,1945,358
BrOwnii3z,BrOwnii3z,,2374,359
WorldofTanks,WorldofTanks,,10321,360
elirymagee,elirymagee,,2525,361
sotrackboa,sotrackboa,,560,362
erickthearchitect,erickthearchitect,,661,363
JogueComoUmOgro,JogueComoUmOgro,,884,364
snlive1,snlive1,,2016,365
PhotoChess,PhotoChess,,254,366
StatmanDave,StatmanDave,,556,367
GMNeiksans,GMNeiksans,,509,368
TheRelixChannel,TheRelixChannel,,10629,369
djzegon,djzegon,,639,370
B1ackSai1s,B1ackSai1s,,3425,371
CovertGG,CovertGG,,585,372
ChrisslyBaer,ChrisslyBaer,,1966,373
Abracadabra,Abracadabra,,839,374
letschesslive,letschesslive,,136,375
fourcolorzack,fourcolorzack,,2158,376
ASOT,ASOT,,544,377
KarimCheese,KarimCheese,,2023,378
ArtemizPlayz,ArtemizPlayz,,1699,379
SoundCloud,SoundCloud,,1357,380
EEGenVivo2021,EEGenVivo2021,,7057,381
AiShowoo,AiShowoo,,7854,382
SoccerCooligans,SoccerCooligans,,156,383
jimmyconrad,jimmyconrad,,544,384
MagnumofSpades,MagnumofSpades,,659,385
defectedrecords,defectedrecords,,1331,386
TWDUniverse,TWDUniverse,,428,387
BeatportOfficial,BeatportOfficial,,2687,388
ChessHeroes,ChessHeroes,,194,389
NBL,NBL,,1585,390
kett,kett,,244,391
laribasgal,laribasgal,,248,392
Paccman630,Paccman630,,465,393
kenin,kenin,,150,394
Xhiet0,Xhiet0,,1072,395
EatItPal_,EatItPal_,,272,396
TROPKILLAZ,TROPKILLAZ,,503,397
GatoLuxo93,GatoLuxo93,,121,398
SenseiCJ,SenseiCJ,,2117,399
Teteia,Teteia,,386,400
elon_musk5706,elon_musk5706,,129,401
iJorgeGallardo,iJorgeGallardo,,381,402
sakuramiko_hololive,sakuramiko_hololive,,3383,403
nifrido,nifrido,,254,404
Jennasaisquoi,Jennasaisquoi,,400,405
Onty,Onty,,228,406
mxnxhxo,mxnxhxo,,2781,407
NBA_TopShot,NBA_TopShot,,278,408
GODAO,GODAO,,139,409
freyzplayz,freyzplayz,,1017,410
Rolienn,Rolienn,,1902,411
Zombaekillz,Zombaekillz,,956,412
EuRossi,EuRossi,,95,413
elon_musk8097,elon_musk8097,,88,414
JeffHoogland,JeffHoogland,,1255,415
Morf_,Morf_,,1035,416
fgg_lllll,fgg_lllll,,1255,417
AIMLUL,AIMLUL,,798,418
diegoplay10s,diegoplay10s,,2206,419
team_spiritzero,team_spiritzero,,1542,420
codergirlchan,codergirlchan,,247,421
DhinoFF,DhinoFF,,141,422
Hugolink,Hugolink,,304,423
Orb,Orb,,180,424
JoeBruin,JoeBruin,,245,425
xaniya,xaniya,,596,426
1988Drakel,1988Drakel,,285,427
clintonsparks,clintonsparks,,264,428
Deebeegeek,Deebeegeek,,5012,429
denizonlive,denizonlive,,914,430
RubberNinja,RubberNinja,,2815,431
3sTeeFX,3sTeeFX,,113,432
OPSEsports,OPSEsports,,166,433
JulinhoRockman,JulinhoRockman,,337,434
Oliveira,Oliveira,,176,435
burberry,burberry,,276,436
LiipinhO,LiipinhO,,4064,437
polomarko269,polomarko269,,51,438
Scarzig,Scarzig,,663,439
TomahawkTV,TomahawkTV,,286,440
CarolDittrich,CarolDittrich,,178,441
UhMaayyze,UhMaayyze,,921,442
MutheadTV,MutheadTV,,701,443
fourplayerchess,fourplayerchess,,58,444
tioramon,tioramon,,96,445
IainStirling,IainStirling,,968,446
RaulZitoYT,RaulZitoYT,,1125,447
devcom_conf,devcom_conf,,258,448
Valkia,Valkia,,421,449
Peju1202,Peju1202,,473,450
BielBattleground,BielBattleground,,144,451
SPACEYACHT,SPACEYACHT,,606,452
za3apz,za3apz,,97,453
abokyan,abokyan,,1928,454
samar11458,samar11458,,134,455
hjkd888,hjkd888,,14,456
Igromania,Igromania,,299,457
PushPlayTheDJ,PushPlayTheDJ,,92,458
Sarpin_,Sarpin_,,227,459
epicgames,epicgames,,6017,460
ProtonJon,ProtonJon,,5322,461
JapaneseTutor,JapaneseTutor,,95,462
RockyMountainPro,RockyMountainPro,,179,463
Mrhappy1227,Mrhappy1227,,2827,464
verizon,verizon,,344,465
direxgang,direxgang,,6,466
dojacattington,dojacattington,,4932,467
ddbrandonn,ddbrandonn,,18,468
KoolySmiley,KoolySmiley,,785,469
Ky1eDriver,Ky1eDriver,,171,470
BOBLEGOB,BOBLEGOB,,1617,471
chessqueen,chessqueen,,507,472
KittenCatNoodle,KittenCatNoodle,,339,473
Serato,Serato,,344,474
noctAQ,noctAQ,,931,475
LittleLegsTV,LittleLegsTV,,582,476
BrownGirlGamerCode,BrownGirlGamerCode,,271,477
dfghfnhfghdfg,dfghfnhfghdfg,,74,478
Kiaraakitty,Kiaraakitty,,1797,479
DrewGulak,DrewGulak,,423,480
strye56y43,strye56y43,,59,481
AngelikaChessborn,AngelikaChessborn,,498,482
GohaMedia,GohaMedia,,483,483
zdarovabili,zdarovabili,,82,484
AmazonMusic,AmazonMusic,,88,485
MissDoitBIG,MissDoitBIG,,143,486
EbonixSims,EbonixSims,,2110,487
noondbossh,noondbossh,,305,488
sicko1,sicko1,,138,489
redzerhd50,redzerhd50,,170,490
elon_musk1298,elon_musk1298,,96,491
mssociety,mssociety,,354,492
koratv7,koratv7,,37,493
OuestFrance,OuestFrance,,87,494
sonnzera,sonnzera,,74,495
UMGGaming,UMGGaming,,7243,496
elon_musk6771,elon_musk6771,,81,497
FredMascarenhas,FredMascarenhas,,146,498
borja_zazo,borja_zazo,,540,499
ZEROE_Twitch,ZEROE_Twitch,,11,500
EFFYLives,EFFYLives,,159,501
nnkknn1234,nnkknn1234,,1815,502
jojeno4867,jojeno4867,,25,503
servtw3,servtw3,,49,504
Kxngviii,Kxngviii,,198,505
drtghbdeh,drtghbdeh,,24,506
hj343f,hj343f,,66,507
wazzuupphoumie,wazzuupphoumie,,49,508
Vans,Vans,,23,509
elon_musk7721,elon_musk7721,,83,510
InvictaGG,InvictaGG,,265,511
elsewhere,elsewhere,,385,512
PocketGamerLive,PocketGamerLive,,94,513
peachesChill,peachesChill,,112,514
matthewkheafy,matthewkheafy,,2987,515
sertw45u24,sertw45u24,,58,516
ChocolateKieran,ChocolateKieran,,71,517
ThisIsBadger,ThisIsBadger,,311,518
h24hsdf,h24hsdf,,28,519
animatedm23546475,animatedm23546475,,40,520
MIROtwch,MIROtwch,,299,521
FOMYNHA,FOMYNHA,,205,522
RebolaGamer,RebolaGamer,,259,523
SaucyMailman,SaucyMailman,,132,524
DoorDash,DoorDash,,38,525
travisgafford,travisgafford,,950,526
NanaK,NanaK,,268,527
FCBarcelona,FCBarcelona,,131,528
sindicsgo,sindicsgo,,144,529
TwitchSports,TwitchSports,,57,530
MissJuneDJ,MissJuneDJ,,287,531
pkhdx,pkhdx,,1520,532
PimentaRosa,PimentaRosa,,1109,533
bradyzlol,bradyzlol,,229,534
FIFAeWorldCup,FIFAeWorldCup,,848,535
AlcastHQ,AlcastHQ,,1419,536
santumaratea,santumaratea,,1575,537
SpawnOnMe,SpawnOnMe,,252,538
JasonCharlesMiller,JasonCharlesMiller,,209,539
HeyAfroTV,HeyAfroTV,,396,540
CircuitoTormenta,CircuitoTormenta,,305,541
GeniusMusic,GeniusMusic,,234,542
Bladecito,Bladecito,,893,543
UniligaGG,UniligaGG,,253,544
ThaTranscender,ThaTranscender,,6,545
CompletedItMate,CompletedItMate,,3453,546
cbssportshq,cbssportshq,,108,547
elon_musk3044,elon_musk3044,,91,548
elon_musk0053,elon_musk0053,,108,549
TGC_EN,TGC_EN,,283,550
chessnerdbird,chessnerdbird,,56,551
OMofficial,OMofficial,,1032,552
ghjk35h34,ghjk35h34,,68,553
ChessDojoLive,ChessDojoLive,,658,554
Coreano0Tv,Coreano0Tv,,429,555
JustinMartinMusic,JustinMartinMusic,,490,556
moveforwardmusic,moveforwardmusic,,969,557
elon_musk8463,elon_musk8463,,123,558
elon_musk0041,elon_musk0041,,142,559
chess24de,chess24de,,1436,560
iro43oeifnbjg,iro43oeifnbjg,,1237,561
adsdaius,adsdaius,,58,562
BlackStreamLive,BlackStreamLive,,481,563
Jashlem,Jashlem,,7709,564
ClubHouse_Global,ClubHouse_Global,,3709,565
Lifeofrio,Lifeofrio,,438,566
elon_musk1817,elon_musk1817,,176,567
koshkamoroshka,koshkamoroshka,,1156,568
BlaqMario,BlaqMario,,1188,569
uiupp,uiupp,,56,570
ziizoa,ziizoa,,101,571
ghjn56u,ghjn56u,,24,572
Winamax,Winamax,,1471,573
Asuzara,Asuzara,,589,574
drtbyi6767,drtbyi6767,,24,575
OfficialMikeShinoda,OfficialMikeShinoda,,1234,576
nadehhh62,nadehhh62,,21,577
elonmusk2812,elonmusk2812,,83,578
HyperRPG,HyperRPG,,150,579
geo8721,geo8721,,1424,580
aranhawaii,aranhawaii,,160,581
elon_musk1572,elon_musk1572,,165,582
HermanLi,HermanLi,,3321,583
Valve,Valve,,245,584
CriticalBard,CriticalBard,,477,585
PulseEffects,PulseEffects,,586,586
scugg3324,scugg3324,,50,587
redzerhd44,redzerhd44,,473,588
elon_musk3167,elon_musk3167,,85,589
Gorillaphent,Gorillaphent,,431,590
Corvua,Corvua,,667,591
ftyimmo,ftyimmo,,11,592
HeavyMetalMachines,HeavyMetalMachines,,192,593
JosiGamerOficial,JosiGamerOficial,,161,594
Krissi,Krissi,,988,595
IMPACTWrestling,IMPACTWrestling,,8104,596
Lutti,Lutti,,1076,597
Naycir,Naycir,,204,598
redzerhd45,redzerhd45,,254,599
browniesandlemonade,browniesandlemonade,,1063,600
academywebinars,academywebinars,,620,601
AlexisAyeee,AlexisAyeee,,592,602
cxmmunityco,cxmmunityco,,723,603
elon_musk0599,elon_musk0599,,116,604
RELYK,RELYK,,571,605
OKAYDRIAN,OKAYDRIAN,,283,606
asmhan20201,asmhan20201,,95,607
victormame,victormame,,165,608
CodigoFalado,CodigoFalado,,215,609
asgooooo2020,asgooooo2020,,45,610
twoxonex,twoxonex,,465,611
gigmit,gigmit,,170,612
Malevolgi4,Malevolgi4,,385,613
squareenix,squareenix,,1774,614
queensgg,queensgg,,345,615
djsianofficial,djsianofficial,,1078,616
Cupahnoodle,Cupahnoodle,,1154,617
elon_musk9842,elon_musk9842,,105,618
Edberg,Edberg,,1035,619
AmazonMusicUK,AmazonMusicUK,,161,620
SamCopeland,SamCopeland,,260,621
Hugaoo,Hugaoo,,391,622
Complex,Complex,,1101,623
AboAbdullah,AboAbdullah,,402,624
MoCbka34,MoCbka34,,4757,625
MaxTheCatfish,MaxTheCatfish,,200,626
IntelligameUs,IntelligameUs,,727,627
Mellooow_,Mellooow_,,918,628
yjk355y3,yjk355y3,,8,629
superleague,superleague,,631,630
Quantum,Quantum,,1197,631
mondntv,mondntv,,14,632
elon_musk2522,elon_musk2522,,101,633
brittleknee,brittleknee,,549,634
BTSNewsBR,BTSNewsBR,,3989,635
EGORCH1K,EGORCH1K,,122,636
OuterHeaven,OuterHeaven,,1994,637
Heav3nParty,Heav3nParty,,1164,638
rahmah22,rahmah22,,68,639
gulbolibre,gulbolibre,,1625,640
elon_musk7770,elon_musk7770,,86,641
ChessCoachNET,ChessCoachNET,,95,642
elon_musk1311,elon_musk1311,,81,643
1walktmp,1walktmp,,50,644
dj_t30f3t4,dj_t30f3t4,,644,645
CounterLogicGaming,CounterLogicGaming,,534,646
jonny,jonny,,204,647
pigzadaxd,pigzadaxd,,475,648
ScuolaZoo,ScuolaZoo,,1046,649
mhk32235d,mhk32235d,,221,650
rubberdeokies,rubberdeokies,,3420,651
foxsaadoun2,foxsaadoun2,,62,652
weareFAED,weareFAED,,216,653
GeneralAndrews,GeneralAndrews,,207,654
ivanontech,ivanontech,,493,655
PikaChulita,PikaChulita,,705,656
Jogabilidade,Jogabilidade,,203,657
yugybunyg,yugybunyg,,60,658
pablolunamorilla,pablolunamorilla,,546,659
Grizzy,Grizzy,,2052,660
elon_musk7254,elon_musk7254,,189,661
ramy4458974,ramy4458974,,48,662
gery55yy0200,gery55yy0200,,32,663
awgerr2,awgerr2,,10,664
baauer,baauer,,701,665
telecomegypt,telecomegypt,,4779,666
elon_musk3855,elon_musk3855,,87,667
nad88862,nad88862,,47,668
Tourva,Tourva,,2238,669
britishesports,britishesports,,189,670
Crytek,Crytek,,5969,671
HashtagChess,HashtagChess,,269,672
dniceforever,dniceforever,,31,673
elon_musk7550,elon_musk7550,,67,674
PleasantlyTwstd,PleasantlyTwstd,,636,675
latelierderoxane,latelierderoxane,,3279,676
noonxbosss,noonxbosss,,3,677
frenchoriginalofficial,frenchoriginalofficial,,536,678
raytopsport43,raytopsport43,,3386,679
koratv23,koratv23,,88,680
zoochamp,zoochamp,,980,681
elon_musk1662,elon_musk1662,,93,682
FMStreamerShowdown,FMStreamerShowdown,,1074,683
comojogar1,comojogar1,,257,684
realemothug,realemothug,,4326,685
Nephraw,Nephraw,,269,686
Lineage2Russia,Lineage2Russia,,2199,687
MsPinky313,MsPinky313,,497,688
Techniq,Techniq,,396,689
IssaMeek,IssaMeek,,24,690
uzuhama,uzuhama,,3870,691
theplanpat,theplanpat,,578,692
smwnsongs,smwnsongs,,742,693
TKbreezy,TKbreezy,,418,694
evanf1997,evanf1997,,505,695
THERUSSIANBADGER,THERUSSIANBADGER,,3202,696
DeejayKnight,DeejayKnight,,845,697
BeatEmUps,BeatEmUps,,6754,698
sweethomealligatoah,sweethomealligatoah,,1140,699
BiaSoTF,BiaSoTF,,130,700
CyborgAngel,CyborgAngel,,379,701
MySportsCH,MySportsCH,,628,702
fionchetta,fionchetta,,212,703
DJFranzen,DJFranzen,,2362,704
AnaXisde,AnaXisde,,191,705
fyukm56,fyukm56,,34,706
rsg_sync,rsg_sync,,528,707
lariNSana,lariNSana,,213,708
BREEZE_FPS,BREEZE_FPS,,524,709
Bandsintown,Bandsintown,,134,710
javiigalaxian7,javiigalaxian7,,264,711
elon_musk9672,elon_musk9672,,83,712
timesport000,timesport000,,101,713
djvice,djvice,,1295,714
