Streamer,Unique Viewers,Community ID
xQcOW,"932,473",11
ibai,"882,296",32
Rubius,"787,632",32
shroud,"733,810",9
auronplay,"727,219",32
ESL_CSGO,"687,353",13
Trymacs,"678,572",169
tommyinnit,"660,344",4
NICKMERCS,"644,974",0
RanbooLive,"605,500",4
Tubbo,"589,066",4
MontanaBlack88,"573,836",169
TheGrefg,"531,197",32
LEC,"511,240",10
loltyler1,"504,751",10
TimTheTatman,"483,421",0
Gaules,"475,894",1
karljacobs,"473,201",4
Clix,"458,863",0
loud_bak,"448,028",1
summit1g,"446,566",11
Philza,"443,507",4
LCS,"435,722",10
QuackityHQ,"430,187",4
GeorgeNotFound,"428,156",4
pokimane,"417,247",29
dreamwastaken,"403,251",4
Sykkuno,"399,012",29
Chess,"395,935",107
RocketLeague,"389,701",53
juansguarnizo,"384,911",32
csgomc_ru,"377,967",13
Ninja,"374,235",9
sodapoppin,"366,658",11
ludwig,"364,035",107
GMHikaru,"359,460",107
loud_coringa,"348,181",1
BLASTPremier,"346,349",13
Symfuhny,"337,643",0
Tfue,"330,352",0
WilburSoot,"315,792",4
LCK_Korea,"307,701",15
Jelty,"306,581",32
LCK,"306,140",10
boxbox,"301,837",8
alanzoka,"294,736",1
Swagg,"292,831",0
Ray__C,"292,012",8
dota2mc_ru,"285,531",13
YoDa,"282,899",1
buddha,"282,287",8
HasanAbi,"280,709",11
Sapnap,"278,012",4
buster,"274,157",13
Ash_on_LoL,"273,641",8
StableRonaldo_,"270,627",0
Dyannatv,"270,085",8
Bugha,"261,275",0
Gotaga,"261,029",53
Papaplatte,"260,643",169
SerWinterOfficial,"258,583",8
moistcr1tikal,"253,011",107
AdinRoss,"249,177",0
TSM_ImperialHal,"247,477",9
hJune,"247,220",8
bchillz,"247,108",8
Hutnik,"244,081",8
Hiko,"243,613",9
Mizkif,"238,111",11
Aydan,"234,995",0
Elraenn,"233,522",143
CohhCarnage,"231,885",11
EmadGG,"231,076",0
Castro_1021,"230,590",138
LIRIK,"229,916",11
ZanoXVII,"223,948",155
HusKerrs,"222,794",0
ShivFPS,"219,911",9
Mongraal,"212,212",0
NickEh30,"209,994",0
forsen,"205,936",11
Posty,"205,736",8
Rekkles,"204,711",10
aceu,"201,767",9
trausi,"201,468",8
Mammoth,"201,324",8
k1ng,"200,135",32
pokelawls,"199,469",11
BadBoyHalo,"199,119",4
Domingo,"197,673",53
UNLOSTV,"197,667",143
JackManifoldTV,"197,501",4
DreamLeague,"195,785",13
CoconutB,"193,053",8
LVNDMARK,"192,738",11
Rogue,"188,224",9
KendineMuzisyen,"188,055",143
Maya,"187,721",11
benjyfishy,"187,617",0
TenZ,"185,444",9
Doublelift,"184,117",10
Fortnite,"183,897",0
EsfandTV,"183,577",11
wtcN,"180,807",143
Yassuo,"178,318",10
Nihachu,"178,227",4
Kamet0,"174,703",53
otplol_,"173,359",53
Blizzard,"172,902",11
winstrike_tv,"172,438",13
Greekgodx,"171,390",11
NOBRU,"170,982",1
elded,"170,150",32
RiotGamesBrazil,"164,189",1
Amar,"162,960",169
Sequisha,"162,632",8
SypherPK,"162,618",0
fps_shaka,"162,180",156
Lifestomper,"161,312",8
DrLupo,"158,127",11
ROSHTEIN,"157,593",169
Mayichi,"157,033",32
Fresh,"156,089",0
MOONMOON,"155,620",11
codemiko,"154,667",11
eliasn97,"154,235",169
ops1x,"154,180",0
Myth,"154,162",9
BotezLive,"153,559",107
CaptainPuffy,"153,475",4
itsHafu,"152,377",29
kato_junichi0817,"151,936",156
lilypichu,"149,317",29
MckyTV,"149,306",169
Welyn,"148,808",8
Fextralife,"148,614",11
cloakzy,"148,324",0
AustinShow,"148,231",4
Jahrein,"147,785",143
Squeezie,"147,472",53
Beaulo,"147,377",27
GRONKH,"145,144",169
Faker,"144,691",10
Quin69,"144,403",11
IlloJuan,"143,470",32
Ponce,"141,350",53
stylishnoob4,"141,085",156
TFBlade,"140,972",10
Jankos,"139,890",10
ELoTRiX,"139,031",169
Stray228,"139,004",13
Foolish__Gamers,"138,989",4
elxokas,"137,577",32
Trainwreckstv,"136,965",11
LyonWGFLive,"136,351",155
Alexby11,"136,013",32
mrstiventc,"135,721",32
PapoMC,"134,959",32
ESL_CSGOb,"133,694",13
MuTeX,"133,636",0
x2Twins,"133,267",0
Nmplol,"133,142",11
FlowPodcast,"132,724",1
DanTDM,"132,693",4
Maximilian_DOOD,"131,887",11
s1mple,"131,501",13
RiceGum,"130,678",0
Scarra,"129,316",29
lestream,"128,611",53
knekro,"128,370",32
5uppp,"127,697",29
LuluLuvely,"127,512",9
KingGeorge,"127,466",27
jean_mago,"125,850",1
Pestily,"125,820",11
nerdstgamers,"125,777",9
Llobeti4,"123,002",32
deercheerup,"122,887",1
Punz,"122,396",4
WARDELL,"122,024",9
fuslie,"121,305",29
TheStockGuy,"120,831",11
its_iron,"120,703",0
Sardoche,"119,911",53
sinatraa,"118,934",9
Kaydop,"118,037",53
Peereira7,"117,658",32
Locklear,"117,446",53
LEGOO,"117,168",143
coscu,"116,693",32
Flight23white,"116,320",0
IamCristinini,"115,683",32
tmxk319,"115,613",15
loud_thurzin,"115,288",1
FolagorLives,"115,117",32
imls,"115,014",10
Tumblurr,"114,783",155
Rainbow6,"114,073",27
EASPORTSFIFA,"114,046",138
RATIRL,"113,684",10
hanryang1125,"112,893",15
NoWay4u_Sir,"112,477",169
SilverName,"111,550",13
jukes,"111,417",1
Letshe,"110,633",0
awesamdude,"109,517",4
pqueen,"108,628",143
39daph,"108,625",29
TeeGrizzley,"108,482",0
csgomc_ru2,"108,178",13
Fundy,"107,572",4
sujagg,"107,215",32
handongsuk,"106,766",15
GothamChess,"106,398",107
LeBouseuh,"106,371",53
Gorgc,"106,136",13
Vicens,"105,996",32
Warframe,"105,169",11
NiKo,"104,934",13
unsympathisch_tv,"104,235",169
PUBG,"103,758",13
nl_Kripp,"103,374",10
SHADOWFRAX,"102,951",8
Dhalucard,"102,918",169
Cellbit,"102,448",1
Brawlhalla,"101,338",53
MissaSinfonia,"100,903",32
Natsumiii,"99,504",29
sneakylol,"99,487",10
LVPes,"99,392",32
Baiano,"98,685",1
dafran,"98,199",9
blanchitooo,"98,017",32
Recrent,"97,951",13
NASA,"96,680",11
Mandzio,"96,570",13
ZeratoR,"94,699",53
JaggerPrincesa,"93,370",32
saddummy,"92,320",15
peterparkTV,"91,762",29
mistermv,"90,709",53
DropsByPonk,"90,688",4
MarkiLokurasY,"90,383",32
Werlyb,"89,945",32
AntoineDanielLive,"89,614",53
ESL_DOTA2,"89,584",13
blxckoutz,"89,331",1
LPL,"89,253",10
dopa24,"89,008",15
scump,"88,973",0
Perxitaa,"88,798",32
dasMEHDI,"88,661",11
pgod,"87,900",32
roflgator,"87,855",11
Pimpeano,"87,844",32
Kitboga,"87,565",11
CriticalRole,"86,739",11
alexelcapo,"86,653",32
casimito,"86,203",1
TinaKitten,"86,039",29
Mois_Kid,"85,617",169
Hype,"85,211",143
loud_babi,"85,106",1
QuarterJade,"84,505",29
FaZeBlaze,"84,470",0
POW3Rtv,"84,457",155
TheRealKnossi,"84,334",169
Homyatol,"83,668",155
sapnapalt,"83,664",4
JLTomy,"83,421",53
chowh1,"83,131",53
JustaMinx,"82,697",4
Pieface23,"82,645",138
ElmiilloR,"82,093",32
xChocoBars,"82,023",29
AdmiralBahroo,"81,710",11
aircool,"81,656",0
scoped,"81,154",0
WankilStudio,"80,923",53
lol_woolf,"80,848",15
aroyitt,"80,724",32
XANTAREScN,"80,245",143
Etoiles,"80,203",53
EWROON,"80,197",13
aba4647,"77,885",15
gllobet25,"77,284",32
MarkitoNavaja,"76,990",32
ElcanaldeJoaco,"76,853",32
kkatamina,"76,691",29
biyin_,"76,679",32
fer,"76,659",1
k3soju,"75,917",10
FPSThailand,"75,769",235
miniminter,"75,608",138
Pengu,"75,567",27
W2S,"75,350",138
RevedTV,"75,132",169
CBLOL,"75,103",1
Moonryde,"74,359",155
Indiefoxx,"74,058",11
MacieJay,"73,975",27
yourragegaming,"73,168",0
paka9999,"72,665",15
BeyondTheSummit,"72,612",13
ReventXz,"72,574",32
SkyrrozTV,"72,205",53
Enviosity,"72,192",29
samueletienne,"71,988",53
PietSmiet,"71,892",169
goncho,"71,731",32
SPYGEA,"71,658",156
VALORANT,"71,544",9
Amouranth,"71,461",11
Mithrain,"71,367",143
Renata_Giovanna,"71,049",1
ESL_SC2,"70,818",10
Thijs,"70,685",10
dogdog,"70,683",10
orslok,"70,460",32
mcflyetcarlito,"70,242",53
SmallAnt,"69,382",107
caps,"68,559",10
Otzdarva,"68,433",31
HealthyGamer_GG,"68,420",11
Elwind,"68,108",143
hannahxxrose,"67,996",4
zilioner,"67,919",15
Staryuuki,"67,778",32
midbeast,"67,590",10
Jerma985,"67,010",11
Subroza,"66,047",9
westonkoury,"65,997",4
INSCOPE21TV,"65,806",169
SteveSuptic,"65,746",29
MYM_ALKAPONE,"65,360",32
ScreaM,"65,302",9
TeePee,"65,146",0
bateson87,"65,114",138
VALORANT_Esports_TR,"65,094",143
relaxing234,"64,550",132
Brunenger,"64,468",32
gafallen,"64,377",1
Freneh,"64,153",155
bRaTiShKiNoFf,"64,050",13
ElSpreen,"63,610",32
AdmiralBulldog,"63,319",13
Nightblue3,"63,044",10
repazmois,"63,016",169
Markiplier,"62,954",4
anders_vejrgang,"62,867",138
SolaryFortnite,"62,853",53
Syndicate,"62,681",0
PAGO3,"62,434",13
Anna_Chess,"62,345",107
AnthonyZ,"62,305",11
Xari,"62,199",53
koil,"61,829",11
PaymoneyWubby,"61,288",11
rewinside,"61,243",169
ybicanoooobov,"61,210",13
PGL_Dota2,"60,303",13
JoeWo,"60,302",0
Im_Dontai,"60,120",0
MenosTrece,"59,969",32
dinablin,"59,514",13
xTheSolutionTV,"59,430",169
Dmitry_Lixxx,"59,389",13
ChristianVieriOfficial,"59,047",155
quackitytoo,"58,961",4
Shaunz,"58,636",53
Joueur_du_Grenier,"58,555",53
AussieAntics,"58,550",0
Tectone,"57,947",29
DeuceAce,"57,874",169
jdm2088,"57,424",15
noahreyli,"57,141",0
ricoy23,"57,131",32
Grossie_Gore,"57,091",10
Loeya,"57,060",0
2chamcham2,"56,926",15
Daxak,"56,703",13
JrokezFTW,"56,630",143
Ramee,"56,462",11
SummonersInnLive,"56,173",169
AriaSaki,"55,924",29
Co1azo,"55,546",0
sleepy,"55,385",9
MrSavage,"54,849",0
liminhag0d,"54,791",1
sips_,"54,635",11
melharucos,"54,633",13
Loserfruit,"54,532",0
cyr,"54,291",11
DuendePablo,"54,198",32
MiltonTPike1,"54,142",11
NiceWigg,"53,932",9
Eret,"53,793",4
Solary,"53,639",53
karavay46,"53,360",13
masondota2,"53,191",13
esl_csgo_pl,"53,184",13
SmiteGame,"53,177",11
woowakgood,"53,153",15
NymN,"53,050",11
okyyy,"53,032",32
RatedEpicz,"53,025",11
limit_maximum,"52,992",11
bt0tv,"52,985",1
RduLIVE,"52,796",10
Masayoshi,"52,747",29
nokduro,"52,406",15
Unboxholics,"52,144",169
jacksepticeye,"52,014",29
supertf,"51,880",9
tarzaned,"51,712",10
boltz,"51,629",1
maiconkusterkay,"51,565",1
modestal,"51,391",13
Mixwell,"51,202",9
yd0821,"51,152",15
Kyle,"51,053",11
hoshizora7,"51,053",8
Alderiate,"51,012",53
watchcartoonnetwork4free,"50,905",4
Japczan,"50,834",10
VALORANT_BR,"50,833",1
JohnnyBoi_i,"50,692",53
Vinesauce,"50,687",11
TEBtv,"50,605",13
daltoosh,"50,587",9
Vlesk,"50,432",169
Elajjaz,"50,250",11
C_a_k_e,"50,235",13
Reborn_Live,"50,235",32
DarioMocciaTwitch,"50,199",155
Jacob4TV,"50,027",13
dunkstream,"49,907",11
SidneyEweka,"49,735",169
kinstaar,"49,544",53
TheLivia,"49,444",1
just_ns,"49,428",13
pacific8815,"49,351",15
PCH3LK1N,"49,343",13
Toqtir,"49,324",143
JesusAVGN,"48,983",13
XBOCT,"48,953",13
xth0rek,"48,631",13
aimdll__,"48,492",143
lol_ambition,"48,329",15
Mathil1,"48,076",11
lolpacifictw,"48,050",132
PUBGKorea,"47,709",15
NeVeR_LosEs,"47,706",132
singsing,"47,604",13
CDNThe3rd,"47,503",11
x6FlipiN,"47,351",32
SwaggerSouls,"47,333",4
Doigby,"47,163",53
PurpleBixi,"47,068",143
Aa9skillz,"46,954",138
UberHaxorNova,"46,933",11
maxim,"46,867",169
berkriptepe,"46,733",143
Nintendo,"46,651",11
jovirone,"46,547",1
BaboAbe,"46,547",29
mokouliszt1,"46,440",156
Jinnytty,"46,296",11
yapyap30,"46,072",15
NAKOO_Fn,"45,864",32
pijack11,"45,817",1
Xposed,"45,732",169
kimdoe,"45,576",15
sal_gu,"45,480",15
Pikabooirl,"45,369",11
PUVLOO,"45,179",32
dizzy,"44,906",9
PENTA,"44,797",11
Northernlion,"44,591",107
VooDooSh,"44,412",13
RiotGamesTurkish,"44,371",143
BarcaGamer,"44,284",32
Rakin,"44,135",1
iiTzTimmy,"43,934",9
ESAMarathon,"43,758",11
SovietWomble,"43,746",11
adolfz,"43,450",1
Agraelus,"43,131",105
sam1268,"43,078",132
AlphaCast,"43,015",53
ESL_CSGOc,"42,902",13
sweetdreams,"42,766",9
IWillDominate,"42,751",10
ilMasseo,"42,546",155
rooftopcat99,"42,390",15
Bidule,"42,384",53
tvandeR,"42,351",32
Tonton,"42,054",53
LosPollosTV,"41,924",0
RobertoCein,"41,872",32
pjs9073,"41,863",15
starsmitten,"41,715",29
Xiuder_,"41,688",155
polsatgames,"41,671",10
RebeuDeter,"41,521",53
TwitchRivals,"41,474",10
russfpsz,"41,001",143
tuanzy,"40,983",29
dakotaz,"40,941",29
Alliege,"40,836",32
NateHill,"40,821",0
Chica,"40,762",0
Thebausffs,"40,438",10
melina,"40,291",11
SackziTV,"40,289",53
Diables,"40,248",13
zironicdk,"40,240",27
KristoferYee,"40,237",29
GMNaroditsky,"40,236",107
Sanchovies,"40,035",10
bysTaXx,"39,817",32
YOLOAVENTURAS,"39,761",200
cdewx,"39,623",11
StRoGo,"39,492",13
lol_nemesis,"39,491",10
yvonnie,"39,480",29
BobRoss,"39,467",4
RocketBaguette,"39,396",53
Warcraft,"39,210",11
GD_booya,"39,133",0
Purpled,"38,847",4
gaulestv,"38,797",1
godjj,"38,719",132
thedanirep,"38,635",32
mobilmobil,"38,610",132
Forky,"38,402",53
landonorris,"38,263",13
Saiiren,"38,158",11
Albralelie,"37,986",9
willneff,"37,966",11
momoladinastia,"37,754",32
blusewilly_retry,"37,695",132
Shotz,"37,501",11
uhSnow,"37,498",11
FCF,"37,456",0
pizfn,"37,409",155
Arcadum,"37,247",11
agurin,"37,229",169
DaigoTheBeasTV,"37,109",156
butterflyouo,"37,002",132
Silky,"36,982",0
KYR_SP33DY,"36,975",0
zEkO,"36,895",32
AgenteMaxo,"36,801",32
ironmouse,"36,622",30
flurry1989,"36,604",15
yumyumyu77,"36,475",15
ddahyoni,"36,399",15
runthefutmarket,"36,349",138
ShubbleYT,"36,347",4
Gladd,"36,294",9
Nadeshot,"36,103",9
zrush,"35,962",132
Bwipolol,"35,919",10
CapcomFighters,"35,725",11
VERNI_SHAVERMY,"35,671",13
01bd02,"35,657",15
Marzz_Ow,"35,634",0
Milan926_,"35,443",32
velox,"35,353",155
RRaenee,"35,233",143
Vadeal,"35,126",0
pokanoname,"35,101",13
esAcarry,"35,018",1
DiazBiffle,"34,950",0
raderaderader,"34,768",156
uzra,"34,641",132
AhriNyan,"34,363",13
ChilledChaos,"34,351",29
Steelmage,"34,258",11
BruceDropEmOff,"33,982",0
iskall85,"33,940",4
swab85,"33,842",15
realMoji,"33,826",169
JeelTV,"33,793",53
Whippy,"33,767",11
Adapt,"33,763",0
Zizaran,"33,621",11
Anomaly,"33,597",13
DavidDobrik,"33,502",0
chessbrah,"33,364",107
GR63,"33,320",13
JessGOAT,"33,229",27
VonDice,"33,215",169
ThisIsNotGeorgeNotFound,"33,141",4
FarfadoxVEVO,"33,139",32
GamesDoneQuick,"33,040",11
BigEx,"32,859",0
VALORANT_Esports_EU,"32,612",9
BlitzStream,"32,569",53
TrashTastePodcast,"32,504",107
HoneyMad,"32,498",13
gamergirl,"32,472",10
DarkViperAU,"32,396",11
Destiny,"32,309",11
ernesBarbeQ,"32,267",32
Sacriel,"32,152",11
ANGRYPUG,"32,146",31
T90Official,"32,078",107
ekatze007,"32,013",13
PimpCSGO,"32,004",13
Tuli_acosta,"31,912",32
Reetlol,"31,893",0
jccaylen,"31,772",5
Th3Antonio,"31,745",32
et_1231,"31,732",132
Eray,"31,325",143
Tixinhadois,"31,204",1
Smoke,"31,135",11
JulienBam,"31,049",169
Lasqa,"30,990",13
nyanners,"30,909",30
Pauleta_Youtubeur,"30,820",53
chigre,"30,791",32
primeleague,"30,430",169
Popo,"30,170",10
Pink_Sparkles,"29,811",11
mch_AGG,"29,751",1
SNEUX,"29,679",32
Diegosaurs,"29,628",9
portialyn,"29,606",15
luckraok,"29,580",32
nerdstgamers2,"29,556",9
skeppylive,"29,513",4
DylanteroLIVE,"29,508",32
CH14,"29,475",32
QTCinderella,"29,362",107
KiXSTAR,"29,283",27
aXoZer,"29,282",32
GENSYXA,"29,135",13
boyMinORu,"29,130",235
MmarianaAlpha,"29,062",1
valorant_jpn,"29,018",156
dmf_kyochan,"29,010",156
AnniTheDuck,"28,968",169
GTAWiseGuy,"28,797",11
ChutyVks,"28,774",32
akaNemsko,"28,719",107
RybsonLoL_,"28,686",10
harbleu,"28,666",9
LLA,"28,657",32
pulgaboy,"28,654",1
Staiy,"28,653",169
roger9527,"28,543",132
SLAKUN10,"28,516",32
PapiGaviTV,"28,430",32
Teuf,"28,422",53
Move_Mind,"28,332",13
chesscomfr,"28,246",53
Ditrxx,"28,176",169
BastiGHG,"28,120",169
VarsityGaming,"28,021",27
Caprimint,"27,964",32
TheViper,"27,731",107
AsmodaiTV,"27,684",10
numeiro_,"27,655",13
smqcked,"27,633",0
CallMeKevin,"27,489",107
punzlmao,"27,390",4
topdog_ru,"27,351",13
iinwafqht,"27,267",137
jungtaejune,"27,247",15
dasoku_aniki,"27,197",156
Jirayalecochon,"27,166",53
EnzoKnol,"27,152",292
OkCode,"27,098",29
MiaPlaysss,"27,046",47
Annoying,"27,007",0
Burn,"26,942",11
IzakOOO,"26,923",13
CzechCloud,"26,901",105
ImKaiCenat,"26,842",0
sonycast_,"26,709",15
eaJParkOfficial,"26,663",29
TapL,"26,569",4
valorant_esports_tr,"26,480",143
wkgml,"26,379",15
qq7925168,"26,291",132
Mangel,"26,231",32
ziGueira,"26,052",1
109ace,"25,945",15
Voyboy,"25,904",10
WeAreTheVR,"25,778",208
Naguura,"25,767",11
RiotGamesJP,"25,562",156
Mylonzete,"25,550",1
TrueGeordie,"25,425",138
MAAU,"25,356",32
rezonfn,"25,273",0
TrilluXe,"25,269",169
AlpTV,"25,237",143
BarbarousKing,"25,217",28
Opat04,"25,134",105
CarlosDLeon,"25,063",32
steel_tv,"25,045",9
itsRyanHiga,"24,965",29
calango,"24,864",1
Slushpuppy,"24,842",8
HarryHesketh,"24,746",138
obm1025,"24,719",15
Nexe_,"24,674",13
twlevewinsHS,"24,661",10
jinu6734,"24,582",15
grenbaud,"24,502",155
rhobalas_lol,"24,411",53
Hirona,"24,325",11
nanayango3o,"24,315",15
DavyJones,"24,246",1
twitchgaming,"24,222",9
The_Happy_Hob,"24,213",11
aminematue,"24,192",53
skswhdkgo1,"24,178",15
eldemente,"24,159",32
AvoidingThePuddle,"23,870",11
DreadzTV,"23,791",13
Sixquatre,"23,747",27
mokrivskyi,"23,729",13
amustycow,"23,694",53
dda_ju,"23,634",15
NikitonipongoTV,"23,557",32
bbonge_,"23,510",15
Serenexo,"23,489",32
ZONY,"23,402",13
Lagonis,"23,267",27
rtparenacsgo,"23,245",13
Wismichu,"23,202",32
runner0608,"23,075",15
natalan,"22,975",32
Felps,"22,949",1
BurkeBlack,"22,843",11
Chigua,"22,641",32
Ahmed_show,"22,635",138
OverpoweredOW,"22,627",8
BikiniBodhi,"22,429",27
Lannik1,"22,384",1
QUICKHUNTIK,"22,287",13
LexVeldhuis,"22,257",107
Agustabell212,"22,165",32
TaySon,"22,119",0
OGADotaPIT,"22,096",13
Timmac,"22,067",11
wtf_winds123,"22,067",132
DuckyW,"22,050",8
pankylol,"22,019",143
stevewillsendit,"22,000",169
TEBtvRU,"21,891",13
Solaaaa,"21,804",169
bratishkinoff,"21,793",13
Cerbero_Podcast,"21,785",155
ErenAktan,"21,728",143
ONSCREEN,"21,701",9
CashApp,"21,692",11
xkwhd,"21,603",15
ajehr,"21,590",15
LiminhaPlay,"21,541",1
KayzahR,"21,464",169
Snip3down,"21,442",9
GUANYAR,"21,414",32
chefstrobel,"21,396",169
shuteye_orange,"21,295",132
Crunchyroll,"21,258",11
WillerZ,"21,233",11
95pingman,"21,198",15
EAMaddenNFL,"21,146",233
Socksfor1,"21,075",4
chocoTaco,"21,026",9
TheRealMarzaa,"21,013",155
MercR6,"20,996",27
Terracid,"20,940",53
nooneboss,"20,934",13
OhTofu,"20,807",31
RTGameCrowd,"20,776",107
Bonjwa,"20,745",169
skippypoppin,"20,697",11
Kiyoon,"20,693",10
playapex,"20,673",9
Grimmmz,"20,633",11
robergalati,"20,620",32
wavyjacob,"20,597",0
Hayashii,"20,593",1
GronkhTV,"20,512",169
PrimeLeague,"20,485",169
zackrawrr,"20,452",11
RollingLoud,"20,370",0
Shurjoka,"20,209",169
RocKy_,"20,167",53
TwoSync,"20,134",138
Tommey,"20,060",0
AverageJonas,"20,036",9
Zerkaa,"20,025",138
orangemorange,"19,925",169
Mushway,"19,690",53
Momo,"19,648",11
yointerneto,"19,608",32
elwycco,"19,304",13
mitr0,"19,250",0
Zade,"19,237",143
GMHess,"19,234",107
BananaSlamJamma,"19,201",13
Academy,"19,138",10
yayahuz,"19,130",1
AdrianFartade,"19,070",155
RatoBorrachudo,"19,038",1
Sick_Nerd,"19,031",11
just9n,"19,013",9
TheNicoleT,"18,990",11
alinaarose,"18,761",0
SnikWins,"18,597",169
GodHunt,"18,528",13
Cydonia_Chiara,"18,513",155
AyarBaffo,"18,489",155
MrSoki,"18,388",32
bbbb87,"18,381",132
vsmzin,"18,311",1
CSRuHub,"18,279",13
hmattTV,"18,268",155
dota2mc_ru2,"18,257",13
LuckyChamu,"18,250",0
OgamingSC2,"18,188",53
rkdwl12,"18,049",15
BlackUFA,"18,024",25
Tomato,"18,007",11
iltw1,"17,979",13
JojoHF,"17,876",13
Repullze,"17,873",0
ZeROBADASS,"17,833",1
Heelmike,"17,793",0
Rezo,"17,781",169
deathwingua,"17,706",8
Kaellyn,"17,706",11
Nick28T,"17,696",138
ZLOYn,"17,673",13
kimdduddi,"17,667",15
santidead,"17,624",32
Sjow,"17,494",10
Hungrybox,"17,423",11
ZakvielChannel,"17,404",13
sweetcampercs,"17,394",132
sooflower,"17,370",15
Atrioc,"17,290",107
Ssaab,"17,226",11
ofmanny,"17,204",138
Distortion2,"17,123",11
michou_twitch,"17,096",53
Nokokopuffs,"17,089",9
FORMAL,"17,064",0
Surskity,"17,043",1
keanelol,"16,984",10
pikra10,"16,876",15
RDCgaming,"16,864",0
Surefour,"16,775",11
Silithur,"16,767",32
Mendo,"16,745",9
avoplus,"16,739",13
Rillo,"16,730",0
LaIslaDeLasTentaciones,"16,716",32
sutanmi,"16,692",156
thecaiox,"16,629",1
LVPes2,"16,585",9
Dexbonus,"16,571",11
NimbleNeuron,"16,568",15
Zeeyadx,"16,563",137
PG_Esports,"16,562",10
tropa_lucca,"16,481",1
Crocodyle_lol,"16,454",53
BobbyPoffGaming,"16,426",0
Gragolandia1,"16,413",1
TwitchKR,"16,384",15
lucasteles2,"16,283",1
Porgiee,"16,205",8
GarrettG,"16,205",53
Deadlyslob,"16,108",11
WorldofWarships,"16,108",189
Rumathra,"16,097",169
torona1,"16,062",15
sn400ja,"16,058",15
PUBG_Taiwan,"16,008",132
Insomniac,"15,985",103
msmsms213,"15,931",15
cidcidoso,"15,877",1
cristianghost,"15,876",32
julien,"15,868",153
heybigmike,"15,821",0
pelaajatcom,"15,816",13
Aurateur,"15,814",28
xoAeriel,"15,813",109
sunbaking,"15,793",225
gravesen_1,"15,716",32
TheLateNightSlots,"15,685",169
HugoDecrypte,"15,673",53
loopooyt,"15,595",53
eskay,"15,557",8
Tiagovski555YT,"15,510",13
Calebhart42,"15,494",11
guanweiboy,"15,482",132
TheBigMeech,"15,427",11
MoAuba,"15,307",169
RebirthzTV,"15,303",235
MateoZ,"15,272",32
Destroy,"15,239",0
lol_cuvee,"15,215",15
RiotGamesRU,"15,209",10
Blaustoise,"15,148",11
G4G_REVENANT,"15,126",32
Sintica,"15,099",169
Xlice,"15,096",29
EnriqueRamosGamer,"15,047",32
kianlawley,"14,972",5
Dota2RuHub,"14,969",13
EdenEsports,"14,953",13
Slimecicle,"14,947",4
AdrianaChechik_,"14,943",104
LaraLoft,"14,927",169
Kiwo,"14,896",11
LittleBigWhale,"14,886",53
chess24,"14,881",107
CollegeCarball,"14,767",53
Pato,"14,709",32
demisux,"14,697",32
GN_GG,"14,690",13
SquishyMuffinz,"14,678",53
imjasmine,"14,670",11
superjj102,"14,662",10
tinowns,"14,616",1
HITBOXKING,"14,608",9
AnnaCramling,"14,593",107
CaptainSparklez,"14,569",4
BudLight,"14,369",10
Crayator,"14,245",0
Closer,"14,205",143
LPMassive,"14,202",169
Duke,"14,141",0
AndyMilonakis,"14,133",11
zwebackhd,"14,120",138
takesipon,"14,043",132
snoodyboo,"13,977",32
MLS,"13,964",138
illumina1337,"13,962",4
camsoda,"13,923",8
pashaBiceps,"13,873",13
1PVCS,"13,826",53
keiozin,"13,752",1
oniyadayo,"13,739",156
DrIgo,"13,712",32
PlayOverwatch,"13,672",11
karchez,"13,667",32
segall,"13,566",13
katoo,"13,533",169
LanuSky,"13,525",4
Anton,"13,520",11
NarcolepticNugget,"13,514",27
xHankyy,"13,488",169
snuffy,"13,486",30
Anas_Off,"13,475",53
Sydeon,"13,437",29
ClassyBeef,"13,423",169
Pengwin,"13,393",11
Replays,"13,393",0
failverde,"13,352",132
Adal,"13,337",143
notmes,"13,333",11
naseongkim,"13,302",15
resttpowered,"13,285",105
GradyWhite_,"13,262",32
Harstem,"13,253",10
xargon0731,"13,239",132
Antfrost,"13,172",4
rootthegamer,"13,158",143
kimnamsoon,"13,154",15
armutlol,"13,067",143
MrRapolas,"13,034",126
Carreraaa,"12,929",32
lck_challengers,"12,926",10
RTAinJapan,"12,900",156
DuelLinksMeta,"12,853",42
Yotobi,"12,804",155
gearbaby1010,"12,797",132
PSG,"12,787",53
Lobanjicaa,"12,722",13
Bronx,"12,696",31
JeremyFrieser,"12,610",292
ConnorEatsPants,"12,600",4
evaanna,"12,473",102
miamalkova,"12,472",138
FabulousN,"12,463",143
JLAmaru,"12,394",53
yuniko0720,"12,353",132
drb7h,"12,330",135
MiiKeLMsT,"12,291",32
Frankkaster,"12,280",32
WCBC_RL,"12,271",53
ubeka_,"12,244",143
keife_,"12,171",0
robertpg,"12,108",32
SilentSentry,"12,103",11
rkdthdus930,"12,063",15
ookina,"12,062",1
YasserM55,"12,058",137
TheRocketRB,"12,001",53
RazaH,"11,997",27
gutitubo,"11,935",156
PWRDEsports1,"11,901",13
kinstaar92i,"11,845",53
Shlorox,"11,825",169
kyedae_,"11,772",9
OldSchoolRS,"11,760",129
duckmanzch,"11,716",235
NiteNightKid,"11,673",11
Nikof,"11,652",53
TaliaMar,"11,570",138
CyberRulzTv,"11,566",143
sashagrey,"11,561",11
AcezProduction,"11,543",27
JustCooman,"11,461",13
RakanooLive,"11,415",136
theneedledrop,"11,406",11
Savjz,"11,401",10
Beardageddon,"11,307",231
NeutrooYT,"11,292",32
FittipaldiBrothers,"11,287",1
TEBtv3,"11,279",13
xChaaai,"11,242",8
LynxCerezLoL,"11,239",143
Linkus7,"11,191",107
FENGRUSH,"11,161",9
yo_boy_roy,"11,124",27
TROPS4,"11,092",169
MuMiNo,"11,086",13
POKAMOLODOY,"11,074",13
a60426042,"11,057",15
Silvervale,"11,039",30
muse_tw,"10,992",132
Jayce,"10,983",11
lngliveofficial,"10,890",132
ethos,"10,886",9
Swales94,"10,716",8
Arab,"10,699",0
AkumaGirrl,"10,634",32
des0ut,"10,629",13
TheRelixChannel,"10,629",369
luquitarodriguez,"10,619",32
Kolderiu,"10,617",32
Ohmwrecker,"10,607",142
gratis150ml,"10,548",1
agueppo,"10,547",15
ElRichMC,"10,492",32
anaocsgo,"10,484",1
Selly55,"10,359",156
WorldofTanks,"10,321",360
loud_voltan,"10,313",1
oestagiario,"10,282",1
CuteDog_,"10,248",11
rhdgurwns,"10,245",15
dhtekkz,"10,242",138
Flights1,"10,208",9
grafo,"10,207",32
S2_Missy,"10,135",1
sah_yang,"10,121",15
Technoblood_eSports,"10,121",156
itsSpoit,"10,088",27
b1tcs,"10,027",13
DatModz,"10,012",11
BrookeAB,"9,960",29
IceManIsaac,"9,930",0
moonstudio_ru,"9,903",13
GoodGame_League,"9,901",13
SopFix,"9,893",137
ESL_csgo_es,"9,860",32
shivfps,"9,858",9
Minion777,"9,845",4
mailand,"9,826",246
Akademiks,"9,823",0
Criticas_QLS,"9,804",194
Navajas_Barbershop,"9,798",32
shofu,"9,772",26
MurderCrumpet,"9,715",11
Holo,"9,698",9
alelu,"9,677",156
Baddie,"9,674",8
Berry0314,"9,660",11
JLBichouu,"9,649",53
Formula1,"9,645",13
frantita7,"9,625",89
Daisy,"9,567",0
Roxmiral,"9,491",11
Gabi,"9,480",1
m0NESYoF,"9,474",13
aXtLOL,"9,470",1
Vargskelethor,"9,463",11
PotionShopTV,"9,383",126
IFrostBolt,"9,376",9
collet11,"9,373",15
fl0m,"9,356",13
loirinpiveterp,"9,286",1
ThePowerOfEvil,"9,283",10
SkyshockTV,"9,240",32
unicornio,"9,236",32
Crystal_LoL,"9,229",143
rodsquare,"9,196",32
JEFFAOCS,"9,181",1
iziprimee,"9,166",0
Ivan_Grieco,"9,147",155
crokeyz,"9,140",117
spiritzr6s,"9,082",27
D3stri,"9,041",32
Maghla,"9,036",53
Brasil_Fortnite,"9,026",1
TwitchTW,"9,014",132
CDawg_VA,"9,012",107
TEBtvDotaRU,"9,003",13
Anaisableal,"8,971",13
emin190766,"8,900",242
GernaderJake,"8,873",9
SOZZLEPOPP,"8,848",124
AresHD,"8,839",13
freiraumreh,"8,822",169
mlchoins,"8,815",15
GunnarDotA2,"8,813",13
Sajam,"8,790",11
imorr,"8,790",143
Videoyun,"8,755",143
Kurumx,"8,740",10
ShawkR6,"8,713",27
Chap,"8,695",0
justicastro,"8,677",89
space,"8,677",9
DoktorFroid,"8,654",169
foodVW,"8,652",9
FPSThailand2,"8,628",235
rangerlol1,"8,619",1
PUBGJAPAN,"8,595",156
rudbeckia7,"8,575",15
Xisuma,"8,570",4
AsunaWEEB,"8,558",9
elchiringuitodejugones_tv,"8,558",32
twitchrivals_es,"8,511",32
DashDucks,"8,497",4
ColgadisimosDelAro,"8,494",32
Kandyland,"8,450",11
aDrive,"8,443",340
hastad,"8,429",1
ut7_danipitbull98,"8,362",155
VaushVidya,"8,355",11
Jasper7se,"8,345",156
moonstudio_en,"8,330",13
bebelolz,"8,315",132
FeelFIFAandGamingTV,"8,290",169
Harmii,"8,283",169
lilypi2,"8,265",29
AColdOne,"8,241",175
RaizQT,"8,213",11
Yann,"8,204",53
CoreJJ,"8,181",10
Snax,"8,181",13
LITkillah,"8,173",88
DMGPOLAND,"8,154",13
roboolol,"8,121",1
kangqui,"8,120",15
Jukeyz,"8,120",0
IMPACTWrestling,"8,104",596
Bethesda,"8,102",332
projektmelody,"8,085",30
sasatikk,"8,067",156
Dairygold,"8,029",8
iLuTVLIVE,"8,000",32
TommyPervan,"7,967",32
Caedrel,"7,967",10
JHartShow,"7,959",272
PokemonChallenges,"7,924",172
ESL_CSGO_FR,"7,899",53
99Damage,"7,889",13
Rakyz,"7,863",32
AiShowoo,"7,854",382
RizenBR,"7,847",9
TeamSp00ky,"7,831",11
mount,"7,831",1
saleenerz,"7,831",0
StolenBR,"7,817",1
nanajam777,"7,790",15
BoomerNA,"7,768",4
ItsLeslie,"7,766",11
Day9tv,"7,764",11
Gingerliness,"7,762",11
CDawgVA,"7,759",111
diegolahoz,"7,742",32
iateyourpie,"7,736",11
Wineist,"7,727",143
Jashlem,"7,709",564
NiklasWilson,"7,699",169
Qewbite,"7,694",62
stormen,"7,691",9
CemBNGL,"7,661",143
LightFuryLF,"7,661",235
Crystalst,"7,657",11
momochoco,"7,638",156
dada_0124,"7,606",132
Fruktozka,"7,577",13
BikeMan,"7,551",11
so_urf,"7,536",15
islatentaciones,"7,515",32
DerKellerYT,"7,486",169
EvrimShinka,"7,471",143
DessT3,"7,470",32
9ambler,"7,466",15
Flexinja,"7,433",9
Putupau,"7,431",32
PUBGTVTurkiye,"7,426",143
mister903,"7,416",154
BruceGrannec,"7,379",53
lol_selfmade,"7,351",10
djrayraytaiwan,"7,348",108
STYLERZ,"7,303",169
t1_teddy,"7,271",15
UMGGaming,"7,243",496
ItsJSTN,"7,216",53
PlayHearthstone,"7,212",60
DavidHenrichs,"7,180",169
Afro,"7,167",11
DubDot,"7,166",233
Biotoxz_,"7,160",11
nahzinhaa,"7,100",1
EEGenVivo2021,"7,057",381
brothers_baseball,"7,047",214
Limmy,"7,044",106
hejin0_0,"7,042",15
TPAIN,"7,012",11
Gosu,"7,010",10
DesertHeartsRecords,"7,003",201
bobqinxd,"6,999",10
HAchubby,"6,997",11
Duncan,"6,994",292
Kinamazing,"6,983",11
cellinrj,"6,976",1
AusOpen,"6,961",0
KarasMai,"6,945",10
Preachlfw,"6,944",110
joystickr6,"6,936",27
RwinShow,"6,925",47
Maven,"6,918",0
PeteZahHutt,"6,901",0
sleepground,"6,894",315
FairyPeak,"6,888",53
olyashaa,"6,875",13
KC_Adam,"6,871",10
Hotted89,"6,863",11
Captainflowers22,"6,834",10
Dekarldent,"6,824",169
innocents,"6,821",0
Rustyk,"6,776",32
SanderJoga,"6,765",1
SmittyW,"6,758",32
BeatEmUps,"6,754",698
aleks,"6,752",11
sylveey,"6,749",4
Lily_Off_Valley,"6,742",309
ixxYjYxxi,"6,726",139
iWe11y,"6,701",138
s1032204,"6,693",15
Nattank,"6,690",1
Diablo,"6,686",11
GAECHKATM,"6,684",13
csgomc_ru3,"6,679",13
Five0AnthO,"6,668",11
hexy,"6,656",31
looksam,"6,613",15
tvcrank,"6,594",15
SteelBree,"6,568",169
HBomb94,"6,562",4
Uthenera,"6,541",143
DansGaming,"6,534",11
esstree,"6,531",15
LukiSteve,"6,506",10
einPapo,"6,460",151
Snedger,"6,460",27
LAISLADELASTENTACIONES,"6,439",32
lethamyr_rl,"6,439",53
nayte,"6,434",53
footballbromancetv,"6,423",250
BANDAINAMCOUS,"6,411",37
DizzyKitten,"6,408",119
TrymacsKaktusKoenig,"6,395",169
Hajime,"6,349",30
tioorochitwitch,"6,339",52
ALOHADANCETV,"6,326",13
YoMax,"6,294",57
sacy,"6,284",1
ATT_OficiaL,"6,265",1
Mande,"6,232",9
Spraggy,"6,229",107
Criken,"6,213",11
aquav2_,"6,209",0
CarolAzuos,"6,186",1
sukiyuki3,"6,185",239
ESL_SC2b,"6,146",10
Giantwaffle,"6,133",11
ramzes,"6,109",13
a541021,"6,104",132
BretmanRocky,"6,101",29
Winghaven,"6,101",166
Mickalow,"6,082",53
Mikolsikk,"6,081",13
PatoPapao,"6,080",1
Skailereu,"6,060",99
UncleBjorn,"6,022",13
epicgames,"6,017",460
wayne75525,"6,010",132
FlexVega,"6,008",353
itscrawfordcollins,"5,976",5
nesua,"5,969",11
Crytek,"5,969",671
d_obby,"5,961",15
SnaggyMo,"5,945",0
sakonoko_game,"5,939",156
om0322,"5,896",16
abu_abeer16,"5,886",138
GingiTV,"5,885",63
napierak_official,"5,881",13
orkpod,"5,784",234
nba2k,"5,750",322
Zander,"5,730",27
producerivanov,"5,722",275
Rivenzi,"5,721",53
Salve,"5,718",1
TORRO,"5,682",169
PLKDAMIAN,"5,681",263
NotRyanAbe,"5,674",5
EvilShatner,"5,668",11
jungryeok,"5,651",15
Sivelle,"5,641",9
LeeboyJunior,"5,640",1
leechunhyang,"5,622",15
Valley_Games,"5,616",8
AZRA,"5,615",281
ClovaoBengala,"5,589",1
panetty,"5,579",155
silphtv,"5,557",15
bvb_official,"5,535",169
IslandGrown,"5,534",107
RaveCards,"5,533",169
w0xic,"5,531",143
RealMadrid,"5,525",32
capturesca,"5,520",5
PANDEKK,"5,516",169
iLame,"5,516",13
enotishka18,"5,513",308
Daannyy,"5,511",169
Crowder,"5,506",0
Irenealing,"5,498",29
LRojo_,"5,498",9
cherrypach,"5,483",15
erobb221,"5,480",11
Voltariux,"5,469",53
xqcisoffline,"5,447",11
bigezmoge,"5,443",44
Keeoh,"5,438",9
nba_topshot,"5,437",302
AGBIN3R,"5,423",32
Http_Rafahg,"5,403",1
ster,"5,402",11
m00sician,"5,397",169
markoLASSO,"5,384",213
TinaDames,"5,382",0
souljaboy,"5,366",0
Michaelmcchill,"5,343",4
IruMinaTi,"5,338",53
CrReaM,"5,329",11
ProtonJon,"5,322",461
NotDyce_,"5,314",9
NeneCreative,"5,296",86
ElChiringuitoTV,"5,277",32
UFC,"5,257",101
titanlol1,"5,251",1
LarianStudios,"5,249",145
Zeling,"5,240",32
Empyriangaming,"5,236",11
Everyeyeit,"5,231",155
StripMarvelTV,"5,222",195
GoodTimesWithScar,"5,214",311
realbenex,"5,213",4
Rainbow6KR,"5,210",15
ImMarksman,"5,200",232
edisonparklive,"5,184",29
HeyStan,"5,160",94
Jolavanille,"5,154",53
Moondye7,"5,149",204
lilchiipmunk,"5,141",11
TheDocil,"5,128",1
Kestico,"5,119",320
Esportmaniacos,"5,109",32
ShnaggyHose,"5,091",0
Ultia,"5,087",53
iZeroplus,"5,076",9
Wolfabelle,"5,075",29
Jussetain,"5,065",53
dereknlmb,"5,054",0
ShahZaM,"5,042",9
Simply,"5,040",11
LinusTech,"5,035",11
Frepz,"5,022",1
Athieno,"5,018",27
Deebeegeek,"5,012",429
ch1ckenkun,"4,985",15
aldobartra,"4,941",196
dojacattington,"4,932",467
Stanz,"4,913",107
MikeShowSha,"4,905",223
GliAutogol,"4,894",221
MattHDGamer,"4,878",138
Enkk,"4,873",155
manurapaline,"4,865",32
Spaceboy,"4,861",11
BrowJey,"4,849",13
kross_fusionz,"4,834",0
mrBlaszka,"4,832",13
Yann_Cj23,"4,828",53
gebauermarc,"4,815",169
GMBenjaminFinegold,"4,813",107
Transation,"4,809",9
telecomegypt,"4,779",666
CreepaCreech,"4,777",4
Overpow,"4,776",10
wuskindash,"4,776",0
OgamingLoL,"4,775",53
Valorant_Esports_NA,"4,772",9
juanbo__,"4,772",0
ok_ja,"4,767",15
MoCbka34,"4,757",625
zachmazer,"4,747",9
porcays,"4,745",157
wenlobong,"4,731",132
CNES_France,"4,727",55
TSM_Viss,"4,723",9
HugoDelire,"4,701",53
jorbs,"4,686",144
Sub2DBG,"4,678",321
Sh4dowehhh,"4,672",13
facudiazt,"4,670",32
Umbra,"4,668",291
StarCraft,"4,659",10
Karma,"4,645",0
by_Owl,"4,632",13
Tortita,"4,631",32
SparkofPhoenixTV,"4,626",169
TheBlackHokage,"4,621",261
jorgegoorgo,"4,615",32
KindaFunnyGames,"4,613",298
RyyFyy,"4,604",27
surrenderhs,"4,598",15
Testyment,"4,598",161
BASETRADETV,"4,590",4
laty1337,"4,587",127
CyberFocus,"4,583",13
sido,"4,580",169
FarhadXRay,"4,571",45
LaniKindaScared,"4,564",4
Toniki,"4,559",351
HutchMF,"4,557",11
yueko,"4,547",29
EasilyyR6,"4,544",27
MrTLexify,"4,542",342
dapr,"4,522",9
SkainLoL,"4,505",32
AbuSwe7l,"4,497",137
jakenbakeLIVE,"4,466",125
HITPOINTCZ,"4,466",168
BniteZ,"4,463",32
TwistzzTV,"4,458",13
Twitch,"4,443",113
ElChiringuitoDeJugonesHD,"4,420",32
LaariVieeira,"4,417",1
sea_vtuber,"4,416",227
alfrea,"4,413",156
ImSoFresh,"4,397",53
MillyVT,"4,391",0
ArcSystemWorksU,"4,359",33
MatteoHS,"4,359",222
lovelyyeon,"4,353",15
Vorwenn,"4,339",32
RetroReyna,"4,337",0
forg1,"4,328",32
realemothug,"4,326",685
seeyunxd,"4,324",32
Laink,"4,302",54
Weak3n,"4,292",349
Kerimhan,"4,291",143
wang35971104,"4,257",217
Bawkbasoup,"4,226",39
PPGL_VCTPH,"4,207",209
MartinJensenTV,"4,203",346
LLE_97,"4,199",313
TheRunningManZ,"4,193",11
DiogoJotaEsports,"4,173",138
tranth,"4,168",15
BULLSEYE,"4,154",336
Wolfiez,"4,143",0
Hitchariide,"4,138",0
veibae,"4,136",114
LinkTijger,"4,088",293
LiipinhO,"4,064",437
Castlehead,"4,061",11
Baso,"4,058",169
Fyzicul,"4,054",11
Taishxxn,"4,054",9
Brother_Enoch,"4,050",9
Broeki1,"4,049",169
iceiceice,"4,038",13
kevinjordan,"4,037",8
lautygram_,"4,031",192
cheese,"4,002",11
BTSNewsBR,"3,989",635
MrKeroro10,"3,987",199
DevinNash,"3,986",159
metashi12,"3,977",245
YDCB,"3,962",341
RaufBaba25,"3,958",143
Browelo,"3,953",53
nannanacho,"3,926",228
Joyca,"3,921",56
elBokeron,"3,905",32
kite61,"3,905",11
NanniTwitch,"3,886",155
micacoppola_,"3,879",191
uzuhama,"3,870",691
Snowmixy,"3,855",64
Rapturrs,"3,847",32
FastAnne,"3,824",27
ses836,"3,820",15
MrLlamaSC,"3,805",180
lilballzlolz,"3,804",131
amaRhana,"3,781",4
raquelly_,"3,781",9
iamSometimes,"3,774",343
SoyFelipez360,"3,761",32
TANZVERBOT,"3,760",169
RevolAimar,"3,751",197
ClubHouse_Global,"3,709",565
Vakin,"3,700",10
Heitir,"3,697",282
Bren_TM2,"3,672",53
twitchrivals_pt,"3,666",74
crazzyccat,"3,652",15
hatsalsal,"3,617",15
Helrig,"3,616",190
Delux,"3,610",155
NolleyRCC,"3,603",32
Javaaaa,"3,602",107
MMG69,"3,595",323
msdossary7,"3,567",312
P4wnyhof,"3,563",164
MandyLia,"3,554",81
FortyOne,"3,548",11
TurboTax,"3,507",176
Xyclopz,"3,504",13
LPGjustJohnny,"3,500",169
playhearthstonekr,"3,481",230
AbdulHD,"3,468",130
CompletedItMate,"3,453",546
omitojohnny,"3,452",11
Zfg1,"3,444",274
Cau7ioN,"3,441",9
GMBenjaminBok,"3,440",107
Ottomated,"3,436",29
JERICHO,"3,429",115
MSStudio,"3,429",13
batora324,"3,425",264
B1ackSai1s,"3,425",371
yeTz,"3,424",1
rubberdeokies,"3,420",651
KAYN,"3,414",0
Gnu_Live,"3,409",244
pparkshy,"3,408",50
zoe_0601,"3,405",218
raytopsport43,"3,386",679
sakuramiko_hololive,"3,383",403
brokybrawkstv,"3,374",53
maioneseeff,"3,368",1
yoojin,"3,366",29
pimpimenta,"3,358",1
Mynthos,"3,349",53
SodaKite,"3,339",11
England,"3,334",202
Nephtunie,"3,330",32
Gentrifyinq,"3,321",9
HermanLi,"3,321",583
littleragergirl,"3,306",32
latelierderoxane,"3,279",676
IlyasYalcintas,"3,278",158
Yuggie_TV,"3,274",11
Zentreya,"3,274",30
fnxLNTC,"3,268",1
kanetv8,"3,264",229
kehmicais,"3,263",9
ElOjoNinja,"3,248",49
z60411,"3,241",132
preslyy,"3,223",9
CaittiacLive,"3,221",4
Gnaske_Lone,"3,214",9
THERUSSIANBADGER,"3,202",696
blake,"3,185",0
actingliketommy,"3,181",97
Lacari,"3,174",12
AllanahVAFitzy,"3,174",4
minimichegga,"3,173",247
SammyGreen,"3,166",4
GabrielAttal,"3,163",59
rlgus1006,"3,135",51
Olsior,"3,134",24
nubulswamp,"3,134",15
BatalhaDaAldeia,"3,107",67
foreverxcvi,"3,093",9
Shibuya_Kaho,"3,069",357
Cherrygumms,"3,061",75
UnRooolie,"3,055",11
robert87000,"3,050",58
Ranger,"3,028",46
DRAK0OLA,"3,028",137
Efesto96,"3,016",155
TGLTN,"2,992",238
matthewkheafy,"2,987",515
LiilQueen,"2,976",352
linfufu,"2,957",133
JoblessGarrett,"2,949",11
beryl_lulu,"2,937",134
Hedisaurus,"2,914",11
Froggen,"2,913",173
Artosis,"2,906",147
DannyGoonzalez,"2,899",294
TheZeroOfTime,"2,895",169
bigballerclaire,"2,873",305
rulrudino,"2,872",316
BraindeadBernie,"2,871",0
Lightsfire,"2,869",0
cNed,"2,849",143
Anthony_Kongphan,"2,847",146
sabz_bear,"2,845",9
Garek,"2,840",11
claraatwork,"2,839",9
Smil0ve,"2,829",1
Mrhappy1227,"2,827",464
Gumayusi,"2,820",177
RubberNinja,"2,815",431
CripsyTV,"2,796",138
kumikomii,"2,794",193
yulla,"2,789",71
robcdee,"2,782",123
chapotraphouse,"2,782",295
mxnxhxo,"2,781",407
Thekine,"2,762",9
DisbeArex,"2,756",112
MahyarS,"2,753",262
yulihong22,"2,737",219
jake_ow,"2,732",268
BeBePtv,"2,731",20
iNoiizY,"2,729",169
callesports,"2,724",76
Chelxie,"2,721",53
Tactical,"2,712",171
c9judite,"2,706",84
BeatportOfficial,"2,687",388
xandfps,"2,680",69
ayellol,"2,672",1
rainblue37,"2,672",344
JesseCox,"2,662",41
diegosalvadori,"2,662",1
WowChakra,"2,650",303
LLStylish,"2,649",170
Apryze,"2,637",9
MaTaFe_,"2,636",254
ArturuziTV,"2,624",1
DexwearHD,"2,619",169
Merk,"2,605",167
akaScoots,"2,604",107
AaronOnAir,"2,588",11
fobm4ster,"2,588",29
AvaGG,"2,577",128
volx,"2,555",100
mang0,"2,546",236
Robbaz,"2,544",148
KheZu,"2,542",14
hakisxd,"2,539",9
SamSaberi,"2,528",48
Mobuckets,"2,525",240
elirymagee,"2,525",361
ZealsAmbitions,"2,523",306
GirlGamerChas,"2,496",0
Wardiii,"2,488",258
Trick2g,"2,479",174
PrimeCayes,"2,472",121
xLegendaryDollx,"2,469",9
biroPJL,"2,447",73
gurkalicious,"2,437",11
Mahluna,"2,436",152
drututt,"2,430",178
faxuty,"2,416",98
KamoLRF,"2,411",93
Shrimp_,"2,398",11
NickDaBooM,"2,375",185
BrOwnii3z,"2,374",359
Fultz,"2,373",259
BayouMonsta,"2,371",11
iABS,"2,369",140
DJFranzen,"2,362",704
Xixo,"2,359",61
vaxei_osu,"2,353",338
XaKoH,"2,350",21
gamexpoficial,"2,340",83
KikoRivera,"2,332",356
DemoneKim,"2,326",307
Genburten,"2,323",253
Pimentinharp,"2,311",220
VioletaG,"2,307",198
SoyPan,"2,298",318
beyou0728,"2,296",17
flowergam0326,"2,261",206
Meikodboy_,"2,246",2
moth_ow,"2,239",267
Tourva,"2,238",669
ANIMEILLUMINATI,"2,230",43
JustJamieHDG,"2,223",11
Xaryu,"2,217",65
diegoplay10s,"2,206",419
Lineage2Russia,"2,199",687
DoktorHuse,"2,176",169
limipiano,"2,164",216
qSnake,"2,162",283
fourcolorzack,"2,158",376
3MGLIVE,"2,150",85
ImMadness,"2,143",255
PIPE_CREW,"2,141",251
Ekuegan,"2,127",269
e_saem,"2,122",207
k4yfour,"2,121",330
noizemasta,"2,120",224
bebe872,"2,120",324
SenseiCJ,"2,117",399
EbonixSims,"2,110",487
Micode,"2,105",280
PUBGEsportsMap,"2,102",337
heyimbee,"2,089",339
A1taOda,"2,077",23
TEBtvDOTA,"2,068",211
trihex,"2,066",120
Grizzy,"2,052",660
dogswellfish,"2,051",19
BunkerNerd,"2,045",82
crrr,"2,045",95
TheHiryu,"2,035",241
real_MAESTRO,"2,032",205
AlessiaSanteramo,"2,030",277
TheDeluxe4,"2,027",331
KarimCheese,"2,023",378
akim,"2,018",287
iCrimax,"2,016",248
snlive1,"2,016",365
Nidas,"2,010",116
nicklink,"1,995",96
OuterHeaven,"1,994",637
reggiewebberr,"1,986",7
JadeyAnh,"1,967",273
ChrisslyBaer,"1,966",373
ImRhinne,"1,965",66
CRIOLO,"1,965",78
eduardo_hook,"1,959",35
rociodta,"1,956",289
thaylhama,"1,952",300
apestylespoker,"1,945",358
t1esports,"1,940",299
abokyan,"1,928",454
thaqil,"1,919",271
Ceice,"1,914",90
AyluLo,"1,911",187
Rolienn,"1,902",411
GeneralSniperNA,"1,897",179
PWRDEsports2,"1,891",210
ma_mwa,"1,880",226
kingseola,"1,877",18
syaruru3,"1,873",265
nugiyen,"1,872",91
LAGTVMaximusBlack,"1,841",118
SonicFox,"1,839",40
Educated_Collins,"1,837",314
4LaNlol,"1,836",80
hamzahthefantastic,"1,830",304
brianteradababy,"1,829",6
capcomfighters_jp,"1,818",212
Van_Hinten88,"1,817",203
nnkknn1234,"1,815",502
BossioYT,"1,809",249
martuboden,"1,800",186
TSM_ZexRow,"1,797",184
Kiaraakitty,"1,797",479
PUBG_BR,"1,796",72
SuperEvan,"1,776",163
squareenix,"1,774",614
TonyKanaan,"1,770",77
beznickos,"1,740",310
DarkozTV,"1,733",188
Forweark,"1,710",87
ggbb528,"1,702",215
amieloo,"1,701",141
ArtemizPlayz,"1,699",379
TBJZL,"1,693",257
aldo_geo,"1,670",288
sokacito,"1,655",296
Dragneel_FH,"1,628",22
gulbolibre,"1,625",640
SubParButInHD,"1,621",284
BOBLEGOB,"1,617",471
Road2GM3000,"1,610",278
Dissrust,"1,594",270
tabseN_cs,"1,590",252
NBL,"1,585",390
santumaratea,"1,575",537
INFINITE_SGE,"1,558",38
xMellowbagx,"1,551",333
bekzzo,"1,550",297
team_spiritzero,"1,542",420
ElMariana,"1,536",319
pkhdx,"1,520",532
VelhoVamp1,"1,504",70
Blazt,"1,493",165
OfficialTaco,"1,492",150
komanche,"1,482",290
Winamax,"1,471",573
chess24GM,"1,458",334
cented,"1,451",182
chess24de,"1,436",560
geo8721,"1,424",580
AlcastHQ,"1,419",536
yamatonjp,"1,391",266
KingJae,"1,368",34
SoundCloud,"1,357",380
p90princess,"1,337",162
OwlFN,"1,335",183
loud_kroonos,"1,334",260
defectedrecords,"1,331",386
HGmony,"1,313",325
CollegeCoD,"1,297",350
AssistMeDoom,"1,296",36
sChruppi,"1,295",243
djvice,"1,295",714
Dezignful,"1,283",256
ovotz,"1,276",3
havoc616,"1,274",92
Adekvat,"1,255",354
JeffHoogland,"1,255",415
fgg_lllll,"1,255",417
JavierMtz,"1,241",286
iro43oeifnbjg,"1,237",561
OfficialMikeShinoda,"1,234",576
meyersleonard,"1,226",329
Quantum,"1,197",631
BlaqMario,"1,188",569
metaview,"1,182",301
Heav3nParty,"1,164",638
koshkamoroshka,"1,156",568
Cupahnoodle,"1,154",617
GreenishMonkey,"1,140",149
sweethomealligatoah,"1,140",699
sksfps1,"1,129",79
RaulZitoYT,"1,125",447
PimentaRosa,"1,109",533
Esen_Kun,"1,103",317
Complex,"1,101",623
mimiluckying,"1,091",345
djsianofficial,"1,078",616
Lutti,"1,076",597
FMStreamerShowdown,"1,074",683
Xhiet0,"1,072",395
browniesandlemonade,"1,063",600
ScuolaZoo,"1,046",649
Morf_,"1,035",416
Edberg,"1,035",619
OMofficial,"1,032",552
ImWaspy,"1,027",328
freyzplayz,"1,017",410
CRIIIZUX,"1,014",348
ItsHighsky,"1,006",181
Zwave69,"1,000",279
Krissi,988,595
zoochamp,980,681
moveforwardmusic,969,557
IainStirling,968,446
clarityG,961,326
sennyk4,960,122
Zombaekillz,956,412
travisgafford,950,526
noctAQ,931,475
sxlted,930,237
UhMaayyze,921,442
Mellooow_,918,628
tarczynski_studio_live,915,355
denizonlive,914,430
Bladecito,893,543
JogueComoUmOgro,884,364
ChessKid,868,327
TeamBeyondnet,862,285
craftlyartesania,861,276
FIFAeWorldCup,848,535
DeejayKnight,845,697
Abracadabra,839,374
AIMLUL,798,418
KoolySmiley,785,469
Tragix7,766,347
smwnsongs,742,693
IntelligameUs,727,627
cxmmunityco,723,603
PikaChulita,705,656
MutheadTV,701,443
baauer,701,665
Corvua,667,591
Scarzig,663,439
comando,662,160
erickthearchitect,661,363
MagnumofSpades,659,385
ChessDojoLive,658,554
duffyfps,651,68
GMAshley,649,335
dj_t30f3t4,644,645
djzegon,639,370
PleasantlyTwstd,636,675
superleague,631,630
MySportsCH,628,702
academywebinars,620,601
SPACEYACHT,606,452
xaniya,596,426
AlexisAyeee,592,602
Asuzara,589,574
PulseEffects,586,586
CovertGG,585,372
LittleLegsTV,582,476
theplanpat,578,692
RELYK,571,605
sotrackboa,560,362
StatmanDave,556,367
brittleknee,549,634
pablolunamorilla,546,659
ASOT,544,377
jimmyconrad,544,384
borja_zazo,540,499
frenchoriginalofficial,536,678
CounterLogicGaming,534,646
rsg_sync,528,707
BREEZE_FPS,524,709
GMNeiksans,509,368
chessqueen,507,472
evanf1997,505,695
TROPKILLAZ,503,397
AngelikaChessborn,498,482
MsPinky313,497,688
ivanontech,493,655
JustinMartinMusic,490,556
GohaMedia,483,483
BlackStreamLive,481,563
CriticalBard,477,585
pigzadaxd,475,648
Peju1202,473,450
redzerhd44,473,588
Paccman630,465,393
twoxonex,465,611
Lifeofrio,438,566
Gorillaphent,431,590
Coreano0Tv,429,555
TWDUniverse,428,387
DrewGulak,423,480
Valkia,421,449
TKbreezy,418,694
AboAbdullah,402,624
Jennasaisquoi,400,405
HeyAfroTV,396,540
Techniq,396,689
Hugaoo,391,622
Teteia,386,400
elsewhere,385,512
Malevolgi4,385,613
iJorgeGallardo,381,402
CyborgAngel,379,701
mssociety,354,492
queensgg,345,615
verizon,344,465
Serato,344,474
KittenCatNoodle,339,473
JulinhoRockman,337,434
ThisIsBadger,311,518
noondbossh,305,488
CircuitoTormenta,305,541
Hugolink,304,423
Igromania,299,457
MIROtwch,299,521
MissJuneDJ,287,531
TomahawkTV,286,440
1988Drakel,285,427
TGC_EN,283,550
OKAYDRIAN,283,606
NBA_TopShot,278,408
burberry,276,436
EatItPal_,272,396
BrownGirlGamerCode,271,477
HashtagChess,269,672
Nephraw,269,686
NanaK,268,527
InvictaGG,265,511
clintonsparks,264,428
javiigalaxian7,264,711
SamCopeland,260,621
RebolaGamer,259,523
devcom_conf,258,448
comojogar1,257,684
PhotoChess,254,366
nifrido,254,404
redzerhd45,254,599
UniligaGG,253,544
SpawnOnMe,252,538
laribasgal,248,392
codergirlchan,247,421
JoeBruin,245,425
Valve,245,584
kett,244,391
GeniusMusic,234,542
bradyzlol,229,534
Onty,228,406
Sarpin_,227,459
mhk32235d,221,650
weareFAED,216,653
CodigoFalado,215,609
lariNSana,213,708
fionchetta,212,703
JasonCharlesMiller,209,539
GeneralAndrews,207,654
FOMYNHA,205,522
Naycir,204,598
jonny,204,647
Jogabilidade,203,657
MaxTheCatfish,200,626
Kxngviii,198,505
ChessHeroes,194,389
HeavyMetalMachines,192,593
AnaXisde,191,705
elon_musk7254,189,661
britishesports,189,670
Orb,180,424
RockyMountainPro,179,463
CarolDittrich,178,441
Oliveira,176,435
elon_musk1817,176,567
Ky1eDriver,171,470
redzerhd50,170,490
gigmit,170,612
OPSEsports,166,433
elon_musk1572,165,582
victormame,165,608
JosiGamerOficial,161,594
AmazonMusicUK,161,620
aranhawaii,160,581
EFFYLives,159,501
SoccerCooligans,156,383
kenin,150,394
HyperRPG,150,579
FredMascarenhas,146,498
BielBattleground,144,451
sindicsgo,144,529
MissDoitBIG,143,486
elon_musk0041,142,559
DhinoFF,141,422
GODAO,139,409
sicko1,138,489
letschesslive,136,375
samar11458,134,455
Bandsintown,134,710
SaucyMailman,132,524
FCBarcelona,131,528
BiaSoTF,130,700
elon_musk5706,129,401
elon_musk8463,123,558
EGORCH1K,122,636
GatoLuxo93,121,398
elon_musk0599,116,604
3sTeeFX,113,432
peachesChill,112,514
cbssportshq,108,547
elon_musk0053,108,549
elon_musk9842,105,618
ziizoa,101,571
elon_musk2522,101,633
timesport000,101,713
za3apz,97,453
tioramon,96,445
elon_musk1298,96,491
EuRossi,95,413
JapaneseTutor,95,462
asmhan20201,95,607
ChessCoachNET,95,642
PocketGamerLive,94,513
elon_musk1662,93,682
PushPlayTheDJ,92,458
elon_musk3044,91,548
elon_musk8097,88,414
AmazonMusic,88,485
koratv23,88,680
OuestFrance,87,494
elon_musk3855,87,667
elon_musk7770,86,641
elon_musk3167,85,589
elon_musk7721,83,510
elonmusk2812,83,578
elon_musk9672,83,712
zdarovabili,82,484
elon_musk6771,81,497
elon_musk1311,81,643
dfghfnhfghdfg,74,478
sonnzera,74,495
ChocolateKieran,71,517
ghjk35h34,68,553
rahmah22,68,639
elon_musk7550,67,674
hj343f,66,507
foxsaadoun2,62,652
yugybunyg,60,658
strye56y43,59,481
fourplayerchess,58,444
sertw45u24,58,516
adsdaius,58,562
TwitchSports,57,530
chessnerdbird,56,551
uiupp,56,570
polomarko269,51,438
scugg3324,50,587
1walktmp,50,644
servtw3,49,504
wazzuupphoumie,49,508
ramy4458974,48,662
nad88862,47,668
asgooooo2020,45,610
animatedm23546475,40,520
DoorDash,38,525
koratv7,37,493
fyukm56,34,706
gery55yy0200,32,663
dniceforever,31,673
h24hsdf,28,519
jojeno4867,25,503
drtghbdeh,24,506
ghjn56u,24,572
drtbyi6767,24,575
IssaMeek,24,690
Vans,23,509
nadehhh62,21,577
ddbrandonn,18,468
hjkd888,14,456
mondntv,14,632
ZEROE_Twitch,11,500
ftyimmo,11,592
awgerr2,10,664
yjk355y3,8,629
direxgang,6,466
ThaTranscender,6,545
noonxbosss,3,677